time=2025-07-08T17:34:37.336+03:00 level=ERROR msg="Cannot reach db: pq: password authentication failed for user \"ui/html\""
time=2025-07-08T17:34:37.336+03:00 level=INFO msg="Initializing SMS service" base_url="" username=""
time=2025-07-08T17:34:37.337+03:00 level=INFO msg="starting server..."
time=2025-07-08T17:39:45.402+03:00 level=ERROR msg="Cannot reach db: pq: password authentication failed for user \"ui/html\""
time=2025-07-08T17:39:45.402+03:00 level=INFO msg="Initializing SMS service" base_url="" username=""
time=2025-07-08T17:39:45.403+03:00 level=INFO msg="starting server..."
time=2025-07-08T17:40:24.102+03:00 level=ERROR msg="Cannot reach db: pq: password authentication failed for user \"ui/html\""
time=2025-07-08T17:40:24.102+03:00 level=INFO msg="Initializing SMS service" base_url="" username=""
time=2025-07-08T17:40:24.103+03:00 level=INFO msg="starting server..."
time=2025-07-08T18:09:54.518+03:00 level=INFO msg="Connecting to database" host=localhost user=ui/html database=ui/static
time=2025-07-08T18:09:54.582+03:00 level=ERROR msg="Failed to ping database" error="pq: password authentication failed for user \"ui/html\""
time=2025-07-08T18:30:55.887+03:00 level=INFO msg="Connecting to database" host=localhost user=postgres database=ios
time=2025-07-08T18:30:55.952+03:00 level=INFO msg="Successfully connected to database"
time=2025-07-08T18:30:55.952+03:00 level=INFO msg="Initializing SMS service" base_url=https://dispatcher2-mtracpro.health.go.ug username=case_management
time=2025-07-08T18:30:55.953+03:00 level=INFO msg="starting server..."
time=2025-07-08T18:33:32.506+03:00 level=INFO msg="Connecting to database" host=localhost user=postgres database=ios
time=2025-07-08T18:33:32.552+03:00 level=INFO msg="Successfully connected to database"
time=2025-07-08T18:33:32.552+03:00 level=INFO msg="Initializing SMS service" base_url=https://dispatcher2-mtracpro.health.go.ug username=case_management
time=2025-07-08T18:33:32.553+03:00 level=INFO msg="starting server..."
time=2025-07-09T00:58:39.484+03:00 level=INFO msg="Connecting to database" host=localhost user=postgres database=ios
time=2025-07-09T00:58:39.545+03:00 level=INFO msg="Successfully connected to database"
time=2025-07-09T00:58:39.545+03:00 level=INFO msg="Initializing SMS service" base_url=https://dispatcher2-mtracpro.health.go.ug username=case_management
time=2025-07-09T00:58:39.546+03:00 level=INFO msg="starting server..."
time=2025-07-09T01:08:30.976+03:00 level=INFO msg="Connecting to database" host=localhost user=postgres database=ios
time=2025-07-09T01:08:31.022+03:00 level=INFO msg="Successfully connected to database"
time=2025-07-09T01:08:31.022+03:00 level=INFO msg="Initializing SMS service" base_url=https://dispatcher2-mtracpro.health.go.ug username=case_management
time=2025-07-09T01:08:31.022+03:00 level=INFO msg="starting server..."
time=2025-07-09T01:16:41.330+03:00 level=INFO msg="Connecting to database" host=localhost user=postgres database=ios
time=2025-07-09T01:16:41.377+03:00 level=INFO msg="Successfully connected to database"
time=2025-07-09T01:16:41.377+03:00 level=INFO msg="Initializing SMS service" base_url=https://dispatcher2-mtracpro.health.go.ug username=case_management
time=2025-07-09T01:16:41.377+03:00 level=INFO msg="starting server..."
time=2025-07-09T01:17:04.345+03:00 level=INFO msg="Connecting to database" host=localhost user=postgres database=ios
time=2025-07-09T01:17:04.399+03:00 level=INFO msg="Successfully connected to database"
time=2025-07-09T01:17:04.399+03:00 level=INFO msg="Initializing SMS service" base_url=https://dispatcher2-mtracpro.health.go.ug username=case_management
time=2025-07-09T01:17:04.399+03:00 level=INFO msg="starting server..."
time=2025-07-09T01:18:33.828+03:00 level=INFO msg="Connecting to database" host=localhost user=postgres database=ios
time=2025-07-09T01:18:33.866+03:00 level=INFO msg="Successfully connected to database"
time=2025-07-09T01:18:33.866+03:00 level=INFO msg="Initializing SMS service" base_url=https://dispatcher2-mtracpro.health.go.ug username=case_management
time=2025-07-09T01:18:33.867+03:00 level=INFO msg="starting server..."
time=2025-07-09T01:45:30.818+03:00 level=INFO msg="Connecting to database" host=localhost user=postgres database=ios
time=2025-07-09T01:45:30.877+03:00 level=INFO msg="Successfully connected to database"
time=2025-07-09T01:45:30.877+03:00 level=INFO msg="Initializing SMS service" base_url=https://dispatcher2-mtracpro.health.go.ug username=case_management
time=2025-07-09T01:45:30.878+03:00 level=INFO msg="starting server..."
time=2025-07-09T01:45:44.501+03:00 level=INFO msg="User not found or not an int"
time=2025-07-09T01:45:44.501+03:00 level=INFO msg="Role assigned to user" admin_user_id=0 user_id=1 role_id=2
time=2025-07-09T01:58:42.305+03:00 level=INFO msg="Connecting to database" host=localhost user=postgres database=ios
time=2025-07-09T01:58:42.367+03:00 level=INFO msg="Successfully connected to database"
time=2025-07-09T01:58:42.367+03:00 level=INFO msg="Initializing SMS service" base_url=https://dispatcher2-mtracpro.health.go.ug username=case_management
time=2025-07-09T01:58:42.367+03:00 level=INFO msg="starting server..."
time=2025-07-09T02:06:54.762+03:00 level=INFO msg="Connecting to database" host=localhost user=postgres database=ios
time=2025-07-09T02:06:54.815+03:00 level=INFO msg="Successfully connected to database"
time=2025-07-09T02:06:54.815+03:00 level=INFO msg="Initializing SMS service" base_url=https://dispatcher2-mtracpro.health.go.ug username=case_management
time=2025-07-09T02:06:54.816+03:00 level=INFO msg="starting server..."
time=2025-07-09T07:59:16.702+03:00 level=INFO msg="Connecting to database" host=localhost user=postgres database=ios
time=2025-07-09T07:59:16.749+03:00 level=INFO msg="Successfully connected to database"
time=2025-07-09T07:59:16.749+03:00 level=INFO msg="Initializing SMS service" base_url=https://dispatcher2-mtracpro.health.go.ug username=case_management
time=2025-07-09T07:59:16.751+03:00 level=INFO msg="starting server..."
time=2025-07-09T07:59:16.752+03:00 level=ERROR msg="Server error" error="failed to listen: listen tcp4 :3000: bind: Only one usage of each socket address (protocol/network address/port) is normally permitted."
time=2025-07-09T08:04:50.439+03:00 level=INFO msg="Connecting to database" host=localhost user=postgres database=ios
time=2025-07-09T08:04:50.477+03:00 level=INFO msg="Successfully connected to database"
time=2025-07-09T08:04:50.477+03:00 level=INFO msg="Initializing SMS service" base_url=https://dispatcher2-mtracpro.health.go.ug username=case_management
time=2025-07-09T08:04:50.477+03:00 level=INFO msg="starting server..."
time=2025-07-09T08:04:50.980+03:00 level=INFO msg="Using template directory: C:\\Users\\pwaiswa\\go\\pkg\\mod\\github.com\\ios\\ui\\html"
time=2025-07-09T08:04:50.980+03:00 level=INFO msg="Loading template file: C:\\Users\\pwaiswa\\go\\pkg\\mod\\github.com\\ios\\ui\\html\\login.html"
time=2025-07-09T08:05:06.228+03:00 level=INFO msg="Using template directory: C:\\Users\\pwaiswa\\go\\pkg\\mod\\github.com\\ios\\ui\\html"
time=2025-07-09T08:05:06.228+03:00 level=INFO msg="Loading template file: C:\\Users\\pwaiswa\\go\\pkg\\mod\\github.com\\ios\\ui\\html\\login.html"
time=2025-07-09T11:14:39.150+03:00 level=INFO msg="Received shutdown signal"
time=2025-07-09T11:14:39.152+03:00 level=INFO msg="Shutting down server..."
time=2025-07-09T11:14:39.267+03:00 level=INFO msg="Database cleanup..."
time=2025-07-09T11:14:39.267+03:00 level=INFO msg="Database closed successfully"
time=2025-07-09T11:14:39.267+03:00 level=INFO msg="Server stopped"
time=2025-07-09T11:24:59.281+03:00 level=INFO msg="Connecting to database" host=localhost user=postgres database=ios
time=2025-07-09T11:24:59.313+03:00 level=INFO msg="Successfully connected to database"
time=2025-07-09T11:24:59.314+03:00 level=INFO msg="Initializing SMS service" base_url=https://dispatcher2-mtracpro.health.go.ug username=case_management
time=2025-07-09T11:24:59.316+03:00 level=INFO msg="starting server..."
time=2025-07-09T11:24:59.316+03:00 level=ERROR msg="Server error" error="failed to listen: listen tcp4 :3000: bind: Only one usage of each socket address (protocol/network address/port) is normally permitted."
time=2025-07-09T11:24:59.316+03:00 level=ERROR msg="Server encountered an error" error="failed to listen: listen tcp4 :3000: bind: Only one usage of each socket address (protocol/network address/port) is normally permitted."
time=2025-07-09T11:24:59.316+03:00 level=INFO msg="Shutting down server..."
time=2025-07-09T11:24:59.316+03:00 level=INFO msg="Database cleanup..."
time=2025-07-09T11:24:59.316+03:00 level=INFO msg="Database closed successfully"
time=2025-07-09T11:24:59.316+03:00 level=INFO msg="Server stopped"
time=2025-07-09T11:26:41.708+03:00 level=INFO msg="Connecting to database" host=localhost user=postgres database=ios
time=2025-07-09T11:26:41.741+03:00 level=INFO msg="Successfully connected to database"
time=2025-07-09T11:26:41.741+03:00 level=INFO msg="Initializing SMS service" base_url=https://dispatcher2-mtracpro.health.go.ug username=case_management
time=2025-07-09T11:26:41.741+03:00 level=INFO msg="starting server..."
time=2025-07-09T11:26:41.741+03:00 level=ERROR msg="Server error" error="failed to listen: listen tcp4 :3000: bind: Only one usage of each socket address (protocol/network address/port) is normally permitted."
time=2025-07-09T11:26:41.742+03:00 level=ERROR msg="Server encountered an error" error="failed to listen: listen tcp4 :3000: bind: Only one usage of each socket address (protocol/network address/port) is normally permitted."
time=2025-07-09T11:26:41.742+03:00 level=INFO msg="Shutting down server..."
time=2025-07-09T11:26:41.742+03:00 level=INFO msg="Database cleanup..."
time=2025-07-09T11:26:41.742+03:00 level=INFO msg="Database closed successfully"
time=2025-07-09T11:26:41.742+03:00 level=INFO msg="Server stopped"
time=2025-07-09T11:54:49.376+03:00 level=INFO msg="Connecting to database" host=localhost user=postgres database=ios
time=2025-07-09T11:54:49.414+03:00 level=INFO msg="Successfully connected to database"
time=2025-07-09T11:54:49.414+03:00 level=INFO msg="Initializing SMS service" base_url=https://dispatcher2-mtracpro.health.go.ug username=case_management
time=2025-07-09T11:54:49.415+03:00 level=INFO msg="starting server..."
time=2025-07-09T11:54:49.415+03:00 level=ERROR msg="Server error" error="failed to listen: listen tcp4 :3000: bind: Only one usage of each socket address (protocol/network address/port) is normally permitted."
time=2025-07-09T11:54:49.415+03:00 level=ERROR msg="Server encountered an error" error="failed to listen: listen tcp4 :3000: bind: Only one usage of each socket address (protocol/network address/port) is normally permitted."
time=2025-07-09T11:54:49.415+03:00 level=INFO msg="Shutting down server..."
time=2025-07-09T11:54:49.415+03:00 level=INFO msg="Database cleanup..."
time=2025-07-09T11:54:49.415+03:00 level=INFO msg="Database closed successfully"
time=2025-07-09T11:54:49.415+03:00 level=INFO msg="Server stopped"
time=2025-07-10T10:41:45.492+03:00 level=INFO msg="Connecting to database" host=localhost user=postgres database=ios
time=2025-07-10T10:41:45.541+03:00 level=INFO msg="Successfully connected to database"
time=2025-07-10T10:41:45.541+03:00 level=INFO msg="Initializing SMS service" base_url=https://dispatcher2-mtracpro.health.go.ug username=case_management
time=2025-07-10T10:41:45.541+03:00 level=INFO msg="starting server..."
time=2025-07-10T11:21:23.170+03:00 level=INFO msg="Connecting to database" host=localhost user=postgres database=ios
time=2025-07-10T11:21:23.333+03:00 level=INFO msg="Successfully connected to database"
time=2025-07-10T11:21:23.333+03:00 level=INFO msg="Initializing SMS service" base_url=https://dispatcher2-mtracpro.health.go.ug username=case_management
time=2025-07-10T11:21:23.334+03:00 level=INFO msg="starting server..."
time=2025-07-10T11:23:51.726+03:00 level=INFO msg="Connecting to database" host=localhost user=postgres database=ios
time=2025-07-10T11:23:51.926+03:00 level=INFO msg="Successfully connected to database"
time=2025-07-10T11:23:51.926+03:00 level=INFO msg="Initializing SMS service" base_url=https://dispatcher2-mtracpro.health.go.ug username=case_management
time=2025-07-10T11:23:51.926+03:00 level=INFO msg="starting server..."
time=2025-07-10T15:09:04.991+03:00 level=INFO msg="Connecting to database" host=localhost user=postgres database=ios
time=2025-07-10T15:09:05.027+03:00 level=INFO msg="Successfully connected to database"
time=2025-07-10T15:09:05.028+03:00 level=INFO msg="Initializing SMS service" base_url=https://dispatcher2-mtracpro.health.go.ug username=case_management
time=2025-07-10T15:09:05.028+03:00 level=INFO msg="starting server..."
time=2025-07-10T15:12:33.149+03:00 level=INFO msg="Connecting to database" host=localhost user=postgres database=ios
time=2025-07-10T15:12:33.196+03:00 level=INFO msg="Successfully connected to database"
time=2025-07-10T15:12:33.197+03:00 level=INFO msg="Initializing SMS service" base_url=https://dispatcher2-mtracpro.health.go.ug username=case_management
time=2025-07-10T15:12:33.198+03:00 level=INFO msg="starting server..."
time=2025-07-10T15:15:47.229+03:00 level=INFO msg="Connecting to database" host=localhost user=postgres database=ios
time=2025-07-10T15:15:47.269+03:00 level=INFO msg="Successfully connected to database"
time=2025-07-10T15:15:47.269+03:00 level=INFO msg="Initializing SMS service" base_url=https://dispatcher2-mtracpro.health.go.ug username=case_management
time=2025-07-10T15:15:47.270+03:00 level=INFO msg="starting server..."
time=2025-07-10T15:23:24.920+03:00 level=INFO msg="Connecting to database" host=localhost user=postgres database=ios
time=2025-07-10T15:23:25.001+03:00 level=INFO msg="Successfully connected to database"
time=2025-07-10T15:23:25.001+03:00 level=INFO msg="Initializing SMS service" base_url=https://dispatcher2-mtracpro.health.go.ug username=case_management
time=2025-07-10T15:23:25.002+03:00 level=INFO msg="starting server..."
time=2025-07-10T15:32:16.863+03:00 level=INFO msg="Connecting to database" host=localhost user=postgres database=ios
time=2025-07-10T15:32:16.901+03:00 level=INFO msg="Successfully connected to database"
time=2025-07-10T15:32:16.901+03:00 level=INFO msg="Initializing SMS service" base_url=https://dispatcher2-mtracpro.health.go.ug username=case_management
time=2025-07-10T15:32:16.902+03:00 level=INFO msg="starting server..."
time=2025-07-10T15:38:00.378+03:00 level=INFO msg="Connecting to database" host=localhost user=postgres database=ios
time=2025-07-10T15:38:00.413+03:00 level=INFO msg="Successfully connected to database"
time=2025-07-10T15:38:00.413+03:00 level=INFO msg="Initializing SMS service" base_url=https://dispatcher2-mtracpro.health.go.ug username=case_management
time=2025-07-10T15:38:00.414+03:00 level=INFO msg="starting server..."
time=2025-07-10T16:02:57.267+03:00 level=INFO msg="Connecting to database" host=localhost user=postgres database=ios
time=2025-07-10T16:02:57.319+03:00 level=INFO msg="Successfully connected to database"
time=2025-07-10T16:02:57.319+03:00 level=INFO msg="Initializing SMS service" base_url=https://dispatcher2-mtracpro.health.go.ug username=case_management
time=2025-07-10T16:02:57.320+03:00 level=INFO msg="starting server..."
time=2025-07-10T17:14:29.292+03:00 level=INFO msg="Initializing SMS service" base_url=https://dispatcher2-mtracpro.health.go.ug username=case_management
time=2025-07-10T17:14:29.295+03:00 level=INFO msg="starting server..."
time=2025-07-10T17:16:32.648+03:00 level=INFO msg="Initializing SMS service" base_url=https://dispatcher2-mtracpro.health.go.ug username=case_management
time=2025-07-10T17:16:32.650+03:00 level=INFO msg="starting server..."
time=2025-07-11T01:32:35.785+03:00 level=INFO msg="Initializing SMS service" base_url=https://dispatcher2-mtracpro.health.go.ug username=case_management
time=2025-07-11T01:32:35.785+03:00 level=INFO msg="starting server..."
time=2025-07-20T19:37:57.467+03:00 level=INFO msg="Connecting to database" host=localhost user=postgres database=ios
time=2025-07-20T19:37:57.610+03:00 level=INFO msg="Successfully connected to database"
time=2025-07-20T19:37:57.610+03:00 level=INFO msg="Initializing SMS service" base_url=https://dispatcher2-mtracpro.health.go.ug username=case_management
time=2025-07-20T19:37:57.612+03:00 level=INFO msg="starting server..."
time=2025-07-20T19:46:01.741+03:00 level=INFO msg="Connecting to database" host=localhost user=postgres database=ios
time=2025-07-20T19:46:01.860+03:00 level=INFO msg="Successfully connected to database"
time=2025-07-20T19:46:01.860+03:00 level=INFO msg="Initializing SMS service" base_url=https://dispatcher2-mtracpro.health.go.ug username=case_management
time=2025-07-20T19:46:01.907+03:00 level=INFO msg="starting server..."
time=2025-07-20T19:49:13.707+03:00 level=INFO msg="Connecting to database" host=localhost user=postgres database=ios
time=2025-07-20T19:49:13.742+03:00 level=INFO msg="Successfully connected to database"
time=2025-07-20T19:49:13.742+03:00 level=INFO msg="Initializing SMS service" base_url=https://dispatcher2-mtracpro.health.go.ug username=case_management
time=2025-07-20T19:49:13.743+03:00 level=INFO msg="starting server..."
time=2025-07-20T19:56:25.509+03:00 level=INFO msg="Connecting to database" host=localhost user=postgres database=ios
time=2025-07-20T19:56:25.639+03:00 level=INFO msg="Successfully connected to database"
time=2025-07-20T19:56:25.639+03:00 level=INFO msg="Initializing SMS service" base_url=https://dispatcher2-mtracpro.health.go.ug username=case_management
time=2025-07-20T19:56:25.640+03:00 level=INFO msg="starting server..."
time=2025-07-20T19:57:38.157+03:00 level=INFO msg="Connecting to database" host=localhost user=postgres database=ios
time=2025-07-20T19:57:38.345+03:00 level=INFO msg="Successfully connected to database"
time=2025-07-20T19:57:38.346+03:00 level=INFO msg="Initializing SMS service" base_url=https://dispatcher2-mtracpro.health.go.ug username=case_management
time=2025-07-20T19:57:38.348+03:00 level=INFO msg="starting server..."
time=2025-07-20T20:04:03.362+03:00 level=INFO msg="Connecting to database" host=localhost user=postgres database=ios
time=2025-07-20T20:04:03.401+03:00 level=INFO msg="Successfully connected to database"
time=2025-07-20T20:04:03.401+03:00 level=INFO msg="Initializing SMS service" base_url=https://dispatcher2-mtracpro.health.go.ug username=case_management
time=2025-07-20T20:04:03.403+03:00 level=INFO msg="starting server..."
time=2025-07-20T20:06:04.010+03:00 level=INFO msg="Connecting to database" host=localhost user=postgres database=ios
time=2025-07-20T20:06:04.052+03:00 level=INFO msg="Successfully connected to database"
time=2025-07-20T20:06:04.052+03:00 level=INFO msg="Initializing SMS service" base_url=https://dispatcher2-mtracpro.health.go.ug username=case_management
time=2025-07-20T20:06:04.055+03:00 level=INFO msg="starting server..."
time=2025-07-23T00:37:18.366+03:00 level=INFO msg="Connecting to database" host=localhost user=postgres database=ios
time=2025-07-23T00:37:18.472+03:00 level=INFO msg="Successfully connected to database"
time=2025-07-23T00:37:18.472+03:00 level=INFO msg="Initializing SMS service" base_url=https://dispatcher2-mtracpro.health.go.ug username=case_management
time=2025-07-23T00:37:18.475+03:00 level=INFO msg="starting server..."
time=2025-07-23T06:42:47.942+03:00 level=INFO msg="Connecting to database" host=localhost user=postgres database=ios
time=2025-07-23T06:42:48.004+03:00 level=INFO msg="Successfully connected to database"
time=2025-07-23T06:42:48.004+03:00 level=INFO msg="Initializing SMS service" base_url=https://dispatcher2-mtracpro.health.go.ug username=case_management
time=2025-07-23T06:42:48.004+03:00 level=INFO msg="starting server..."
time=2025-07-23T06:45:47.996+03:00 level=INFO msg="Connecting to database" host=localhost user=postgres database=ios
time=2025-07-23T06:45:48.085+03:00 level=INFO msg="Successfully connected to database"
time=2025-07-23T06:45:48.085+03:00 level=INFO msg="Initializing SMS service" base_url=https://dispatcher2-mtracpro.health.go.ug username=case_management
time=2025-07-23T06:45:48.085+03:00 level=INFO msg="starting server..."
time=2025-07-23T06:59:39.003+03:00 level=INFO msg="Connecting to database" host=localhost user=postgres database=ios
time=2025-07-23T06:59:39.083+03:00 level=INFO msg="Successfully connected to database"
time=2025-07-23T06:59:39.084+03:00 level=INFO msg="Initializing SMS service" base_url=https://dispatcher2-mtracpro.health.go.ug username=case_management
time=2025-07-23T06:59:39.086+03:00 level=INFO msg="starting server..."
time=2025-07-23T07:10:18.836+03:00 level=INFO msg="Connecting to database" host=localhost user=postgres database=ios
time=2025-07-23T07:10:18.873+03:00 level=INFO msg="Successfully connected to database"
time=2025-07-23T07:10:18.873+03:00 level=INFO msg="Initializing SMS service" base_url=https://dispatcher2-mtracpro.health.go.ug username=case_management
time=2025-07-23T07:10:18.874+03:00 level=INFO msg="starting server..."
time=2025-07-23T07:10:35.447+03:00 level=INFO msg="Connecting to database" host=localhost user=postgres database=ios
time=2025-07-23T07:10:35.496+03:00 level=INFO msg="Successfully connected to database"
time=2025-07-23T07:10:35.496+03:00 level=INFO msg="Initializing SMS service" base_url=https://dispatcher2-mtracpro.health.go.ug username=case_management
time=2025-07-23T07:10:35.497+03:00 level=INFO msg="starting server..."
time=2025-07-23T07:14:21.972+03:00 level=INFO msg="Connecting to database" host=localhost user=postgres database=ios
time=2025-07-23T07:14:22.011+03:00 level=INFO msg="Successfully connected to database"
time=2025-07-23T07:14:22.011+03:00 level=INFO msg="Initializing SMS service" base_url=https://dispatcher2-mtracpro.health.go.ug username=case_management
time=2025-07-23T07:14:22.012+03:00 level=INFO msg="starting server..."
time=2025-07-23T07:44:57.449+03:00 level=INFO msg="Connecting to database" host=localhost user=postgres database=ios
time=2025-07-23T07:44:57.486+03:00 level=INFO msg="Successfully connected to database"
time=2025-07-23T07:44:57.486+03:00 level=INFO msg="Initializing SMS service" base_url=https://dispatcher2-mtracpro.health.go.ug username=case_management
time=2025-07-23T07:44:57.487+03:00 level=INFO msg="starting server..."
time=2025-07-23T08:18:52.653+03:00 level=INFO msg="Connecting to database" host=localhost user=postgres database=ios
time=2025-07-23T08:18:52.692+03:00 level=INFO msg="Successfully connected to database"
time=2025-07-23T08:18:52.692+03:00 level=INFO msg="Initializing SMS service" base_url=https://dispatcher2-mtracpro.health.go.ug username=case_management
time=2025-07-23T08:18:52.693+03:00 level=INFO msg="starting server..."
time=2025-07-23T08:23:33.684+03:00 level=INFO msg="Connecting to database" host=localhost user=postgres database=ios
time=2025-07-23T08:23:33.720+03:00 level=INFO msg="Successfully connected to database"
time=2025-07-23T08:23:33.720+03:00 level=INFO msg="Initializing SMS service" base_url=https://dispatcher2-mtracpro.health.go.ug username=case_management
time=2025-07-23T08:23:33.720+03:00 level=INFO msg="starting server..."
time=2025-07-30T10:54:56.709+03:00 level=INFO msg="Redis is disabled, using in-memory session storage"
time=2025-07-30T10:54:56.711+03:00 level=INFO msg="Connecting to database" host=localhost user=postgres database=ios
time=2025-07-30T10:54:56.835+03:00 level=INFO msg="Successfully connected to database"
time=2025-07-30T10:54:56.835+03:00 level=INFO msg="Initializing SMS service" base_url=https://dispatcher2-mtracpro.health.go.ug username=case_management
time=2025-07-30T10:54:56.836+03:00 level=INFO msg="starting server..."
time=2025-07-30T17:52:09.302+03:00 level=INFO msg="Connecting to database" host=localhost user=postgres database=ios
time=2025-07-30T17:52:09.348+03:00 level=INFO msg="Successfully connected to database"
time=2025-07-30T17:52:09.348+03:00 level=INFO msg="Initializing SMS service" base_url=https://dispatcher2-mtracpro.health.go.ug username=case_management
time=2025-07-30T17:52:09.349+03:00 level=INFO msg="starting server..."
time=2025-07-30T17:52:44.840+03:00 level=INFO msg="Connecting to database" host=localhost user=postgres database=ios
time=2025-07-30T17:52:44.886+03:00 level=INFO msg="Successfully connected to database"
time=2025-07-30T17:52:44.886+03:00 level=INFO msg="Initializing SMS service" base_url=https://dispatcher2-mtracpro.health.go.ug username=case_management
time=2025-07-30T17:52:44.887+03:00 level=INFO msg="starting server..."
time=2025-07-30T18:06:56.043+03:00 level=INFO msg="Connecting to database" host=localhost user=postgres database=ios
time=2025-07-30T18:06:56.082+03:00 level=INFO msg="Successfully connected to database"
time=2025-07-30T18:06:56.082+03:00 level=INFO msg="Initializing SMS service" base_url=https://dispatcher2-mtracpro.health.go.ug username=case_management
time=2025-07-30T18:06:56.085+03:00 level=INFO msg="starting server..."
time=2025-07-30T18:23:22.999+03:00 level=INFO msg="Connecting to database" host=localhost user=postgres database=ios
time=2025-07-30T18:23:23.095+03:00 level=INFO msg="Successfully connected to database"
time=2025-07-30T18:23:23.095+03:00 level=INFO msg="Initializing SMS service" base_url=https://dispatcher2-mtracpro.health.go.ug username=case_management
time=2025-07-30T18:23:23.095+03:00 level=INFO msg="starting server..."
time=2025-07-30T18:30:35.445+03:00 level=INFO msg="Connecting to database" host=localhost user=postgres database=ios
time=2025-07-30T18:30:35.589+03:00 level=INFO msg="Successfully connected to database"
time=2025-07-30T18:30:35.589+03:00 level=INFO msg="Initializing SMS service" base_url=https://dispatcher2-mtracpro.health.go.ug username=case_management
time=2025-07-30T18:30:35.589+03:00 level=INFO msg="starting server..."
time=2025-07-30T18:30:47.072+03:00 level=INFO msg="DEBUG: Incoming request session cookie: e0f0498a-af7a-4c9c-ad7e-b868f36df7f5"
time=2025-07-30T18:30:47.073+03:00 level=INFO msg="DEBUG: Request path: /inventory"
time=2025-07-30T18:30:47.073+03:00 level=INFO msg="DEBUG: Session keys: []"
time=2025-07-30T18:30:47.073+03:00 level=INFO msg="DEBUG: Session isAuthenticated: <nil>"
time=2025-07-30T18:30:47.073+03:00 level=INFO msg="DEBUG: Session user: <nil>"
time=2025-07-30T18:30:47.073+03:00 level=INFO msg="DEBUG: Session user_id: <nil>"
time=2025-07-30T18:30:47.073+03:00 level=INFO msg="DEBUG: Session username: <nil>"
time=2025-07-30T18:30:56.465+03:00 level=INFO msg="DEBUG: Incoming request session cookie: "
time=2025-07-30T18:30:56.465+03:00 level=INFO msg="DEBUG: Request path: /inventory"
time=2025-07-30T18:30:56.465+03:00 level=INFO msg="DEBUG: Session keys: []"
time=2025-07-30T18:30:56.465+03:00 level=INFO msg="DEBUG: Session isAuthenticated: <nil>"
time=2025-07-30T18:30:56.465+03:00 level=INFO msg="DEBUG: Session user: <nil>"
time=2025-07-30T18:30:56.465+03:00 level=INFO msg="DEBUG: Session user_id: <nil>"
time=2025-07-30T18:30:56.466+03:00 level=INFO msg="DEBUG: Session username: <nil>"
time=2025-07-30T18:31:13.667+03:00 level=INFO msg="DEBUG: Incoming request session cookie: "
time=2025-07-30T18:31:13.667+03:00 level=INFO msg="DEBUG: Request path: /inventory"
time=2025-07-30T18:31:13.667+03:00 level=INFO msg="DEBUG: Session keys: []"
time=2025-07-30T18:31:13.667+03:00 level=INFO msg="DEBUG: Session isAuthenticated: <nil>"
time=2025-07-30T18:31:13.667+03:00 level=INFO msg="DEBUG: Session user: <nil>"
time=2025-07-30T18:31:13.667+03:00 level=INFO msg="DEBUG: Session user_id: <nil>"
time=2025-07-30T18:31:13.667+03:00 level=INFO msg="DEBUG: Session username: <nil>"
time=2025-07-30T18:31:25.863+03:00 level=INFO msg="Connecting to database" host=localhost user=postgres database=ios
time=2025-07-30T18:31:25.905+03:00 level=INFO msg="Successfully connected to database"
time=2025-07-30T18:31:25.905+03:00 level=INFO msg="Initializing SMS service" base_url=https://dispatcher2-mtracpro.health.go.ug username=case_management
time=2025-07-30T18:31:25.907+03:00 level=INFO msg="starting server..."
time=2025-07-30T18:31:33.702+03:00 level=INFO msg="DEBUG: Incoming request session cookie: "
time=2025-07-30T18:31:33.702+03:00 level=INFO msg="DEBUG: Request path: /inventory"
time=2025-07-30T18:31:33.702+03:00 level=INFO msg="DEBUG: Session keys: []"
time=2025-07-30T18:31:33.702+03:00 level=INFO msg="DEBUG: Session isAuthenticated: <nil>"
time=2025-07-30T18:31:33.702+03:00 level=INFO msg="DEBUG: Session user: <nil>"
time=2025-07-30T18:31:33.702+03:00 level=INFO msg="DEBUG: Session user_id: <nil>"
time=2025-07-30T18:31:33.702+03:00 level=INFO msg="DEBUG: Session username: <nil>"
time=2025-07-30T18:31:53.842+03:00 level=INFO msg="Connecting to database" host=localhost user=postgres database=ios
time=2025-07-30T18:31:53.988+03:00 level=INFO msg="Successfully connected to database"
time=2025-07-30T18:31:53.988+03:00 level=INFO msg="Initializing SMS service" base_url=https://dispatcher2-mtracpro.health.go.ug username=case_management
time=2025-07-30T18:31:53.989+03:00 level=INFO msg="starting server..."
time=2025-07-30T18:32:07.538+03:00 level=INFO msg="Connecting to database" host=localhost user=postgres database=ios
time=2025-07-30T18:32:07.588+03:00 level=INFO msg="Successfully connected to database"
time=2025-07-30T18:32:07.588+03:00 level=INFO msg="Initializing SMS service" base_url=https://dispatcher2-mtracpro.health.go.ug username=case_management
time=2025-07-30T18:32:07.589+03:00 level=INFO msg="starting server..."
time=2025-07-30T18:32:20.086+03:00 level=INFO msg="Connecting to database" host=localhost user=postgres database=ios
time=2025-07-30T18:32:20.136+03:00 level=INFO msg="Successfully connected to database"
time=2025-07-30T18:32:20.136+03:00 level=INFO msg="Initializing SMS service" base_url=https://dispatcher2-mtracpro.health.go.ug username=case_management
time=2025-07-30T18:32:20.137+03:00 level=INFO msg="starting server..."
time=2025-07-30T18:33:25.610+03:00 level=INFO msg="Connecting to database" host=localhost user=postgres database=ios
time=2025-07-30T18:33:25.683+03:00 level=INFO msg="Successfully connected to database"
time=2025-07-30T18:33:25.683+03:00 level=INFO msg="Initializing SMS service" base_url=https://dispatcher2-mtracpro.health.go.ug username=case_management
time=2025-07-30T18:33:25.686+03:00 level=INFO msg="starting server..."
time=2025-07-30T18:33:25.686+03:00 level=ERROR msg="Failed to start server" error="failed to listen: listen tcp4 :3000: bind: Only one usage of each socket address (protocol/network address/port) is normally permitted."
time=2025-07-30T18:40:56.008+03:00 level=INFO msg="Connecting to database" host=localhost user=postgres database=ios
time=2025-07-30T18:40:56.089+03:00 level=INFO msg="Successfully connected to database"
time=2025-07-30T18:40:56.089+03:00 level=INFO msg="Initializing SMS service" base_url=https://dispatcher2-mtracpro.health.go.ug username=case_management
time=2025-07-30T18:40:56.090+03:00 level=INFO msg="starting server..."
time=2025-07-30T18:41:02.685+03:00 level=INFO msg="DEBUG: Incoming request session cookie: "
time=2025-07-30T18:41:02.685+03:00 level=INFO msg="DEBUG: Request path: /inventory"
time=2025-07-30T18:41:02.686+03:00 level=INFO msg="DEBUG: Session keys: []"
time=2025-07-30T18:41:02.686+03:00 level=INFO msg="DEBUG: Session isAuthenticated: <nil>"
time=2025-07-30T18:41:02.686+03:00 level=INFO msg="DEBUG: Session user: <nil>"
time=2025-07-30T18:41:02.686+03:00 level=INFO msg="DEBUG: Session user_id: <nil>"
time=2025-07-30T18:41:02.686+03:00 level=INFO msg="DEBUG: Session username: <nil>"
time=2025-07-30T18:41:25.783+03:00 level=INFO msg="DEBUG: Incoming request session cookie: "
time=2025-07-30T18:41:25.783+03:00 level=INFO msg="DEBUG: Request path: /inventory"
time=2025-07-30T18:41:25.783+03:00 level=INFO msg="DEBUG: Session keys: []"
time=2025-07-30T18:41:25.783+03:00 level=INFO msg="DEBUG: Session isAuthenticated: <nil>"
time=2025-07-30T18:41:25.783+03:00 level=INFO msg="DEBUG: Session user: <nil>"
time=2025-07-30T18:41:25.783+03:00 level=INFO msg="DEBUG: Session user_id: <nil>"
time=2025-07-30T18:41:25.784+03:00 level=INFO msg="DEBUG: Session username: <nil>"
time=2025-07-30T18:41:47.926+03:00 level=INFO msg="DEBUG: Incoming request session cookie: "
time=2025-07-30T18:41:47.927+03:00 level=INFO msg="DEBUG: Request path: /"
time=2025-07-30T18:41:47.927+03:00 level=INFO msg="DEBUG: Session keys: []"
time=2025-07-30T18:41:47.927+03:00 level=INFO msg="DEBUG: Session isAuthenticated: <nil>"
time=2025-07-30T18:41:47.927+03:00 level=INFO msg="DEBUG: Session user: <nil>"
time=2025-07-30T18:41:47.927+03:00 level=INFO msg="DEBUG: Session user_id: <nil>"
time=2025-07-30T18:41:47.927+03:00 level=INFO msg="DEBUG: Session username: <nil>"
time=2025-07-30T18:41:47.927+03:00 level=INFO msg="No active session"
time=2025-07-30T18:41:47.927+03:00 level=INFO msg="No active session"
time=2025-07-30T18:41:47.927+03:00 level=INFO msg="Using template directory: D:\\Development\\ios\\ui\\html"
time=2025-07-30T18:41:47.928+03:00 level=INFO msg="Loading template file: D:\\Development\\ios\\ui\\html\\landing.html"
time=2025-07-30T18:41:47.929+03:00 level=INFO msg="DEBUG: Executing template with data type: *handlers.TemplateData"
time=2025-07-30T18:41:47.929+03:00 level=INFO msg="DEBUG: TemplateData.Optionz initialized: true, keys: 10"
time=2025-07-30T18:41:47.929+03:00 level=INFO msg="DEBUG: Optionz[ward] has 3 items"
time=2025-07-30T18:41:47.929+03:00 level=INFO msg="DEBUG: Optionz[result1] has 4 items"
time=2025-07-30T18:41:47.929+03:00 level=INFO msg="DEBUG: Optionz[result2] has 4 items"
time=2025-07-30T18:41:47.929+03:00 level=INFO msg="DEBUG: Optionz[yn_extra] has 4 items"
time=2025-07-30T18:41:47.929+03:00 level=INFO msg="DEBUG: Optionz[sex] has 3 items"
time=2025-07-30T18:41:47.929+03:00 level=INFO msg="DEBUG: Optionz[mental] has 5 items"
time=2025-07-30T18:41:47.929+03:00 level=INFO msg="DEBUG: Optionz[preg] has 4 items"
time=2025-07-30T18:41:47.929+03:00 level=INFO msg="DEBUG: Optionz[yn] has 3 items"
time=2025-07-30T18:41:47.929+03:00 level=INFO msg="DEBUG: Optionz[marital] has 7 items"
time=2025-07-30T18:41:47.929+03:00 level=INFO msg="DEBUG: Optionz[nationality] has 4 items"
time=2025-07-30T18:41:47.929+03:00 level=INFO msg="DEBUG: TemplateData.UserPermissions initialized: true, keys: 0"
time=2025-07-30T18:42:27.143+03:00 level=INFO msg="Connecting to database" host=localhost user=postgres database=ios
time=2025-07-30T18:42:27.244+03:00 level=INFO msg="Successfully connected to database"
time=2025-07-30T18:42:27.244+03:00 level=INFO msg="Initializing SMS service" base_url=https://dispatcher2-mtracpro.health.go.ug username=case_management
time=2025-07-30T18:42:27.245+03:00 level=INFO msg="starting server..."
time=2025-07-30T18:42:31.067+03:00 level=INFO msg="DEBUG: Incoming request session cookie: "
time=2025-07-30T18:42:31.067+03:00 level=INFO msg="DEBUG: Request path: /inventory"
time=2025-07-30T18:42:31.068+03:00 level=INFO msg="DEBUG: Session keys: []"
time=2025-07-30T18:42:31.068+03:00 level=INFO msg="DEBUG: Session isAuthenticated: <nil>"
time=2025-07-30T18:42:31.068+03:00 level=INFO msg="DEBUG: Session user: <nil>"
time=2025-07-30T18:42:31.068+03:00 level=INFO msg="DEBUG: Session user_id: <nil>"
time=2025-07-30T18:42:31.068+03:00 level=INFO msg="DEBUG: Session username: <nil>"
time=2025-07-30T18:43:35.771+03:00 level=INFO msg="Connecting to database" host=localhost user=postgres database=ios
time=2025-07-30T18:43:35.819+03:00 level=INFO msg="Successfully connected to database"
time=2025-07-30T18:43:35.819+03:00 level=INFO msg="Initializing SMS service" base_url=https://dispatcher2-mtracpro.health.go.ug username=case_management
time=2025-07-30T18:43:35.821+03:00 level=INFO msg="starting server..."
time=2025-07-30T18:48:21.316+03:00 level=INFO msg="DEBUG: Incoming request session cookie: "
time=2025-07-30T18:48:21.316+03:00 level=INFO msg="DEBUG: Request path: /inventory"
time=2025-07-30T18:48:21.318+03:00 level=INFO msg="DEBUG: Session keys: []"
time=2025-07-30T18:48:21.318+03:00 level=INFO msg="DEBUG: Session isAuthenticated: <nil>"
time=2025-07-30T18:48:21.318+03:00 level=INFO msg="DEBUG: Session user: <nil>"
time=2025-07-30T18:48:21.318+03:00 level=INFO msg="DEBUG: Session user_id: <nil>"
time=2025-07-30T18:48:21.318+03:00 level=INFO msg="DEBUG: Session username: <nil>"
time=2025-07-30T18:48:49.489+03:00 level=INFO msg="Connecting to database" host=localhost user=postgres database=ios
time=2025-07-30T18:48:49.727+03:00 level=INFO msg="Successfully connected to database"
time=2025-07-30T18:48:49.727+03:00 level=INFO msg="Initializing SMS service" base_url=https://dispatcher2-mtracpro.health.go.ug username=case_management
time=2025-07-30T18:48:49.736+03:00 level=INFO msg="starting server..."
time=2025-07-30T18:48:56.247+03:00 level=INFO msg="DEBUG: Incoming request session cookie: "
time=2025-07-30T18:48:56.247+03:00 level=INFO msg="DEBUG: Request path: /test-inventory"
time=2025-07-30T18:48:56.247+03:00 level=INFO msg="DEBUG: Session keys: []"
time=2025-07-30T18:48:56.247+03:00 level=INFO msg="DEBUG: Session isAuthenticated: <nil>"
time=2025-07-30T18:48:56.247+03:00 level=INFO msg="DEBUG: Session user: <nil>"
time=2025-07-30T18:48:56.248+03:00 level=INFO msg="DEBUG: Session user_id: <nil>"
time=2025-07-30T18:48:56.248+03:00 level=INFO msg="DEBUG: Session username: <nil>"
time=2025-07-30T18:48:56.265+03:00 level=INFO msg="DEBUG: Incoming request session cookie: "
time=2025-07-30T18:48:56.265+03:00 level=INFO msg="DEBUG: Request path: /login"
time=2025-07-30T18:48:56.265+03:00 level=INFO msg="DEBUG: Session keys: []"
time=2025-07-30T18:48:56.265+03:00 level=INFO msg="DEBUG: Session isAuthenticated: <nil>"
time=2025-07-30T18:48:56.265+03:00 level=INFO msg="DEBUG: Session user: <nil>"
time=2025-07-30T18:48:56.265+03:00 level=INFO msg="DEBUG: Session user_id: <nil>"
time=2025-07-30T18:48:56.265+03:00 level=INFO msg="DEBUG: Session username: <nil>"
time=2025-07-30T18:48:56.265+03:00 level=INFO msg="No active session"
time=2025-07-30T18:48:56.265+03:00 level=INFO msg="No active session"
time=2025-07-30T18:48:56.265+03:00 level=INFO msg="Using template directory: D:\\Development\\ios\\ui\\html"
time=2025-07-30T18:48:56.266+03:00 level=INFO msg="Loading template file: D:\\Development\\ios\\ui\\html\\login.html"
time=2025-07-30T18:48:56.266+03:00 level=INFO msg="DEBUG: Executing template with data type: *handlers.TemplateData"
time=2025-07-30T18:48:56.266+03:00 level=INFO msg="DEBUG: TemplateData.Optionz initialized: true, keys: 10"
time=2025-07-30T18:48:56.266+03:00 level=INFO msg="DEBUG: Optionz[yn] has 3 items"
time=2025-07-30T18:48:56.266+03:00 level=INFO msg="DEBUG: Optionz[nationality] has 4 items"
time=2025-07-30T18:48:56.266+03:00 level=INFO msg="DEBUG: Optionz[mental] has 5 items"
time=2025-07-30T18:48:56.266+03:00 level=INFO msg="DEBUG: Optionz[preg] has 4 items"
time=2025-07-30T18:48:56.266+03:00 level=INFO msg="DEBUG: Optionz[ward] has 3 items"
time=2025-07-30T18:48:56.266+03:00 level=INFO msg="DEBUG: Optionz[yn_extra] has 4 items"
time=2025-07-30T18:48:56.266+03:00 level=INFO msg="DEBUG: Optionz[sex] has 3 items"
time=2025-07-30T18:48:56.266+03:00 level=INFO msg="DEBUG: Optionz[marital] has 7 items"
time=2025-07-30T18:48:56.266+03:00 level=INFO msg="DEBUG: Optionz[result1] has 4 items"
time=2025-07-30T18:48:56.266+03:00 level=INFO msg="DEBUG: Optionz[result2] has 4 items"
time=2025-07-30T18:48:56.266+03:00 level=INFO msg="DEBUG: TemplateData.UserPermissions initialized: true, keys: 0"
time=2025-07-30T18:49:31.446+03:00 level=INFO msg="DEBUG: Incoming request session cookie: "
time=2025-07-30T18:49:31.447+03:00 level=INFO msg="DEBUG: Request path: /"
time=2025-07-30T18:49:31.447+03:00 level=INFO msg="DEBUG: Session keys: []"
time=2025-07-30T18:49:31.447+03:00 level=INFO msg="DEBUG: Session isAuthenticated: <nil>"
time=2025-07-30T18:49:31.447+03:00 level=INFO msg="DEBUG: Session user: <nil>"
time=2025-07-30T18:49:31.447+03:00 level=INFO msg="DEBUG: Session user_id: <nil>"
time=2025-07-30T18:49:31.447+03:00 level=INFO msg="DEBUG: Session username: <nil>"
time=2025-07-30T18:49:31.447+03:00 level=INFO msg="No active session"
time=2025-07-30T18:49:31.447+03:00 level=INFO msg="No active session"
time=2025-07-30T18:49:31.447+03:00 level=INFO msg="Using template directory: D:\\Development\\ios\\ui\\html"
time=2025-07-30T18:49:31.447+03:00 level=INFO msg="Loading template file: D:\\Development\\ios\\ui\\html\\landing.html"
time=2025-07-30T18:49:31.447+03:00 level=INFO msg="DEBUG: Executing template with data type: *handlers.TemplateData"
time=2025-07-30T18:49:31.448+03:00 level=INFO msg="DEBUG: TemplateData.Optionz initialized: true, keys: 10"
time=2025-07-30T18:49:31.448+03:00 level=INFO msg="DEBUG: Optionz[yn_extra] has 4 items"
time=2025-07-30T18:49:31.448+03:00 level=INFO msg="DEBUG: Optionz[sex] has 3 items"
time=2025-07-30T18:49:31.448+03:00 level=INFO msg="DEBUG: Optionz[mental] has 5 items"
time=2025-07-30T18:49:31.448+03:00 level=INFO msg="DEBUG: Optionz[preg] has 4 items"
time=2025-07-30T18:49:31.448+03:00 level=INFO msg="DEBUG: Optionz[result2] has 4 items"
time=2025-07-30T18:49:31.448+03:00 level=INFO msg="DEBUG: Optionz[yn] has 3 items"
time=2025-07-30T18:49:31.448+03:00 level=INFO msg="DEBUG: Optionz[marital] has 7 items"
time=2025-07-30T18:49:31.448+03:00 level=INFO msg="DEBUG: Optionz[nationality] has 4 items"
time=2025-07-30T18:49:31.448+03:00 level=INFO msg="DEBUG: Optionz[ward] has 3 items"
time=2025-07-30T18:49:31.448+03:00 level=INFO msg="DEBUG: Optionz[result1] has 4 items"
time=2025-07-30T18:49:31.448+03:00 level=INFO msg="DEBUG: TemplateData.UserPermissions initialized: true, keys: 0"
time=2025-07-30T18:50:03.656+03:00 level=INFO msg="Connecting to database" host=localhost user=postgres database=ios
time=2025-07-30T18:50:03.858+03:00 level=INFO msg="Successfully connected to database"
time=2025-07-30T18:50:03.859+03:00 level=INFO msg="Initializing SMS service" base_url=https://dispatcher2-mtracpro.health.go.ug username=case_management
time=2025-07-30T18:50:03.860+03:00 level=INFO msg="starting server..."
time=2025-07-30T18:50:04.036+03:00 level=INFO msg="DEBUG: Incoming request session cookie: "
time=2025-07-30T18:50:04.036+03:00 level=INFO msg="DEBUG: Request path: /test-inventory-handler"
time=2025-07-30T18:50:04.036+03:00 level=INFO msg="DEBUG: Session keys: []"
time=2025-07-30T18:50:04.036+03:00 level=INFO msg="DEBUG: Session isAuthenticated: <nil>"
time=2025-07-30T18:50:04.036+03:00 level=INFO msg="DEBUG: Session user: <nil>"
time=2025-07-30T18:50:04.036+03:00 level=INFO msg="DEBUG: Session user_id: <nil>"
time=2025-07-30T18:50:04.036+03:00 level=INFO msg="DEBUG: Session username: <nil>"
time=2025-07-30T18:50:04.038+03:00 level=INFO msg="DEBUG: Incoming request session cookie: "
time=2025-07-30T18:50:04.038+03:00 level=INFO msg="DEBUG: Request path: /login"
time=2025-07-30T18:50:04.038+03:00 level=INFO msg="DEBUG: Session keys: []"
time=2025-07-30T18:50:04.038+03:00 level=INFO msg="DEBUG: Session isAuthenticated: <nil>"
time=2025-07-30T18:50:04.038+03:00 level=INFO msg="DEBUG: Session user: <nil>"
time=2025-07-30T18:50:04.038+03:00 level=INFO msg="DEBUG: Session user_id: <nil>"
time=2025-07-30T18:50:04.038+03:00 level=INFO msg="DEBUG: Session username: <nil>"
time=2025-07-30T18:50:04.038+03:00 level=INFO msg="No active session"
time=2025-07-30T18:50:04.038+03:00 level=INFO msg="No active session"
time=2025-07-30T18:50:04.038+03:00 level=INFO msg="Using template directory: D:\\Development\\ios\\ui\\html"
time=2025-07-30T18:50:04.039+03:00 level=INFO msg="Loading template file: D:\\Development\\ios\\ui\\html\\login.html"
time=2025-07-30T18:50:04.040+03:00 level=INFO msg="DEBUG: Executing template with data type: *handlers.TemplateData"
time=2025-07-30T18:50:04.040+03:00 level=INFO msg="DEBUG: TemplateData.Optionz initialized: true, keys: 10"
time=2025-07-30T18:50:04.040+03:00 level=INFO msg="DEBUG: Optionz[result1] has 4 items"
time=2025-07-30T18:50:04.040+03:00 level=INFO msg="DEBUG: Optionz[result2] has 4 items"
time=2025-07-30T18:50:04.040+03:00 level=INFO msg="DEBUG: Optionz[yn_extra] has 4 items"
time=2025-07-30T18:50:04.040+03:00 level=INFO msg="DEBUG: Optionz[marital] has 7 items"
time=2025-07-30T18:50:04.040+03:00 level=INFO msg="DEBUG: Optionz[preg] has 4 items"
time=2025-07-30T18:50:04.040+03:00 level=INFO msg="DEBUG: Optionz[ward] has 3 items"
time=2025-07-30T18:50:04.040+03:00 level=INFO msg="DEBUG: Optionz[yn] has 3 items"
time=2025-07-30T18:50:04.040+03:00 level=INFO msg="DEBUG: Optionz[sex] has 3 items"
time=2025-07-30T18:50:04.040+03:00 level=INFO msg="DEBUG: Optionz[nationality] has 4 items"
time=2025-07-30T18:50:04.040+03:00 level=INFO msg="DEBUG: Optionz[mental] has 5 items"
time=2025-07-30T18:50:04.040+03:00 level=INFO msg="DEBUG: TemplateData.UserPermissions initialized: true, keys: 0"
time=2025-07-30T18:50:40.376+03:00 level=INFO msg="Connecting to database" host=localhost user=postgres database=ios
time=2025-07-30T18:50:40.477+03:00 level=INFO msg="Successfully connected to database"
time=2025-07-30T18:50:40.477+03:00 level=INFO msg="Initializing SMS service" base_url=https://dispatcher2-mtracpro.health.go.ug username=case_management
time=2025-07-30T18:50:40.478+03:00 level=INFO msg="starting server..."
time=2025-07-30T23:42:44.183+03:00 level=INFO msg="Connecting to database" host=localhost user=postgres database=ios
time=2025-07-30T23:42:44.241+03:00 level=INFO msg="Successfully connected to database"
time=2025-07-30T23:42:44.242+03:00 level=INFO msg="Initializing SMS service" base_url=https://dispatcher2-mtracpro.health.go.ug username=case_management
time=2025-07-30T23:42:44.242+03:00 level=INFO msg="starting server..."
time=2025-07-30T23:47:39.704+03:00 level=INFO msg="DEBUG: Incoming request session cookie: "
time=2025-07-30T23:47:39.704+03:00 level=INFO msg="DEBUG: Request path: /inventory"
time=2025-07-30T23:47:39.704+03:00 level=INFO msg="DEBUG: Session keys: []"
time=2025-07-30T23:47:39.704+03:00 level=INFO msg="DEBUG: Session isAuthenticated: <nil>"
time=2025-07-30T23:47:39.704+03:00 level=INFO msg="DEBUG: Session user: <nil>"
time=2025-07-30T23:47:39.704+03:00 level=INFO msg="DEBUG: Session user_id: <nil>"
time=2025-07-30T23:47:39.704+03:00 level=INFO msg="DEBUG: Session username: <nil>"
time=2025-07-31T02:16:29.058+03:00 level=INFO msg="DEBUG: Incoming request session cookie: "
time=2025-07-31T02:16:29.058+03:00 level=INFO msg="DEBUG: Request path: /test-inventory"
time=2025-07-31T02:16:29.059+03:00 level=INFO msg="DEBUG: Session keys: []"
time=2025-07-31T02:16:29.059+03:00 level=INFO msg="DEBUG: Session isAuthenticated: <nil>"
time=2025-07-31T02:16:29.059+03:00 level=INFO msg="DEBUG: Session user: <nil>"
time=2025-07-31T02:16:29.059+03:00 level=INFO msg="DEBUG: Session user_id: <nil>"
time=2025-07-31T02:16:29.059+03:00 level=INFO msg="DEBUG: Session username: <nil>"
time=2025-07-31T02:16:29.065+03:00 level=INFO msg="DEBUG: Incoming request session cookie: "
time=2025-07-31T02:16:29.065+03:00 level=INFO msg="DEBUG: Request path: /login"
time=2025-07-31T02:16:29.066+03:00 level=INFO msg="DEBUG: Session keys: []"
time=2025-07-31T02:16:29.066+03:00 level=INFO msg="DEBUG: Session isAuthenticated: <nil>"
time=2025-07-31T02:16:29.066+03:00 level=INFO msg="DEBUG: Session user: <nil>"
time=2025-07-31T02:16:29.066+03:00 level=INFO msg="DEBUG: Session user_id: <nil>"
time=2025-07-31T02:16:29.066+03:00 level=INFO msg="DEBUG: Session username: <nil>"
time=2025-07-31T02:16:29.066+03:00 level=INFO msg="No active session"
time=2025-07-31T02:16:29.066+03:00 level=INFO msg="No active session"
time=2025-07-31T02:16:29.067+03:00 level=INFO msg="Using template directory: D:\\Development\\ios\\ui\\html"
time=2025-07-31T02:16:29.069+03:00 level=INFO msg="Loading template file: D:\\Development\\ios\\ui\\html\\login.html"
time=2025-07-31T02:16:29.071+03:00 level=INFO msg="DEBUG: Executing template with data type: *handlers.TemplateData"
time=2025-07-31T02:16:29.071+03:00 level=INFO msg="DEBUG: TemplateData.Optionz initialized: true, keys: 10"
time=2025-07-31T02:16:29.071+03:00 level=INFO msg="DEBUG: Optionz[yn_extra] has 4 items"
time=2025-07-31T02:16:29.071+03:00 level=INFO msg="DEBUG: Optionz[sex] has 3 items"
time=2025-07-31T02:16:29.071+03:00 level=INFO msg="DEBUG: Optionz[nationality] has 4 items"
time=2025-07-31T02:16:29.071+03:00 level=INFO msg="DEBUG: Optionz[result2] has 4 items"
time=2025-07-31T02:16:29.071+03:00 level=INFO msg="DEBUG: Optionz[yn] has 3 items"
time=2025-07-31T02:16:29.071+03:00 level=INFO msg="DEBUG: Optionz[marital] has 7 items"
time=2025-07-31T02:16:29.071+03:00 level=INFO msg="DEBUG: Optionz[mental] has 5 items"
time=2025-07-31T02:16:29.071+03:00 level=INFO msg="DEBUG: Optionz[preg] has 4 items"
time=2025-07-31T02:16:29.071+03:00 level=INFO msg="DEBUG: Optionz[ward] has 3 items"
time=2025-07-31T02:16:29.071+03:00 level=INFO msg="DEBUG: Optionz[result1] has 4 items"
time=2025-07-31T02:16:29.071+03:00 level=INFO msg="DEBUG: TemplateData.UserPermissions initialized: true, keys: 0"
time=2025-07-31T02:19:29.826+03:00 level=INFO msg="DEBUG: Incoming request session cookie: "
time=2025-07-31T02:19:29.827+03:00 level=INFO msg="DEBUG: Request path: /test-inventory"
time=2025-07-31T02:19:29.827+03:00 level=INFO msg="DEBUG: Session keys: []"
time=2025-07-31T02:19:29.827+03:00 level=INFO msg="DEBUG: Session isAuthenticated: <nil>"
time=2025-07-31T02:19:29.827+03:00 level=INFO msg="DEBUG: Session user: <nil>"
time=2025-07-31T02:19:29.827+03:00 level=INFO msg="DEBUG: Session user_id: <nil>"
time=2025-07-31T02:19:29.827+03:00 level=INFO msg="DEBUG: Session username: <nil>"
time=2025-07-31T02:19:29.838+03:00 level=INFO msg="DEBUG: Incoming request session cookie: "
time=2025-07-31T02:19:29.838+03:00 level=INFO msg="DEBUG: Request path: /login"
time=2025-07-31T02:19:29.838+03:00 level=INFO msg="DEBUG: Session keys: []"
time=2025-07-31T02:19:29.838+03:00 level=INFO msg="DEBUG: Session isAuthenticated: <nil>"
time=2025-07-31T02:19:29.838+03:00 level=INFO msg="DEBUG: Session user: <nil>"
time=2025-07-31T02:19:29.838+03:00 level=INFO msg="DEBUG: Session user_id: <nil>"
time=2025-07-31T02:19:29.838+03:00 level=INFO msg="DEBUG: Session username: <nil>"
time=2025-07-31T02:19:29.838+03:00 level=INFO msg="No active session"
time=2025-07-31T02:19:29.840+03:00 level=INFO msg="No active session"
time=2025-07-31T02:19:29.841+03:00 level=INFO msg="Using template directory: D:\\Development\\ios\\ui\\html"
time=2025-07-31T02:19:29.857+03:00 level=INFO msg="Loading template file: D:\\Development\\ios\\ui\\html\\login.html"
time=2025-07-31T02:19:29.857+03:00 level=INFO msg="DEBUG: Executing template with data type: *handlers.TemplateData"
time=2025-07-31T02:19:29.857+03:00 level=INFO msg="DEBUG: TemplateData.Optionz initialized: true, keys: 10"
time=2025-07-31T02:19:29.857+03:00 level=INFO msg="DEBUG: Optionz[marital] has 7 items"
time=2025-07-31T02:19:29.857+03:00 level=INFO msg="DEBUG: Optionz[nationality] has 4 items"
time=2025-07-31T02:19:29.858+03:00 level=INFO msg="DEBUG: Optionz[result2] has 4 items"
time=2025-07-31T02:19:29.858+03:00 level=INFO msg="DEBUG: Optionz[yn] has 3 items"
time=2025-07-31T02:19:29.858+03:00 level=INFO msg="DEBUG: Optionz[yn_extra] has 4 items"
time=2025-07-31T02:19:29.858+03:00 level=INFO msg="DEBUG: Optionz[preg] has 4 items"
time=2025-07-31T02:19:29.858+03:00 level=INFO msg="DEBUG: Optionz[ward] has 3 items"
time=2025-07-31T02:19:29.858+03:00 level=INFO msg="DEBUG: Optionz[result1] has 4 items"
time=2025-07-31T02:19:29.858+03:00 level=INFO msg="DEBUG: Optionz[sex] has 3 items"
time=2025-07-31T02:19:29.858+03:00 level=INFO msg="DEBUG: Optionz[mental] has 5 items"
time=2025-07-31T02:19:29.858+03:00 level=INFO msg="DEBUG: TemplateData.UserPermissions initialized: true, keys: 0"
time=2025-07-31T03:01:23.713+03:00 level=INFO msg="Connecting to database" host=localhost user=postgres database=ios
time=2025-07-31T03:01:23.794+03:00 level=INFO msg="Successfully connected to database"
time=2025-07-31T03:01:23.794+03:00 level=INFO msg="Initializing SMS service" base_url=https://dispatcher2-mtracpro.health.go.ug username=case_management
time=2025-07-31T03:01:23.796+03:00 level=INFO msg="starting server..."
time=2025-07-31T03:09:19.454+03:00 level=INFO msg="Connecting to database" host=localhost user=postgres database=ios
time=2025-07-31T03:09:19.515+03:00 level=INFO msg="Successfully connected to database"
time=2025-07-31T03:09:19.516+03:00 level=INFO msg="Initializing SMS service" base_url=https://dispatcher2-mtracpro.health.go.ug username=case_management
time=2025-07-31T03:09:19.516+03:00 level=INFO msg="starting server..."
time=2025-07-31T03:09:40.575+03:00 level=INFO msg="DEBUG: Incoming request session cookie: "
time=2025-07-31T03:09:40.576+03:00 level=INFO msg="DEBUG: Request path: /api/rbac/users"
time=2025-07-31T03:09:40.577+03:00 level=INFO msg="DEBUG: Session keys: []"
time=2025-07-31T03:09:40.577+03:00 level=INFO msg="DEBUG: Session isAuthenticated: <nil>"
time=2025-07-31T03:09:40.577+03:00 level=INFO msg="DEBUG: Session user: <nil>"
time=2025-07-31T03:09:40.577+03:00 level=INFO msg="DEBUG: Session user_id: <nil>"
time=2025-07-31T03:09:40.577+03:00 level=INFO msg="DEBUG: Session username: <nil>"
time=2025-07-31T03:17:02.550+03:00 level=INFO msg="Connecting to database" host=localhost user=postgres database=ios
time=2025-07-31T03:17:02.606+03:00 level=INFO msg="Successfully connected to database"
time=2025-07-31T03:17:02.606+03:00 level=INFO msg="Initializing SMS service" base_url=https://dispatcher2-mtracpro.health.go.ug username=case_management
time=2025-07-31T03:17:02.607+03:00 level=INFO msg="starting server..."
time=2025-07-31T03:17:21.281+03:00 level=INFO msg="DEBUG: Incoming request session cookie: "
time=2025-07-31T03:17:21.285+03:00 level=INFO msg="DEBUG: Request path: /api/rbac/user-roles"
time=2025-07-31T03:17:21.285+03:00 level=INFO msg="DEBUG: Session keys: []"
time=2025-07-31T03:17:21.285+03:00 level=INFO msg="DEBUG: Session isAuthenticated: <nil>"
time=2025-07-31T03:17:21.285+03:00 level=INFO msg="DEBUG: Session user: <nil>"
time=2025-07-31T03:17:21.285+03:00 level=INFO msg="DEBUG: Session user_id: <nil>"
time=2025-07-31T03:17:21.285+03:00 level=INFO msg="DEBUG: Session username: <nil>"
time=2025-07-31T03:19:17.083+03:00 level=INFO msg="DEBUG: Incoming request session cookie: "
time=2025-07-31T03:19:17.083+03:00 level=INFO msg="DEBUG: Request path: /api/rbac/user-roles"
time=2025-07-31T03:19:17.083+03:00 level=INFO msg="DEBUG: Session keys: []"
time=2025-07-31T03:19:17.083+03:00 level=INFO msg="DEBUG: Session isAuthenticated: <nil>"
time=2025-07-31T03:19:17.083+03:00 level=INFO msg="DEBUG: Session user: <nil>"
time=2025-07-31T03:19:17.083+03:00 level=INFO msg="DEBUG: Session user_id: <nil>"
time=2025-07-31T03:19:17.083+03:00 level=INFO msg="DEBUG: Session username: <nil>"
time=2025-07-31T03:19:17.091+03:00 level=INFO msg="User not found in session"
time=2025-07-31T03:19:17.093+03:00 level=INFO msg="Role assigned to user" admin_user_id=0 user_id=2 role_id=3
time=2025-07-31T03:19:26.476+03:00 level=INFO msg="DEBUG: Incoming request session cookie: "
time=2025-07-31T03:19:26.476+03:00 level=INFO msg="DEBUG: Request path: /api/rbac/user-roles/2/3"
time=2025-07-31T03:19:26.476+03:00 level=INFO msg="DEBUG: Session keys: []"
time=2025-07-31T03:19:26.476+03:00 level=INFO msg="DEBUG: Session isAuthenticated: <nil>"
time=2025-07-31T03:19:26.476+03:00 level=INFO msg="DEBUG: Session user: <nil>"
time=2025-07-31T03:19:26.476+03:00 level=INFO msg="DEBUG: Session user_id: <nil>"
time=2025-07-31T03:19:26.476+03:00 level=INFO msg="DEBUG: Session username: <nil>"
time=2025-07-31T03:19:26.479+03:00 level=INFO msg="DEBUG: Incoming request session cookie: "
time=2025-07-31T03:19:26.479+03:00 level=INFO msg="DEBUG: Request path: /login"
time=2025-07-31T03:19:26.479+03:00 level=INFO msg="DEBUG: Session keys: []"
time=2025-07-31T03:19:26.479+03:00 level=INFO msg="DEBUG: Session isAuthenticated: <nil>"
time=2025-07-31T03:19:26.479+03:00 level=INFO msg="DEBUG: Session user: <nil>"
time=2025-07-31T03:19:26.479+03:00 level=INFO msg="DEBUG: Session user_id: <nil>"
time=2025-07-31T03:19:26.479+03:00 level=INFO msg="DEBUG: Session username: <nil>"
time=2025-07-31T03:19:35.241+03:00 level=INFO msg="DEBUG: Incoming request session cookie: "
time=2025-07-31T03:19:35.242+03:00 level=INFO msg="DEBUG: Request path: /api/user-roles/2/3"
time=2025-07-31T03:19:35.242+03:00 level=INFO msg="DEBUG: Session keys: []"
time=2025-07-31T03:19:35.242+03:00 level=INFO msg="DEBUG: Session isAuthenticated: <nil>"
time=2025-07-31T03:19:35.242+03:00 level=INFO msg="DEBUG: Session user: <nil>"
time=2025-07-31T03:19:35.242+03:00 level=INFO msg="DEBUG: Session user_id: <nil>"
time=2025-07-31T03:19:35.242+03:00 level=INFO msg="DEBUG: Session username: <nil>"
time=2025-07-31T03:19:35.242+03:00 level=INFO msg="DEBUG: Incoming request session cookie: "
time=2025-07-31T03:19:35.242+03:00 level=INFO msg="DEBUG: Request path: /login"
time=2025-07-31T03:19:35.242+03:00 level=INFO msg="DEBUG: Session keys: []"
time=2025-07-31T03:19:35.242+03:00 level=INFO msg="DEBUG: Session isAuthenticated: <nil>"
time=2025-07-31T03:19:35.242+03:00 level=INFO msg="DEBUG: Session user: <nil>"
time=2025-07-31T03:19:35.242+03:00 level=INFO msg="DEBUG: Session user_id: <nil>"
time=2025-07-31T03:19:35.242+03:00 level=INFO msg="DEBUG: Session username: <nil>"
time=2025-07-31T03:27:36.219+03:00 level=INFO msg="Connecting to database" host=localhost user=postgres database=ios
time=2025-07-31T03:27:36.271+03:00 level=INFO msg="Successfully connected to database"
time=2025-07-31T03:27:36.271+03:00 level=INFO msg="Initializing SMS service" base_url=https://dispatcher2-mtracpro.health.go.ug username=case_management
time=2025-07-31T03:27:36.271+03:00 level=INFO msg="starting server..."
time=2025-07-31T03:27:48.298+03:00 level=INFO msg="DEBUG: Incoming request session cookie: 4da2b852-327c-4747-81a6-bb902ca7ac4a"
time=2025-07-31T03:27:48.320+03:00 level=INFO msg="DEBUG: Request path: /rbac-dashboard"
time=2025-07-31T03:27:48.322+03:00 level=INFO msg="DEBUG: Session keys: []"
time=2025-07-31T03:27:48.322+03:00 level=INFO msg="DEBUG: Session isAuthenticated: <nil>"
time=2025-07-31T03:27:48.322+03:00 level=INFO msg="DEBUG: Session user: <nil>"
time=2025-07-31T03:27:48.322+03:00 level=INFO msg="DEBUG: Session user_id: <nil>"
time=2025-07-31T03:27:48.322+03:00 level=INFO msg="DEBUG: Session username: <nil>"
time=2025-07-31T03:27:48.327+03:00 level=INFO msg="DEBUG: Incoming request session cookie: 4da2b852-327c-4747-81a6-bb902ca7ac4a"
time=2025-07-31T03:27:48.328+03:00 level=INFO msg="DEBUG: Request path: /login"
time=2025-07-31T03:27:48.328+03:00 level=INFO msg="DEBUG: Session keys: []"
time=2025-07-31T03:27:48.328+03:00 level=INFO msg="DEBUG: Session isAuthenticated: <nil>"
time=2025-07-31T03:27:48.328+03:00 level=INFO msg="DEBUG: Session user: <nil>"
time=2025-07-31T03:27:48.328+03:00 level=INFO msg="DEBUG: Session user_id: <nil>"
time=2025-07-31T03:27:48.328+03:00 level=INFO msg="DEBUG: Session username: <nil>"
time=2025-07-31T03:27:48.328+03:00 level=INFO msg="No active session"
time=2025-07-31T03:27:48.328+03:00 level=INFO msg="No active session"
time=2025-07-31T03:27:48.328+03:00 level=INFO msg="Using template directory: D:\\Development\\ios\\ui\\html"
time=2025-07-31T03:27:48.330+03:00 level=INFO msg="Loading template file: D:\\Development\\ios\\ui\\html\\login.html"
time=2025-07-31T03:27:48.332+03:00 level=INFO msg="DEBUG: Executing template with data type: *handlers.TemplateData"
time=2025-07-31T03:27:48.332+03:00 level=INFO msg="DEBUG: TemplateData.Optionz initialized: true, keys: 10"
time=2025-07-31T03:27:48.332+03:00 level=INFO msg="DEBUG: Optionz[sex] has 3 items"
time=2025-07-31T03:27:48.332+03:00 level=INFO msg="DEBUG: Optionz[preg] has 4 items"
time=2025-07-31T03:27:48.332+03:00 level=INFO msg="DEBUG: Optionz[result1] has 4 items"
time=2025-07-31T03:27:48.332+03:00 level=INFO msg="DEBUG: Optionz[result2] has 4 items"
time=2025-07-31T03:27:48.332+03:00 level=INFO msg="DEBUG: Optionz[yn_extra] has 4 items"
time=2025-07-31T03:27:48.332+03:00 level=INFO msg="DEBUG: Optionz[marital] has 7 items"
time=2025-07-31T03:27:48.332+03:00 level=INFO msg="DEBUG: Optionz[nationality] has 4 items"
time=2025-07-31T03:27:48.332+03:00 level=INFO msg="DEBUG: Optionz[mental] has 5 items"
time=2025-07-31T03:27:48.332+03:00 level=INFO msg="DEBUG: Optionz[ward] has 3 items"
time=2025-07-31T03:27:48.332+03:00 level=INFO msg="DEBUG: Optionz[yn] has 3 items"
time=2025-07-31T03:27:48.333+03:00 level=INFO msg="DEBUG: TemplateData.UserPermissions initialized: true, keys: 0"
time=2025-07-31T03:27:48.361+03:00 level=INFO msg="DEBUG: Incoming request session cookie: 4da2b852-327c-4747-81a6-bb902ca7ac4a"
time=2025-07-31T03:27:48.361+03:00 level=INFO msg="DEBUG: Request path: /static/css/bootstrap.min.css"
time=2025-07-31T03:27:48.361+03:00 level=INFO msg="DEBUG: Session keys: []"
time=2025-07-31T03:27:48.361+03:00 level=INFO msg="DEBUG: Session isAuthenticated: <nil>"
time=2025-07-31T03:27:48.361+03:00 level=INFO msg="DEBUG: Session user: <nil>"
time=2025-07-31T03:27:48.361+03:00 level=INFO msg="DEBUG: Session user_id: <nil>"
time=2025-07-31T03:27:48.361+03:00 level=INFO msg="DEBUG: Session username: <nil>"
time=2025-07-31T03:27:48.371+03:00 level=INFO msg="DEBUG: Incoming request session cookie: 4da2b852-327c-4747-81a6-bb902ca7ac4a"
time=2025-07-31T03:27:48.371+03:00 level=INFO msg="DEBUG: Request path: /login"
time=2025-07-31T03:27:48.371+03:00 level=INFO msg="DEBUG: Session keys: []"
time=2025-07-31T03:27:48.371+03:00 level=INFO msg="DEBUG: Session isAuthenticated: <nil>"
time=2025-07-31T03:27:48.371+03:00 level=INFO msg="DEBUG: Session user: <nil>"
time=2025-07-31T03:27:48.371+03:00 level=INFO msg="DEBUG: Session user_id: <nil>"
time=2025-07-31T03:27:48.371+03:00 level=INFO msg="DEBUG: Session username: <nil>"
time=2025-07-31T03:27:48.371+03:00 level=INFO msg="No active session"
time=2025-07-31T03:27:48.371+03:00 level=INFO msg="No active session"
time=2025-07-31T03:27:48.371+03:00 level=INFO msg="Using template directory: D:\\Development\\ios\\ui\\html"
time=2025-07-31T03:27:48.372+03:00 level=INFO msg="Loading template file: D:\\Development\\ios\\ui\\html\\login.html"
time=2025-07-31T03:27:48.372+03:00 level=INFO msg="DEBUG: Executing template with data type: *handlers.TemplateData"
time=2025-07-31T03:27:48.372+03:00 level=INFO msg="DEBUG: TemplateData.Optionz initialized: true, keys: 10"
time=2025-07-31T03:27:48.372+03:00 level=INFO msg="DEBUG: Optionz[result1] has 4 items"
time=2025-07-31T03:27:48.372+03:00 level=INFO msg="DEBUG: Optionz[yn] has 3 items"
time=2025-07-31T03:27:48.372+03:00 level=INFO msg="DEBUG: Optionz[yn_extra] has 4 items"
time=2025-07-31T03:27:48.372+03:00 level=INFO msg="DEBUG: Optionz[sex] has 3 items"
time=2025-07-31T03:27:48.372+03:00 level=INFO msg="DEBUG: Optionz[nationality] has 4 items"
time=2025-07-31T03:27:48.372+03:00 level=INFO msg="DEBUG: Optionz[mental] has 5 items"
time=2025-07-31T03:27:48.372+03:00 level=INFO msg="DEBUG: Optionz[marital] has 7 items"
time=2025-07-31T03:27:48.372+03:00 level=INFO msg="DEBUG: Optionz[preg] has 4 items"
time=2025-07-31T03:27:48.372+03:00 level=INFO msg="DEBUG: Optionz[ward] has 3 items"
time=2025-07-31T03:27:48.372+03:00 level=INFO msg="DEBUG: Optionz[result2] has 4 items"
time=2025-07-31T03:27:48.372+03:00 level=INFO msg="DEBUG: TemplateData.UserPermissions initialized: true, keys: 0"
time=2025-07-31T03:27:48.390+03:00 level=INFO msg="DEBUG: Incoming request session cookie: 4da2b852-327c-4747-81a6-bb902ca7ac4a"
time=2025-07-31T03:27:48.390+03:00 level=INFO msg="DEBUG: Request path: /favicon.ico"
time=2025-07-31T03:27:48.390+03:00 level=INFO msg="DEBUG: Session keys: []"
time=2025-07-31T03:27:48.390+03:00 level=INFO msg="DEBUG: Session isAuthenticated: <nil>"
time=2025-07-31T03:27:48.390+03:00 level=INFO msg="DEBUG: Session user: <nil>"
time=2025-07-31T03:27:48.390+03:00 level=INFO msg="DEBUG: Session user_id: <nil>"
time=2025-07-31T03:27:48.390+03:00 level=INFO msg="DEBUG: Session username: <nil>"
time=2025-07-31T03:27:48.393+03:00 level=INFO msg="DEBUG: Incoming request session cookie: 4da2b852-327c-4747-81a6-bb902ca7ac4a"
time=2025-07-31T03:27:48.393+03:00 level=INFO msg="DEBUG: Request path: /login"
time=2025-07-31T03:27:48.394+03:00 level=INFO msg="DEBUG: Session keys: []"
time=2025-07-31T03:27:48.394+03:00 level=INFO msg="DEBUG: Session isAuthenticated: <nil>"
time=2025-07-31T03:27:48.394+03:00 level=INFO msg="DEBUG: Session user: <nil>"
time=2025-07-31T03:27:48.394+03:00 level=INFO msg="DEBUG: Session user_id: <nil>"
time=2025-07-31T03:27:48.394+03:00 level=INFO msg="DEBUG: Session username: <nil>"
time=2025-07-31T03:27:48.394+03:00 level=INFO msg="No active session"
time=2025-07-31T03:27:48.394+03:00 level=INFO msg="No active session"
time=2025-07-31T03:27:48.394+03:00 level=INFO msg="Using template directory: D:\\Development\\ios\\ui\\html"
time=2025-07-31T03:27:48.394+03:00 level=INFO msg="Loading template file: D:\\Development\\ios\\ui\\html\\login.html"
time=2025-07-31T03:27:48.394+03:00 level=INFO msg="DEBUG: Executing template with data type: *handlers.TemplateData"
time=2025-07-31T03:27:48.394+03:00 level=INFO msg="DEBUG: TemplateData.Optionz initialized: true, keys: 10"
time=2025-07-31T03:27:48.394+03:00 level=INFO msg="DEBUG: Optionz[yn_extra] has 4 items"
time=2025-07-31T03:27:48.394+03:00 level=INFO msg="DEBUG: Optionz[marital] has 7 items"
time=2025-07-31T03:27:48.394+03:00 level=INFO msg="DEBUG: Optionz[nationality] has 4 items"
time=2025-07-31T03:27:48.394+03:00 level=INFO msg="DEBUG: Optionz[yn] has 3 items"
time=2025-07-31T03:27:48.394+03:00 level=INFO msg="DEBUG: Optionz[sex] has 3 items"
time=2025-07-31T03:27:48.394+03:00 level=INFO msg="DEBUG: Optionz[mental] has 5 items"
time=2025-07-31T03:27:48.394+03:00 level=INFO msg="DEBUG: Optionz[preg] has 4 items"
time=2025-07-31T03:27:48.394+03:00 level=INFO msg="DEBUG: Optionz[ward] has 3 items"
time=2025-07-31T03:27:48.394+03:00 level=INFO msg="DEBUG: Optionz[result1] has 4 items"
time=2025-07-31T03:27:48.394+03:00 level=INFO msg="DEBUG: Optionz[result2] has 4 items"
time=2025-07-31T03:27:48.394+03:00 level=INFO msg="DEBUG: TemplateData.UserPermissions initialized: true, keys: 0"
time=2025-07-31T03:27:53.784+03:00 level=INFO msg="DEBUG: Incoming request session cookie: 4da2b852-327c-4747-81a6-bb902ca7ac4a"
time=2025-07-31T03:27:53.784+03:00 level=INFO msg="DEBUG: Request path: /login"
time=2025-07-31T03:27:53.784+03:00 level=INFO msg="DEBUG: Session keys: []"
time=2025-07-31T03:27:53.784+03:00 level=INFO msg="DEBUG: Session isAuthenticated: <nil>"
time=2025-07-31T03:27:53.784+03:00 level=INFO msg="DEBUG: Session user: <nil>"
time=2025-07-31T03:27:53.784+03:00 level=INFO msg="DEBUG: Session user_id: <nil>"
time=2025-07-31T03:27:53.784+03:00 level=INFO msg="DEBUG: Session username: <nil>"
time=2025-07-31T03:27:53.784+03:00 level=INFO msg="No active session"
time=2025-07-31T03:27:53.784+03:00 level=INFO msg="No active session"
time=2025-07-31T03:27:53.784+03:00 level=INFO msg="Using template directory: D:\\Development\\ios\\ui\\html"
time=2025-07-31T03:27:53.786+03:00 level=INFO msg="Loading template file: D:\\Development\\ios\\ui\\html\\login.html"
time=2025-07-31T03:27:53.786+03:00 level=INFO msg="DEBUG: Executing template with data type: *handlers.TemplateData"
time=2025-07-31T03:27:53.786+03:00 level=INFO msg="DEBUG: TemplateData.Optionz initialized: true, keys: 10"
time=2025-07-31T03:27:53.786+03:00 level=INFO msg="DEBUG: Optionz[marital] has 7 items"
time=2025-07-31T03:27:53.786+03:00 level=INFO msg="DEBUG: Optionz[nationality] has 4 items"
time=2025-07-31T03:27:53.786+03:00 level=INFO msg="DEBUG: Optionz[preg] has 4 items"
time=2025-07-31T03:27:53.786+03:00 level=INFO msg="DEBUG: Optionz[result1] has 4 items"
time=2025-07-31T03:27:53.786+03:00 level=INFO msg="DEBUG: Optionz[yn_extra] has 4 items"
time=2025-07-31T03:27:53.786+03:00 level=INFO msg="DEBUG: Optionz[sex] has 3 items"
time=2025-07-31T03:27:53.786+03:00 level=INFO msg="DEBUG: Optionz[mental] has 5 items"
time=2025-07-31T03:27:53.786+03:00 level=INFO msg="DEBUG: Optionz[ward] has 3 items"
time=2025-07-31T03:27:53.786+03:00 level=INFO msg="DEBUG: Optionz[result2] has 4 items"
time=2025-07-31T03:27:53.786+03:00 level=INFO msg="DEBUG: Optionz[yn] has 3 items"
time=2025-07-31T03:27:53.786+03:00 level=INFO msg="DEBUG: TemplateData.UserPermissions initialized: true, keys: 0"
time=2025-07-31T03:27:53.802+03:00 level=INFO msg="DEBUG: Incoming request session cookie: 4da2b852-327c-4747-81a6-bb902ca7ac4a"
time=2025-07-31T03:27:53.802+03:00 level=INFO msg="DEBUG: Request path: /static/css/bootstrap.min.css"
time=2025-07-31T03:27:53.802+03:00 level=INFO msg="DEBUG: Session keys: []"
time=2025-07-31T03:27:53.802+03:00 level=INFO msg="DEBUG: Session isAuthenticated: <nil>"
time=2025-07-31T03:27:53.802+03:00 level=INFO msg="DEBUG: Session user: <nil>"
time=2025-07-31T03:27:53.802+03:00 level=INFO msg="DEBUG: Session user_id: <nil>"
time=2025-07-31T03:27:53.802+03:00 level=INFO msg="DEBUG: Session username: <nil>"
time=2025-07-31T03:27:53.810+03:00 level=INFO msg="DEBUG: Incoming request session cookie: 4da2b852-327c-4747-81a6-bb902ca7ac4a"
time=2025-07-31T03:27:53.811+03:00 level=INFO msg="DEBUG: Request path: /login"
time=2025-07-31T03:27:53.811+03:00 level=INFO msg="DEBUG: Session keys: []"
time=2025-07-31T03:27:53.811+03:00 level=INFO msg="DEBUG: Session isAuthenticated: <nil>"
time=2025-07-31T03:27:53.811+03:00 level=INFO msg="DEBUG: Session user: <nil>"
time=2025-07-31T03:27:53.811+03:00 level=INFO msg="DEBUG: Session user_id: <nil>"
time=2025-07-31T03:27:53.811+03:00 level=INFO msg="DEBUG: Session username: <nil>"
time=2025-07-31T03:27:53.811+03:00 level=INFO msg="No active session"
time=2025-07-31T03:27:53.811+03:00 level=INFO msg="No active session"
time=2025-07-31T03:27:53.811+03:00 level=INFO msg="Using template directory: D:\\Development\\ios\\ui\\html"
time=2025-07-31T03:27:53.811+03:00 level=INFO msg="Loading template file: D:\\Development\\ios\\ui\\html\\login.html"
time=2025-07-31T03:27:53.811+03:00 level=INFO msg="DEBUG: Executing template with data type: *handlers.TemplateData"
time=2025-07-31T03:27:53.811+03:00 level=INFO msg="DEBUG: TemplateData.Optionz initialized: true, keys: 10"
time=2025-07-31T03:27:53.811+03:00 level=INFO msg="DEBUG: Optionz[yn] has 3 items"
time=2025-07-31T03:27:53.811+03:00 level=INFO msg="DEBUG: Optionz[yn_extra] has 4 items"
time=2025-07-31T03:27:53.811+03:00 level=INFO msg="DEBUG: Optionz[sex] has 3 items"
time=2025-07-31T03:27:53.811+03:00 level=INFO msg="DEBUG: Optionz[nationality] has 4 items"
time=2025-07-31T03:27:53.811+03:00 level=INFO msg="DEBUG: Optionz[preg] has 4 items"
time=2025-07-31T03:27:53.811+03:00 level=INFO msg="DEBUG: Optionz[result1] has 4 items"
time=2025-07-31T03:27:53.811+03:00 level=INFO msg="DEBUG: Optionz[marital] has 7 items"
time=2025-07-31T03:27:53.811+03:00 level=INFO msg="DEBUG: Optionz[mental] has 5 items"
time=2025-07-31T03:27:53.811+03:00 level=INFO msg="DEBUG: Optionz[ward] has 3 items"
time=2025-07-31T03:27:53.811+03:00 level=INFO msg="DEBUG: Optionz[result2] has 4 items"
time=2025-07-31T03:27:53.811+03:00 level=INFO msg="DEBUG: TemplateData.UserPermissions initialized: true, keys: 0"
time=2025-07-31T03:27:53.818+03:00 level=INFO msg="DEBUG: Incoming request session cookie: 4da2b852-327c-4747-81a6-bb902ca7ac4a"
time=2025-07-31T03:27:53.819+03:00 level=INFO msg="DEBUG: Request path: /favicon.ico"
time=2025-07-31T03:27:53.819+03:00 level=INFO msg="DEBUG: Session keys: []"
time=2025-07-31T03:27:53.819+03:00 level=INFO msg="DEBUG: Session isAuthenticated: <nil>"
time=2025-07-31T03:27:53.819+03:00 level=INFO msg="DEBUG: Session user: <nil>"
time=2025-07-31T03:27:53.819+03:00 level=INFO msg="DEBUG: Session user_id: <nil>"
time=2025-07-31T03:27:53.819+03:00 level=INFO msg="DEBUG: Session username: <nil>"
time=2025-07-31T03:27:53.825+03:00 level=INFO msg="DEBUG: Incoming request session cookie: 4da2b852-327c-4747-81a6-bb902ca7ac4a"
time=2025-07-31T03:27:53.826+03:00 level=INFO msg="DEBUG: Request path: /login"
time=2025-07-31T03:27:53.826+03:00 level=INFO msg="DEBUG: Session keys: []"
time=2025-07-31T03:27:53.826+03:00 level=INFO msg="DEBUG: Session isAuthenticated: <nil>"
time=2025-07-31T03:27:53.826+03:00 level=INFO msg="DEBUG: Session user: <nil>"
time=2025-07-31T03:27:53.826+03:00 level=INFO msg="DEBUG: Session user_id: <nil>"
time=2025-07-31T03:27:53.826+03:00 level=INFO msg="DEBUG: Session username: <nil>"
time=2025-07-31T03:27:53.826+03:00 level=INFO msg="No active session"
time=2025-07-31T03:27:53.826+03:00 level=INFO msg="No active session"
time=2025-07-31T03:27:53.826+03:00 level=INFO msg="Using template directory: D:\\Development\\ios\\ui\\html"
time=2025-07-31T03:27:53.826+03:00 level=INFO msg="Loading template file: D:\\Development\\ios\\ui\\html\\login.html"
time=2025-07-31T03:27:53.826+03:00 level=INFO msg="DEBUG: Executing template with data type: *handlers.TemplateData"
time=2025-07-31T03:27:53.826+03:00 level=INFO msg="DEBUG: TemplateData.Optionz initialized: true, keys: 10"
time=2025-07-31T03:27:53.826+03:00 level=INFO msg="DEBUG: Optionz[preg] has 4 items"
time=2025-07-31T03:27:53.826+03:00 level=INFO msg="DEBUG: Optionz[ward] has 3 items"
time=2025-07-31T03:27:53.826+03:00 level=INFO msg="DEBUG: Optionz[result1] has 4 items"
time=2025-07-31T03:27:53.826+03:00 level=INFO msg="DEBUG: Optionz[result2] has 4 items"
time=2025-07-31T03:27:53.826+03:00 level=INFO msg="DEBUG: Optionz[yn] has 3 items"
time=2025-07-31T03:27:53.826+03:00 level=INFO msg="DEBUG: Optionz[yn_extra] has 4 items"
time=2025-07-31T03:27:53.826+03:00 level=INFO msg="DEBUG: Optionz[sex] has 3 items"
time=2025-07-31T03:27:53.826+03:00 level=INFO msg="DEBUG: Optionz[marital] has 7 items"
time=2025-07-31T03:27:53.826+03:00 level=INFO msg="DEBUG: Optionz[nationality] has 4 items"
time=2025-07-31T03:27:53.826+03:00 level=INFO msg="DEBUG: Optionz[mental] has 5 items"
time=2025-07-31T03:27:53.826+03:00 level=INFO msg="DEBUG: TemplateData.UserPermissions initialized: true, keys: 0"
time=2025-07-31T03:41:01.395+03:00 level=INFO msg="Connecting to database" host=localhost user=postgres database=ios
time=2025-07-31T03:41:01.446+03:00 level=INFO msg="Successfully connected to database"
time=2025-07-31T03:41:01.446+03:00 level=INFO msg="Initializing SMS service" base_url=https://dispatcher2-mtracpro.health.go.ug username=case_management
time=2025-07-31T03:41:01.447+03:00 level=INFO msg="starting server..."
time=2025-07-31T03:41:23.296+03:00 level=INFO msg="DEBUG: Incoming request session cookie: 080b0956-33a5-4eee-ad22-cbaa02d1e64a"
time=2025-07-31T03:41:23.299+03:00 level=INFO msg="DEBUG: Request path: /home"
time=2025-07-31T03:41:23.300+03:00 level=INFO msg="DEBUG: Session keys: []"
time=2025-07-31T03:41:23.300+03:00 level=INFO msg="DEBUG: Session isAuthenticated: <nil>"
time=2025-07-31T03:41:23.300+03:00 level=INFO msg="DEBUG: Session user: <nil>"
time=2025-07-31T03:41:23.300+03:00 level=INFO msg="DEBUG: Session user_id: <nil>"
time=2025-07-31T03:41:23.300+03:00 level=INFO msg="DEBUG: Session username: <nil>"
time=2025-07-31T03:41:23.308+03:00 level=INFO msg="DEBUG: Incoming request session cookie: 080b0956-33a5-4eee-ad22-cbaa02d1e64a"
time=2025-07-31T03:41:23.308+03:00 level=INFO msg="DEBUG: Request path: /login"
time=2025-07-31T03:41:23.308+03:00 level=INFO msg="DEBUG: Session keys: []"
time=2025-07-31T03:41:23.308+03:00 level=INFO msg="DEBUG: Session isAuthenticated: <nil>"
time=2025-07-31T03:41:23.308+03:00 level=INFO msg="DEBUG: Session user: <nil>"
time=2025-07-31T03:41:23.308+03:00 level=INFO msg="DEBUG: Session user_id: <nil>"
time=2025-07-31T03:41:23.308+03:00 level=INFO msg="DEBUG: Session username: <nil>"
time=2025-07-31T03:41:23.309+03:00 level=INFO msg="No active session"
time=2025-07-31T03:41:23.309+03:00 level=INFO msg="No active session"
time=2025-07-31T03:41:23.309+03:00 level=INFO msg="Using template directory: D:\\Development\\ios\\ui\\html"
time=2025-07-31T03:41:23.310+03:00 level=INFO msg="Loading template file: D:\\Development\\ios\\ui\\html\\login.html"
time=2025-07-31T03:41:23.311+03:00 level=INFO msg="DEBUG: Executing template with data type: *handlers.TemplateData"
time=2025-07-31T03:41:23.311+03:00 level=INFO msg="DEBUG: TemplateData.Optionz initialized: true, keys: 10"
time=2025-07-31T03:41:23.311+03:00 level=INFO msg="DEBUG: Optionz[sex] has 3 items"
time=2025-07-31T03:41:23.311+03:00 level=INFO msg="DEBUG: Optionz[marital] has 7 items"
time=2025-07-31T03:41:23.311+03:00 level=INFO msg="DEBUG: Optionz[mental] has 5 items"
time=2025-07-31T03:41:23.311+03:00 level=INFO msg="DEBUG: Optionz[preg] has 4 items"
time=2025-07-31T03:41:23.311+03:00 level=INFO msg="DEBUG: Optionz[ward] has 3 items"
time=2025-07-31T03:41:23.311+03:00 level=INFO msg="DEBUG: Optionz[result1] has 4 items"
time=2025-07-31T03:41:23.311+03:00 level=INFO msg="DEBUG: Optionz[yn] has 3 items"
time=2025-07-31T03:41:23.311+03:00 level=INFO msg="DEBUG: Optionz[yn_extra] has 4 items"
time=2025-07-31T03:41:23.311+03:00 level=INFO msg="DEBUG: Optionz[nationality] has 4 items"
time=2025-07-31T03:41:23.311+03:00 level=INFO msg="DEBUG: Optionz[result2] has 4 items"
time=2025-07-31T03:41:23.311+03:00 level=INFO msg="DEBUG: TemplateData.UserPermissions initialized: true, keys: 0"
time=2025-07-31T03:41:23.353+03:00 level=INFO msg="DEBUG: Incoming request session cookie: 080b0956-33a5-4eee-ad22-cbaa02d1e64a"
time=2025-07-31T03:41:23.353+03:00 level=INFO msg="DEBUG: Request path: /static/css/bootstrap.min.css"
time=2025-07-31T03:41:23.353+03:00 level=INFO msg="DEBUG: Session keys: []"
time=2025-07-31T03:41:23.353+03:00 level=INFO msg="DEBUG: Session isAuthenticated: <nil>"
time=2025-07-31T03:41:23.353+03:00 level=INFO msg="DEBUG: Session user: <nil>"
time=2025-07-31T03:41:23.353+03:00 level=INFO msg="DEBUG: Session user_id: <nil>"
time=2025-07-31T03:41:23.353+03:00 level=INFO msg="DEBUG: Session username: <nil>"
time=2025-07-31T03:41:23.471+03:00 level=INFO msg="DEBUG: Incoming request session cookie: 080b0956-33a5-4eee-ad22-cbaa02d1e64a"
time=2025-07-31T03:41:23.471+03:00 level=INFO msg="DEBUG: Request path: /login"
time=2025-07-31T03:41:23.471+03:00 level=INFO msg="DEBUG: Session keys: []"
time=2025-07-31T03:41:23.471+03:00 level=INFO msg="DEBUG: Session isAuthenticated: <nil>"
time=2025-07-31T03:41:23.471+03:00 level=INFO msg="DEBUG: Session user: <nil>"
time=2025-07-31T03:41:23.471+03:00 level=INFO msg="DEBUG: Session user_id: <nil>"
time=2025-07-31T03:41:23.471+03:00 level=INFO msg="DEBUG: Session username: <nil>"
time=2025-07-31T03:41:23.471+03:00 level=INFO msg="No active session"
time=2025-07-31T03:41:23.471+03:00 level=INFO msg="No active session"
time=2025-07-31T03:41:23.471+03:00 level=INFO msg="Using template directory: D:\\Development\\ios\\ui\\html"
time=2025-07-31T03:41:23.473+03:00 level=INFO msg="Loading template file: D:\\Development\\ios\\ui\\html\\login.html"
time=2025-07-31T03:41:23.474+03:00 level=INFO msg="DEBUG: Executing template with data type: *handlers.TemplateData"
time=2025-07-31T03:41:23.474+03:00 level=INFO msg="DEBUG: TemplateData.Optionz initialized: true, keys: 10"
time=2025-07-31T03:41:23.474+03:00 level=INFO msg="DEBUG: Optionz[yn_extra] has 4 items"
time=2025-07-31T03:41:23.474+03:00 level=INFO msg="DEBUG: Optionz[sex] has 3 items"
time=2025-07-31T03:41:23.474+03:00 level=INFO msg="DEBUG: Optionz[nationality] has 4 items"
time=2025-07-31T03:41:23.474+03:00 level=INFO msg="DEBUG: Optionz[preg] has 4 items"
time=2025-07-31T03:41:23.474+03:00 level=INFO msg="DEBUG: Optionz[ward] has 3 items"
time=2025-07-31T03:41:23.474+03:00 level=INFO msg="DEBUG: Optionz[result1] has 4 items"
time=2025-07-31T03:41:23.474+03:00 level=INFO msg="DEBUG: Optionz[yn] has 3 items"
time=2025-07-31T03:41:23.474+03:00 level=INFO msg="DEBUG: Optionz[marital] has 7 items"
time=2025-07-31T03:41:23.474+03:00 level=INFO msg="DEBUG: Optionz[mental] has 5 items"
time=2025-07-31T03:41:23.474+03:00 level=INFO msg="DEBUG: Optionz[result2] has 4 items"
time=2025-07-31T03:41:23.474+03:00 level=INFO msg="DEBUG: TemplateData.UserPermissions initialized: true, keys: 0"
time=2025-07-31T03:41:23.520+03:00 level=INFO msg="DEBUG: Incoming request session cookie: 080b0956-33a5-4eee-ad22-cbaa02d1e64a"
time=2025-07-31T03:41:23.520+03:00 level=INFO msg="DEBUG: Request path: /favicon.ico"
time=2025-07-31T03:41:23.520+03:00 level=INFO msg="DEBUG: Session keys: []"
time=2025-07-31T03:41:23.520+03:00 level=INFO msg="DEBUG: Session isAuthenticated: <nil>"
time=2025-07-31T03:41:23.520+03:00 level=INFO msg="DEBUG: Session user: <nil>"
time=2025-07-31T03:41:23.520+03:00 level=INFO msg="DEBUG: Session user_id: <nil>"
time=2025-07-31T03:41:23.520+03:00 level=INFO msg="DEBUG: Session username: <nil>"
time=2025-07-31T03:41:23.528+03:00 level=INFO msg="DEBUG: Incoming request session cookie: 080b0956-33a5-4eee-ad22-cbaa02d1e64a"
time=2025-07-31T03:41:23.528+03:00 level=INFO msg="DEBUG: Request path: /login"
time=2025-07-31T03:41:23.528+03:00 level=INFO msg="DEBUG: Session keys: []"
time=2025-07-31T03:41:23.528+03:00 level=INFO msg="DEBUG: Session isAuthenticated: <nil>"
time=2025-07-31T03:41:23.528+03:00 level=INFO msg="DEBUG: Session user: <nil>"
time=2025-07-31T03:41:23.528+03:00 level=INFO msg="DEBUG: Session user_id: <nil>"
time=2025-07-31T03:41:23.528+03:00 level=INFO msg="DEBUG: Session username: <nil>"
time=2025-07-31T03:41:23.528+03:00 level=INFO msg="No active session"
time=2025-07-31T03:41:23.528+03:00 level=INFO msg="No active session"
time=2025-07-31T03:41:23.528+03:00 level=INFO msg="Using template directory: D:\\Development\\ios\\ui\\html"
time=2025-07-31T03:41:23.530+03:00 level=INFO msg="Loading template file: D:\\Development\\ios\\ui\\html\\login.html"
time=2025-07-31T03:41:23.532+03:00 level=INFO msg="DEBUG: Executing template with data type: *handlers.TemplateData"
time=2025-07-31T03:41:23.532+03:00 level=INFO msg="DEBUG: TemplateData.Optionz initialized: true, keys: 10"
time=2025-07-31T03:41:23.532+03:00 level=INFO msg="DEBUG: Optionz[yn] has 3 items"
time=2025-07-31T03:41:23.532+03:00 level=INFO msg="DEBUG: Optionz[yn_extra] has 4 items"
time=2025-07-31T03:41:23.532+03:00 level=INFO msg="DEBUG: Optionz[sex] has 3 items"
time=2025-07-31T03:41:23.532+03:00 level=INFO msg="DEBUG: Optionz[preg] has 4 items"
time=2025-07-31T03:41:23.532+03:00 level=INFO msg="DEBUG: Optionz[ward] has 3 items"
time=2025-07-31T03:41:23.532+03:00 level=INFO msg="DEBUG: Optionz[marital] has 7 items"
time=2025-07-31T03:41:23.532+03:00 level=INFO msg="DEBUG: Optionz[nationality] has 4 items"
time=2025-07-31T03:41:23.532+03:00 level=INFO msg="DEBUG: Optionz[mental] has 5 items"
time=2025-07-31T03:41:23.532+03:00 level=INFO msg="DEBUG: Optionz[result1] has 4 items"
time=2025-07-31T03:41:23.532+03:00 level=INFO msg="DEBUG: Optionz[result2] has 4 items"
time=2025-07-31T03:41:23.532+03:00 level=INFO msg="DEBUG: TemplateData.UserPermissions initialized: true, keys: 0"
time=2025-07-31T03:41:39.351+03:00 level=INFO msg="DEBUG: Incoming request session cookie: 080b0956-33a5-4eee-ad22-cbaa02d1e64a"
time=2025-07-31T03:41:39.351+03:00 level=INFO msg="DEBUG: Request path: /login"
time=2025-07-31T03:41:39.351+03:00 level=INFO msg="DEBUG: Session keys: []"
time=2025-07-31T03:41:39.351+03:00 level=INFO msg="DEBUG: Session isAuthenticated: <nil>"
time=2025-07-31T03:41:39.351+03:00 level=INFO msg="DEBUG: Session user: <nil>"
time=2025-07-31T03:41:39.351+03:00 level=INFO msg="DEBUG: Session user_id: <nil>"
time=2025-07-31T03:41:39.352+03:00 level=INFO msg="DEBUG: Session username: <nil>"
time=2025-07-31T03:41:39.368+03:00 level=INFO msg="Setting session variables" user_id=1 username=paul.mbaka@gmail.com session_keys="[user user_id userID username isAuthenticated]"
time=2025-07-31T03:41:39.372+03:00 level=INFO msg="User has multiple outbreaks or no outbreaks - outbreak selection required" user_id=1
time=2025-07-31T03:41:39.373+03:00 level=ERROR msg="Failed to get user facility for session" error="pq: relation \"employees\" does not exist" user_id=1
time=2025-07-31T03:41:39.374+03:00 level=INFO msg="Session saved successfully for user" user_id=1
time=2025-07-31T03:41:39.374+03:00 level=INFO msg="Session cookie after login" cookie=080b0956-33a5-4eee-ad22-cbaa02d1e64a
time=2025-07-31T03:41:39.376+03:00 level=INFO msg="Redirecting admin user to home" user_id=1 role=super_admin
time=2025-07-31T03:41:39.380+03:00 level=INFO msg="DEBUG: Incoming request session cookie: d3f9fe7a-dfc9-408e-aa91-2dc3b44ed2a6"
time=2025-07-31T03:41:39.381+03:00 level=INFO msg="DEBUG: Request path: /"
time=2025-07-31T03:41:39.382+03:00 level=INFO msg="DEBUG: Session keys: [username isAuthenticated authenticated user user_id userID]"
time=2025-07-31T03:41:39.382+03:00 level=INFO msg="DEBUG: Session isAuthenticated: true"
time=2025-07-31T03:41:39.382+03:00 level=INFO msg="DEBUG: Session user: 1"
time=2025-07-31T03:41:39.382+03:00 level=INFO msg="DEBUG: Session user_id: 1"
time=2025-07-31T03:41:39.382+03:00 level=INFO msg="DEBUG: Session username: paul.mbaka@gmail.com"
time=2025-07-31T03:41:39.382+03:00 level=INFO msg="Using template directory: D:\\Development\\ios\\ui\\html"
time=2025-07-31T03:41:39.384+03:00 level=INFO msg="Loading template file: D:\\Development\\ios\\ui\\html\\landing.html"
time=2025-07-31T03:41:39.384+03:00 level=INFO msg="DEBUG: Executing template with data type: *handlers.TemplateData"
time=2025-07-31T03:41:39.385+03:00 level=INFO msg="DEBUG: TemplateData.Optionz initialized: true, keys: 10"
time=2025-07-31T03:41:39.385+03:00 level=INFO msg="DEBUG: Optionz[result1] has 4 items"
time=2025-07-31T03:41:39.385+03:00 level=INFO msg="DEBUG: Optionz[yn_extra] has 4 items"
time=2025-07-31T03:41:39.385+03:00 level=INFO msg="DEBUG: Optionz[mental] has 5 items"
time=2025-07-31T03:41:39.385+03:00 level=INFO msg="DEBUG: Optionz[marital] has 7 items"
time=2025-07-31T03:41:39.385+03:00 level=INFO msg="DEBUG: Optionz[nationality] has 4 items"
time=2025-07-31T03:41:39.385+03:00 level=INFO msg="DEBUG: Optionz[preg] has 4 items"
time=2025-07-31T03:41:39.385+03:00 level=INFO msg="DEBUG: Optionz[ward] has 3 items"
time=2025-07-31T03:41:39.385+03:00 level=INFO msg="DEBUG: Optionz[result2] has 4 items"
time=2025-07-31T03:41:39.385+03:00 level=INFO msg="DEBUG: Optionz[yn] has 3 items"
time=2025-07-31T03:41:39.385+03:00 level=INFO msg="DEBUG: Optionz[sex] has 3 items"
time=2025-07-31T03:41:39.385+03:00 level=INFO msg="DEBUG: TemplateData.UserPermissions initialized: true, keys: 0"
time=2025-07-31T03:41:39.519+03:00 level=INFO msg="DEBUG: Incoming request session cookie: d3f9fe7a-dfc9-408e-aa91-2dc3b44ed2a6"
time=2025-07-31T03:41:39.520+03:00 level=INFO msg="DEBUG: Request path: /favicon.ico"
time=2025-07-31T03:41:39.520+03:00 level=INFO msg="DEBUG: Session keys: [user_id userID username isAuthenticated authenticated user]"
time=2025-07-31T03:41:39.520+03:00 level=INFO msg="DEBUG: Session isAuthenticated: true"
time=2025-07-31T03:41:39.520+03:00 level=INFO msg="DEBUG: Session user: 1"
time=2025-07-31T03:41:39.520+03:00 level=INFO msg="DEBUG: Session user_id: 1"
time=2025-07-31T03:41:39.520+03:00 level=INFO msg="DEBUG: Session username: paul.mbaka@gmail.com"
time=2025-07-31T03:41:45.547+03:00 level=INFO msg="DEBUG: Incoming request session cookie: d3f9fe7a-dfc9-408e-aa91-2dc3b44ed2a6"
time=2025-07-31T03:41:45.547+03:00 level=INFO msg="DEBUG: Request path: /home"
time=2025-07-31T03:41:45.548+03:00 level=INFO msg="DEBUG: Session keys: [username isAuthenticated authenticated user user_id userID]"
time=2025-07-31T03:41:45.548+03:00 level=INFO msg="DEBUG: Session isAuthenticated: true"
time=2025-07-31T03:41:45.548+03:00 level=INFO msg="DEBUG: Session user: 1"
time=2025-07-31T03:41:45.548+03:00 level=INFO msg="DEBUG: Session user_id: 1"
time=2025-07-31T03:41:45.548+03:00 level=INFO msg="DEBUG: Session username: paul.mbaka@gmail.com"
time=2025-07-31T03:41:45.555+03:00 level=INFO msg="Session debug" user_key_value=1 user_key_type=int
time=2025-07-31T03:41:45.564+03:00 level=INFO msg="Using template directory: D:\\Development\\ios\\ui\\html"
time=2025-07-31T03:41:45.564+03:00 level=INFO msg="Loading template file: D:\\Development\\ios\\ui\\html\\home.html"
time=2025-07-31T03:41:45.566+03:00 level=INFO msg="DEBUG: Executing template with data type: *handlers.TemplateData"
time=2025-07-31T03:41:45.566+03:00 level=INFO msg="DEBUG: TemplateData.Optionz initialized: true, keys: 11"
time=2025-07-31T03:41:45.566+03:00 level=INFO msg="DEBUG: Optionz[marital] has 7 items"
time=2025-07-31T03:41:45.566+03:00 level=INFO msg="DEBUG: Optionz[preg] has 4 items"
time=2025-07-31T03:41:45.566+03:00 level=INFO msg="DEBUG: Optionz[result1] has 4 items"
time=2025-07-31T03:41:45.566+03:00 level=INFO msg="DEBUG: Optionz[result2] has 4 items"
time=2025-07-31T03:41:45.566+03:00 level=INFO msg="DEBUG: Optionz[yn] has 3 items"
time=2025-07-31T03:41:45.566+03:00 level=INFO msg="DEBUG: Optionz[yn_extra] has 4 items"
time=2025-07-31T03:41:45.566+03:00 level=INFO msg="DEBUG: Optionz[mental] has 5 items"
time=2025-07-31T03:41:45.566+03:00 level=INFO msg="DEBUG: Optionz[ward] has 3 items"
time=2025-07-31T03:41:45.566+03:00 level=INFO msg="DEBUG: Optionz[has_case_role] has 1 items"
time=2025-07-31T03:41:45.566+03:00 level=INFO msg="DEBUG: Optionz[sex] has 3 items"
time=2025-07-31T03:41:45.566+03:00 level=INFO msg="DEBUG: Optionz[nationality] has 4 items"
time=2025-07-31T03:41:45.566+03:00 level=INFO msg="DEBUG: TemplateData.UserPermissions initialized: true, keys: 19"
time=2025-07-31T03:41:45.566+03:00 level=INFO msg="DEBUG: UserPermissions[cases] has actions: [create delete read update]"
time=2025-07-31T03:41:45.566+03:00 level=INFO msg="DEBUG: UserPermissions[password] has actions: [approve change_own reset_others]"
time=2025-07-31T03:41:45.566+03:00 level=INFO msg="DEBUG: UserPermissions[setting] has actions: [create read]"
time=2025-07-31T03:41:45.566+03:00 level=INFO msg="DEBUG: UserPermissions[users] has actions: [create delete read update]"
time=2025-07-31T03:41:45.566+03:00 level=INFO msg="DEBUG: UserPermissions[quaratine] has actions: [read]"
time=2025-07-31T03:41:45.566+03:00 level=INFO msg="DEBUG: UserPermissions[reports] has actions: [export read]"
time=2025-07-31T03:41:45.566+03:00 level=INFO msg="DEBUG: UserPermissions[vhf_lab] has actions: [create read update]"
time=2025-07-31T03:41:45.566+03:00 level=INFO msg="DEBUG: UserPermissions[vhf_patients] has actions: [create delete export read update]"
time=2025-07-31T03:41:45.566+03:00 level=INFO msg="DEBUG: UserPermissions[admin] has actions: [create delete read update]"
time=2025-07-31T03:41:45.566+03:00 level=INFO msg="DEBUG: UserPermissions[contacts] has actions: [create read update]"
time=2025-07-31T03:41:45.566+03:00 level=INFO msg="DEBUG: UserPermissions[deployment] has actions: [create read]"
time=2025-07-31T03:41:45.566+03:00 level=INFO msg="DEBUG: UserPermissions[facilities] has actions: [create delete read update]"
time=2025-07-31T03:41:45.566+03:00 level=INFO msg="DEBUG: UserPermissions[alerts] has actions: [create delete read update]"
time=2025-07-31T03:41:45.566+03:00 level=INFO msg="DEBUG: UserPermissions[laboratory] has actions: [create delete read update]"
time=2025-07-31T03:41:45.566+03:00 level=INFO msg="DEBUG: UserPermissions[vhf_cases] has actions: [read]"
time=2025-07-31T03:41:45.566+03:00 level=INFO msg="DEBUG: UserPermissions[cif] has actions: [read]"
time=2025-07-31T03:41:45.566+03:00 level=INFO msg="DEBUG: UserPermissions[employees] has actions: [assign create delete read update]"
time=2025-07-31T03:41:45.566+03:00 level=INFO msg="DEBUG: UserPermissions[outbreaks] has actions: [create delete read update]"
time=2025-07-31T03:41:45.566+03:00 level=INFO msg="DEBUG: UserPermissions[surveillance] has actions: [create delete read update]"
time=2025-07-31T03:41:45.577+03:00 level=INFO msg="DEBUG: Incoming request session cookie: d3f9fe7a-dfc9-408e-aa91-2dc3b44ed2a6"
time=2025-07-31T03:41:45.577+03:00 level=INFO msg="DEBUG: Request path: /static/css/bootstrap.min.css"
time=2025-07-31T03:41:45.577+03:00 level=INFO msg="DEBUG: Session keys: [user user_id userID username isAuthenticated authenticated]"
time=2025-07-31T03:41:45.577+03:00 level=INFO msg="DEBUG: Session isAuthenticated: true"
time=2025-07-31T03:41:45.577+03:00 level=INFO msg="DEBUG: Session user: 1"
time=2025-07-31T03:41:45.577+03:00 level=INFO msg="DEBUG: Session user_id: 1"
time=2025-07-31T03:41:45.577+03:00 level=INFO msg="DEBUG: Session username: paul.mbaka@gmail.com"
time=2025-07-31T03:41:48.168+03:00 level=INFO msg="DEBUG: Incoming request session cookie: d3f9fe7a-dfc9-408e-aa91-2dc3b44ed2a6"
time=2025-07-31T03:41:48.169+03:00 level=INFO msg="DEBUG: Request path: /ho"
time=2025-07-31T03:41:48.169+03:00 level=INFO msg="DEBUG: Session keys: [isAuthenticated authenticated user user_id userID username]"
time=2025-07-31T03:41:48.169+03:00 level=INFO msg="DEBUG: Session isAuthenticated: true"
time=2025-07-31T03:41:48.169+03:00 level=INFO msg="DEBUG: Session user: 1"
time=2025-07-31T03:41:48.169+03:00 level=INFO msg="DEBUG: Session user_id: 1"
time=2025-07-31T03:41:48.169+03:00 level=INFO msg="DEBUG: Session username: paul.mbaka@gmail.com"
time=2025-07-31T03:41:51.202+03:00 level=INFO msg="DEBUG: Incoming request session cookie: d3f9fe7a-dfc9-408e-aa91-2dc3b44ed2a6"
time=2025-07-31T03:41:51.203+03:00 level=INFO msg="DEBUG: Request path: /home"
time=2025-07-31T03:41:51.203+03:00 level=INFO msg="DEBUG: Session keys: [username isAuthenticated authenticated user user_id userID]"
time=2025-07-31T03:41:51.203+03:00 level=INFO msg="DEBUG: Session isAuthenticated: true"
time=2025-07-31T03:41:51.203+03:00 level=INFO msg="DEBUG: Session user: 1"
time=2025-07-31T03:41:51.203+03:00 level=INFO msg="DEBUG: Session user_id: 1"
time=2025-07-31T03:41:51.203+03:00 level=INFO msg="DEBUG: Session username: paul.mbaka@gmail.com"
time=2025-07-31T03:41:51.203+03:00 level=INFO msg="Session debug" user_key_value=1 user_key_type=int
time=2025-07-31T03:41:51.207+03:00 level=INFO msg="Using template directory: D:\\Development\\ios\\ui\\html"
time=2025-07-31T03:41:51.207+03:00 level=INFO msg="Loading template file: D:\\Development\\ios\\ui\\html\\home.html"
time=2025-07-31T03:41:51.209+03:00 level=INFO msg="DEBUG: Executing template with data type: *handlers.TemplateData"
time=2025-07-31T03:41:51.209+03:00 level=INFO msg="DEBUG: TemplateData.Optionz initialized: true, keys: 11"
time=2025-07-31T03:41:51.209+03:00 level=INFO msg="DEBUG: Optionz[has_case_role] has 1 items"
time=2025-07-31T03:41:51.209+03:00 level=INFO msg="DEBUG: Optionz[yn] has 3 items"
time=2025-07-31T03:41:51.209+03:00 level=INFO msg="DEBUG: Optionz[sex] has 3 items"
time=2025-07-31T03:41:51.209+03:00 level=INFO msg="DEBUG: Optionz[ward] has 3 items"
time=2025-07-31T03:41:51.209+03:00 level=INFO msg="DEBUG: Optionz[result2] has 4 items"
time=2025-07-31T03:41:51.209+03:00 level=INFO msg="DEBUG: Optionz[preg] has 4 items"
time=2025-07-31T03:41:51.209+03:00 level=INFO msg="DEBUG: Optionz[result1] has 4 items"
time=2025-07-31T03:41:51.209+03:00 level=INFO msg="DEBUG: Optionz[yn_extra] has 4 items"
time=2025-07-31T03:41:51.209+03:00 level=INFO msg="DEBUG: Optionz[marital] has 7 items"
time=2025-07-31T03:41:51.209+03:00 level=INFO msg="DEBUG: Optionz[nationality] has 4 items"
time=2025-07-31T03:41:51.209+03:00 level=INFO msg="DEBUG: Optionz[mental] has 5 items"
time=2025-07-31T03:41:51.209+03:00 level=INFO msg="DEBUG: TemplateData.UserPermissions initialized: true, keys: 19"
time=2025-07-31T03:41:51.209+03:00 level=INFO msg="DEBUG: UserPermissions[outbreaks] has actions: [create delete read update]"
time=2025-07-31T03:41:51.209+03:00 level=INFO msg="DEBUG: UserPermissions[reports] has actions: [export read]"
time=2025-07-31T03:41:51.209+03:00 level=INFO msg="DEBUG: UserPermissions[vhf_cases] has actions: [read]"
time=2025-07-31T03:41:51.209+03:00 level=INFO msg="DEBUG: UserPermissions[employees] has actions: [assign create delete read update]"
time=2025-07-31T03:41:51.209+03:00 level=INFO msg="DEBUG: UserPermissions[setting] has actions: [create read]"
time=2025-07-31T03:41:51.209+03:00 level=INFO msg="DEBUG: UserPermissions[surveillance] has actions: [create delete read update]"
time=2025-07-31T03:41:51.209+03:00 level=INFO msg="DEBUG: UserPermissions[cases] has actions: [create delete read update]"
time=2025-07-31T03:41:51.209+03:00 level=INFO msg="DEBUG: UserPermissions[facilities] has actions: [create delete read update]"
time=2025-07-31T03:41:51.209+03:00 level=INFO msg="DEBUG: UserPermissions[laboratory] has actions: [create delete read update]"
time=2025-07-31T03:41:51.209+03:00 level=INFO msg="DEBUG: UserPermissions[password] has actions: [approve change_own reset_others]"
time=2025-07-31T03:41:51.209+03:00 level=INFO msg="DEBUG: UserPermissions[quaratine] has actions: [read]"
time=2025-07-31T03:41:51.209+03:00 level=INFO msg="DEBUG: UserPermissions[cif] has actions: [read]"
time=2025-07-31T03:41:51.209+03:00 level=INFO msg="DEBUG: UserPermissions[alerts] has actions: [create delete read update]"
time=2025-07-31T03:41:51.209+03:00 level=INFO msg="DEBUG: UserPermissions[contacts] has actions: [create read update]"
time=2025-07-31T03:41:51.209+03:00 level=INFO msg="DEBUG: UserPermissions[deployment] has actions: [create read]"
time=2025-07-31T03:41:51.209+03:00 level=INFO msg="DEBUG: UserPermissions[users] has actions: [create delete read update]"
time=2025-07-31T03:41:51.209+03:00 level=INFO msg="DEBUG: UserPermissions[vhf_lab] has actions: [create read update]"
time=2025-07-31T03:41:51.209+03:00 level=INFO msg="DEBUG: UserPermissions[vhf_patients] has actions: [create delete export read update]"
time=2025-07-31T03:41:51.209+03:00 level=INFO msg="DEBUG: UserPermissions[admin] has actions: [create delete read update]"
time=2025-07-31T03:41:51.242+03:00 level=INFO msg="DEBUG: Incoming request session cookie: d3f9fe7a-dfc9-408e-aa91-2dc3b44ed2a6"
time=2025-07-31T03:41:51.242+03:00 level=INFO msg="DEBUG: Request path: /static/css/bootstrap.min.css"
time=2025-07-31T03:41:51.242+03:00 level=INFO msg="DEBUG: Session keys: [isAuthenticated authenticated user user_id userID username]"
time=2025-07-31T03:41:51.242+03:00 level=INFO msg="DEBUG: Session isAuthenticated: true"
time=2025-07-31T03:41:51.242+03:00 level=INFO msg="DEBUG: Session user: 1"
time=2025-07-31T03:41:51.242+03:00 level=INFO msg="DEBUG: Session user_id: 1"
time=2025-07-31T03:41:51.242+03:00 level=INFO msg="DEBUG: Session username: paul.mbaka@gmail.com"
time=2025-07-31T03:41:54.088+03:00 level=INFO msg="DEBUG: Incoming request session cookie: d3f9fe7a-dfc9-408e-aa91-2dc3b44ed2a6"
time=2025-07-31T03:41:54.088+03:00 level=INFO msg="DEBUG: Request path: /rbac-dashboard"
time=2025-07-31T03:41:54.088+03:00 level=INFO msg="DEBUG: Session keys: [userID username isAuthenticated authenticated user user_id]"
time=2025-07-31T03:41:54.088+03:00 level=INFO msg="DEBUG: Session isAuthenticated: true"
time=2025-07-31T03:41:54.088+03:00 level=INFO msg="DEBUG: Session user: 1"
time=2025-07-31T03:41:54.088+03:00 level=INFO msg="DEBUG: Session user_id: 1"
time=2025-07-31T03:41:54.088+03:00 level=INFO msg="DEBUG: Session username: paul.mbaka@gmail.com"
time=2025-07-31T03:41:54.091+03:00 level=INFO msg="Using template directory: D:\\Development\\ios\\ui\\html"
time=2025-07-31T03:41:54.092+03:00 level=INFO msg="Loading template file: D:\\Development\\ios\\ui\\html\\rbac_dashboard.html"
time=2025-07-31T03:41:54.096+03:00 level=INFO msg="DEBUG: Executing template with data type: *handlers.TemplateData"
time=2025-07-31T03:41:54.096+03:00 level=INFO msg="DEBUG: TemplateData.Optionz initialized: true, keys: 10"
time=2025-07-31T03:41:54.096+03:00 level=INFO msg="DEBUG: Optionz[marital] has 7 items"
time=2025-07-31T03:41:54.096+03:00 level=INFO msg="DEBUG: Optionz[sex] has 3 items"
time=2025-07-31T03:41:54.096+03:00 level=INFO msg="DEBUG: Optionz[nationality] has 4 items"
time=2025-07-31T03:41:54.096+03:00 level=INFO msg="DEBUG: Optionz[mental] has 5 items"
time=2025-07-31T03:41:54.096+03:00 level=INFO msg="DEBUG: Optionz[preg] has 4 items"
time=2025-07-31T03:41:54.096+03:00 level=INFO msg="DEBUG: Optionz[ward] has 3 items"
time=2025-07-31T03:41:54.096+03:00 level=INFO msg="DEBUG: Optionz[result1] has 4 items"
time=2025-07-31T03:41:54.096+03:00 level=INFO msg="DEBUG: Optionz[yn] has 3 items"
time=2025-07-31T03:41:54.096+03:00 level=INFO msg="DEBUG: Optionz[yn_extra] has 4 items"
time=2025-07-31T03:41:54.096+03:00 level=INFO msg="DEBUG: Optionz[result2] has 4 items"
time=2025-07-31T03:41:54.096+03:00 level=INFO msg="DEBUG: TemplateData.UserPermissions initialized: true, keys: 19"
time=2025-07-31T03:41:54.096+03:00 level=INFO msg="DEBUG: UserPermissions[alerts] has actions: [create delete read update]"
time=2025-07-31T03:41:54.096+03:00 level=INFO msg="DEBUG: UserPermissions[deployment] has actions: [create read]"
time=2025-07-31T03:41:54.096+03:00 level=INFO msg="DEBUG: UserPermissions[vhf_patients] has actions: [create delete export read update]"
time=2025-07-31T03:41:54.096+03:00 level=INFO msg="DEBUG: UserPermissions[cases] has actions: [create delete read update]"
time=2025-07-31T03:41:54.096+03:00 level=INFO msg="DEBUG: UserPermissions[contacts] has actions: [create read update]"
time=2025-07-31T03:41:54.096+03:00 level=INFO msg="DEBUG: UserPermissions[surveillance] has actions: [create delete read update]"
time=2025-07-31T03:41:54.096+03:00 level=INFO msg="DEBUG: UserPermissions[users] has actions: [create delete read update]"
time=2025-07-31T03:41:54.096+03:00 level=INFO msg="DEBUG: UserPermissions[vhf_cases] has actions: [read]"
time=2025-07-31T03:41:54.096+03:00 level=INFO msg="DEBUG: UserPermissions[quaratine] has actions: [read]"
time=2025-07-31T03:41:54.096+03:00 level=INFO msg="DEBUG: UserPermissions[reports] has actions: [export read]"
time=2025-07-31T03:41:54.096+03:00 level=INFO msg="DEBUG: UserPermissions[vhf_lab] has actions: [create read update]"
time=2025-07-31T03:41:54.096+03:00 level=INFO msg="DEBUG: UserPermissions[admin] has actions: [create delete read update]"
time=2025-07-31T03:41:54.096+03:00 level=INFO msg="DEBUG: UserPermissions[employees] has actions: [assign create delete read update]"
time=2025-07-31T03:41:54.096+03:00 level=INFO msg="DEBUG: UserPermissions[facilities] has actions: [create delete read update]"
time=2025-07-31T03:41:54.096+03:00 level=INFO msg="DEBUG: UserPermissions[outbreaks] has actions: [create delete read update]"
time=2025-07-31T03:41:54.096+03:00 level=INFO msg="DEBUG: UserPermissions[password] has actions: [approve change_own reset_others]"
time=2025-07-31T03:41:54.096+03:00 level=INFO msg="DEBUG: UserPermissions[cif] has actions: [read]"
time=2025-07-31T03:41:54.096+03:00 level=INFO msg="DEBUG: UserPermissions[laboratory] has actions: [create delete read update]"
time=2025-07-31T03:41:54.096+03:00 level=INFO msg="DEBUG: UserPermissions[setting] has actions: [create read]"
time=2025-07-31T03:41:54.158+03:00 level=INFO msg="DEBUG: Incoming request session cookie: d3f9fe7a-dfc9-408e-aa91-2dc3b44ed2a6"
time=2025-07-31T03:41:54.159+03:00 level=INFO msg="DEBUG: Request path: /static/css/bootstrap.min.css"
time=2025-07-31T03:41:54.159+03:00 level=INFO msg="DEBUG: Session keys: [user_id userID username isAuthenticated authenticated user]"
time=2025-07-31T03:41:54.159+03:00 level=INFO msg="DEBUG: Session isAuthenticated: true"
time=2025-07-31T03:41:54.159+03:00 level=INFO msg="DEBUG: Session user: 1"
time=2025-07-31T03:41:54.159+03:00 level=INFO msg="DEBUG: Session user_id: 1"
time=2025-07-31T03:41:54.159+03:00 level=INFO msg="DEBUG: Session username: paul.mbaka@gmail.com"
time=2025-07-31T03:41:54.173+03:00 level=INFO msg="DEBUG: Incoming request session cookie: d3f9fe7a-dfc9-408e-aa91-2dc3b44ed2a6"
time=2025-07-31T03:41:54.173+03:00 level=INFO msg="DEBUG: Request path: /api/rbac/stats"
time=2025-07-31T03:41:54.173+03:00 level=INFO msg="DEBUG: Session keys: [isAuthenticated authenticated user user_id userID username]"
time=2025-07-31T03:41:54.173+03:00 level=INFO msg="DEBUG: Session isAuthenticated: true"
time=2025-07-31T03:41:54.173+03:00 level=INFO msg="DEBUG: Session user: 1"
time=2025-07-31T03:41:54.173+03:00 level=INFO msg="DEBUG: Session user_id: 1"
time=2025-07-31T03:41:54.173+03:00 level=INFO msg="DEBUG: Session username: paul.mbaka@gmail.com"
time=2025-07-31T03:41:54.176+03:00 level=INFO msg="DEBUG: Incoming request session cookie: d3f9fe7a-dfc9-408e-aa91-2dc3b44ed2a6"
time=2025-07-31T03:41:54.176+03:00 level=INFO msg="DEBUG: Request path: /api/rbac/roles"
time=2025-07-31T03:41:54.176+03:00 level=INFO msg="DEBUG: Incoming request session cookie: d3f9fe7a-dfc9-408e-aa91-2dc3b44ed2a6"
time=2025-07-31T03:41:54.176+03:00 level=INFO msg="DEBUG: Request path: /api/rbac/permissions"
time=2025-07-31T03:41:54.176+03:00 level=INFO msg="DEBUG: Session keys: [authenticated user user_id userID username isAuthenticated]"
time=2025-07-31T03:41:54.176+03:00 level=INFO msg="DEBUG: Session isAuthenticated: true"
time=2025-07-31T03:41:54.176+03:00 level=INFO msg="DEBUG: Session user: 1"
time=2025-07-31T03:41:54.176+03:00 level=INFO msg="DEBUG: Session user_id: 1"
time=2025-07-31T03:41:54.176+03:00 level=INFO msg="DEBUG: Session username: paul.mbaka@gmail.com"
time=2025-07-31T03:41:54.176+03:00 level=INFO msg="DEBUG: Session keys: [authenticated user user_id userID username isAuthenticated]"
time=2025-07-31T03:41:54.176+03:00 level=INFO msg="DEBUG: Session isAuthenticated: true"
time=2025-07-31T03:41:54.176+03:00 level=INFO msg="DEBUG: Session user: 1"
time=2025-07-31T03:41:54.176+03:00 level=INFO msg="DEBUG: Session user_id: 1"
time=2025-07-31T03:41:54.176+03:00 level=INFO msg="DEBUG: Session username: paul.mbaka@gmail.com"
time=2025-07-31T03:41:54.179+03:00 level=INFO msg="DEBUG: Incoming request session cookie: d3f9fe7a-dfc9-408e-aa91-2dc3b44ed2a6"
time=2025-07-31T03:41:54.179+03:00 level=INFO msg="DEBUG: Request path: /api/rbac/users"
time=2025-07-31T03:41:54.179+03:00 level=INFO msg="DEBUG: Session keys: [authenticated user user_id userID username isAuthenticated]"
time=2025-07-31T03:41:54.179+03:00 level=INFO msg="DEBUG: Session isAuthenticated: true"
time=2025-07-31T03:41:54.179+03:00 level=INFO msg="DEBUG: Session user: 1"
time=2025-07-31T03:41:54.179+03:00 level=INFO msg="DEBUG: Session user_id: 1"
time=2025-07-31T03:41:54.179+03:00 level=INFO msg="DEBUG: Session username: paul.mbaka@gmail.com"
time=2025-07-31T03:41:54.185+03:00 level=INFO msg="DEBUG: Incoming request session cookie: d3f9fe7a-dfc9-408e-aa91-2dc3b44ed2a6"
time=2025-07-31T03:41:54.185+03:00 level=INFO msg="DEBUG: Request path: /api/rbac/migration-status"
time=2025-07-31T03:41:54.185+03:00 level=INFO msg="DEBUG: Session keys: [authenticated user user_id userID username isAuthenticated]"
time=2025-07-31T03:41:54.185+03:00 level=INFO msg="DEBUG: Session isAuthenticated: true"
time=2025-07-31T03:41:54.185+03:00 level=INFO msg="DEBUG: Session user: 1"
time=2025-07-31T03:41:54.185+03:00 level=INFO msg="DEBUG: Session user_id: 1"
time=2025-07-31T03:41:54.185+03:00 level=INFO msg="DEBUG: Session username: paul.mbaka@gmail.com"
time=2025-07-31T03:41:56.719+03:00 level=INFO msg="DEBUG: Incoming request session cookie: d3f9fe7a-dfc9-408e-aa91-2dc3b44ed2a6"
time=2025-07-31T03:41:56.719+03:00 level=INFO msg="DEBUG: Request path: /rbac-dashboard"
time=2025-07-31T03:41:56.719+03:00 level=INFO msg="DEBUG: Session keys: [isAuthenticated authenticated user user_id userID username]"
time=2025-07-31T03:41:56.719+03:00 level=INFO msg="DEBUG: Session isAuthenticated: true"
time=2025-07-31T03:41:56.719+03:00 level=INFO msg="DEBUG: Session user: 1"
time=2025-07-31T03:41:56.719+03:00 level=INFO msg="DEBUG: Session user_id: 1"
time=2025-07-31T03:41:56.719+03:00 level=INFO msg="DEBUG: Session username: paul.mbaka@gmail.com"
time=2025-07-31T03:41:56.723+03:00 level=INFO msg="Using template directory: D:\\Development\\ios\\ui\\html"
time=2025-07-31T03:41:56.725+03:00 level=INFO msg="Loading template file: D:\\Development\\ios\\ui\\html\\rbac_dashboard.html"
time=2025-07-31T03:41:56.727+03:00 level=INFO msg="DEBUG: Executing template with data type: *handlers.TemplateData"
time=2025-07-31T03:41:56.727+03:00 level=INFO msg="DEBUG: TemplateData.Optionz initialized: true, keys: 10"
time=2025-07-31T03:41:56.727+03:00 level=INFO msg="DEBUG: Optionz[ward] has 3 items"
time=2025-07-31T03:41:56.727+03:00 level=INFO msg="DEBUG: Optionz[result2] has 4 items"
time=2025-07-31T03:41:56.727+03:00 level=INFO msg="DEBUG: Optionz[yn] has 3 items"
time=2025-07-31T03:41:56.727+03:00 level=INFO msg="DEBUG: Optionz[nationality] has 4 items"
time=2025-07-31T03:41:56.727+03:00 level=INFO msg="DEBUG: Optionz[mental] has 5 items"
time=2025-07-31T03:41:56.727+03:00 level=INFO msg="DEBUG: Optionz[preg] has 4 items"
time=2025-07-31T03:41:56.727+03:00 level=INFO msg="DEBUG: Optionz[result1] has 4 items"
time=2025-07-31T03:41:56.727+03:00 level=INFO msg="DEBUG: Optionz[yn_extra] has 4 items"
time=2025-07-31T03:41:56.727+03:00 level=INFO msg="DEBUG: Optionz[sex] has 3 items"
time=2025-07-31T03:41:56.727+03:00 level=INFO msg="DEBUG: Optionz[marital] has 7 items"
time=2025-07-31T03:41:56.727+03:00 level=INFO msg="DEBUG: TemplateData.UserPermissions initialized: true, keys: 19"
time=2025-07-31T03:41:56.727+03:00 level=INFO msg="DEBUG: UserPermissions[contacts] has actions: [create read update]"
time=2025-07-31T03:41:56.727+03:00 level=INFO msg="DEBUG: UserPermissions[facilities] has actions: [create delete read update]"
time=2025-07-31T03:41:56.727+03:00 level=INFO msg="DEBUG: UserPermissions[laboratory] has actions: [create delete read update]"
time=2025-07-31T03:41:56.727+03:00 level=INFO msg="DEBUG: UserPermissions[setting] has actions: [create read]"
time=2025-07-31T03:41:56.727+03:00 level=INFO msg="DEBUG: UserPermissions[surveillance] has actions: [create delete read update]"
time=2025-07-31T03:41:56.727+03:00 level=INFO msg="DEBUG: UserPermissions[vhf_cases] has actions: [read]"
time=2025-07-31T03:41:56.727+03:00 level=INFO msg="DEBUG: UserPermissions[vhf_patients] has actions: [create delete export read update]"
time=2025-07-31T03:41:56.728+03:00 level=INFO msg="DEBUG: UserPermissions[password] has actions: [approve change_own reset_others]"
time=2025-07-31T03:41:56.728+03:00 level=INFO msg="DEBUG: UserPermissions[quaratine] has actions: [read]"
time=2025-07-31T03:41:56.728+03:00 level=INFO msg="DEBUG: UserPermissions[vhf_lab] has actions: [create read update]"
time=2025-07-31T03:41:56.728+03:00 level=INFO msg="DEBUG: UserPermissions[alerts] has actions: [create delete read update]"
time=2025-07-31T03:41:56.728+03:00 level=INFO msg="DEBUG: UserPermissions[deployment] has actions: [create read]"
time=2025-07-31T03:41:56.728+03:00 level=INFO msg="DEBUG: UserPermissions[employees] has actions: [assign create delete read update]"
time=2025-07-31T03:41:56.728+03:00 level=INFO msg="DEBUG: UserPermissions[users] has actions: [create delete read update]"
time=2025-07-31T03:41:56.728+03:00 level=INFO msg="DEBUG: UserPermissions[admin] has actions: [create delete read update]"
time=2025-07-31T03:41:56.728+03:00 level=INFO msg="DEBUG: UserPermissions[cases] has actions: [create delete read update]"
time=2025-07-31T03:41:56.728+03:00 level=INFO msg="DEBUG: UserPermissions[cif] has actions: [read]"
time=2025-07-31T03:41:56.728+03:00 level=INFO msg="DEBUG: UserPermissions[outbreaks] has actions: [create delete read update]"
time=2025-07-31T03:41:56.728+03:00 level=INFO msg="DEBUG: UserPermissions[reports] has actions: [export read]"
time=2025-07-31T03:41:56.759+03:00 level=INFO msg="DEBUG: Incoming request session cookie: d3f9fe7a-dfc9-408e-aa91-2dc3b44ed2a6"
time=2025-07-31T03:41:56.759+03:00 level=INFO msg="DEBUG: Request path: /static/css/bootstrap.min.css"
time=2025-07-31T03:41:56.759+03:00 level=INFO msg="DEBUG: Session keys: [userID username isAuthenticated authenticated user user_id]"
time=2025-07-31T03:41:56.759+03:00 level=INFO msg="DEBUG: Session isAuthenticated: true"
time=2025-07-31T03:41:56.759+03:00 level=INFO msg="DEBUG: Session user: 1"
time=2025-07-31T03:41:56.759+03:00 level=INFO msg="DEBUG: Session user_id: 1"
time=2025-07-31T03:41:56.759+03:00 level=INFO msg="DEBUG: Session username: paul.mbaka@gmail.com"
time=2025-07-31T03:41:56.772+03:00 level=INFO msg="DEBUG: Incoming request session cookie: d3f9fe7a-dfc9-408e-aa91-2dc3b44ed2a6"
time=2025-07-31T03:41:56.772+03:00 level=INFO msg="DEBUG: Request path: /api/rbac/stats"
time=2025-07-31T03:41:56.772+03:00 level=INFO msg="DEBUG: Session keys: [userID username isAuthenticated authenticated user user_id]"
time=2025-07-31T03:41:56.772+03:00 level=INFO msg="DEBUG: Session isAuthenticated: true"
time=2025-07-31T03:41:56.772+03:00 level=INFO msg="DEBUG: Session user: 1"
time=2025-07-31T03:41:56.772+03:00 level=INFO msg="DEBUG: Session user_id: 1"
time=2025-07-31T03:41:56.772+03:00 level=INFO msg="DEBUG: Session username: paul.mbaka@gmail.com"
time=2025-07-31T03:41:56.772+03:00 level=INFO msg="DEBUG: Incoming request session cookie: d3f9fe7a-dfc9-408e-aa91-2dc3b44ed2a6"
time=2025-07-31T03:41:56.773+03:00 level=INFO msg="DEBUG: Incoming request session cookie: d3f9fe7a-dfc9-408e-aa91-2dc3b44ed2a6"
time=2025-07-31T03:41:56.773+03:00 level=INFO msg="DEBUG: Request path: /api/rbac/users"
time=2025-07-31T03:41:56.773+03:00 level=INFO msg="DEBUG: Request path: /api/rbac/permissions"
time=2025-07-31T03:41:56.773+03:00 level=INFO msg="DEBUG: Session keys: [user user_id userID username isAuthenticated authenticated]"
time=2025-07-31T03:41:56.773+03:00 level=INFO msg="DEBUG: Session isAuthenticated: true"
time=2025-07-31T03:41:56.773+03:00 level=INFO msg="DEBUG: Session user: 1"
time=2025-07-31T03:41:56.773+03:00 level=INFO msg="DEBUG: Session user_id: 1"
time=2025-07-31T03:41:56.773+03:00 level=INFO msg="DEBUG: Session username: paul.mbaka@gmail.com"
time=2025-07-31T03:41:56.773+03:00 level=INFO msg="DEBUG: Incoming request session cookie: d3f9fe7a-dfc9-408e-aa91-2dc3b44ed2a6"
time=2025-07-31T03:41:56.773+03:00 level=INFO msg="DEBUG: Request path: /api/rbac/roles"
time=2025-07-31T03:41:56.773+03:00 level=INFO msg="DEBUG: Session keys: [userID username isAuthenticated authenticated user user_id]"
time=2025-07-31T03:41:56.773+03:00 level=INFO msg="DEBUG: Session isAuthenticated: true"
time=2025-07-31T03:41:56.773+03:00 level=INFO msg="DEBUG: Session user: 1"
time=2025-07-31T03:41:56.773+03:00 level=INFO msg="DEBUG: Session user_id: 1"
time=2025-07-31T03:41:56.773+03:00 level=INFO msg="DEBUG: Session username: paul.mbaka@gmail.com"
time=2025-07-31T03:41:56.773+03:00 level=INFO msg="DEBUG: Session keys: [username isAuthenticated authenticated user user_id userID]"
time=2025-07-31T03:41:56.773+03:00 level=INFO msg="DEBUG: Session isAuthenticated: true"
time=2025-07-31T03:41:56.773+03:00 level=INFO msg="DEBUG: Incoming request session cookie: d3f9fe7a-dfc9-408e-aa91-2dc3b44ed2a6"
time=2025-07-31T03:41:56.773+03:00 level=INFO msg="DEBUG: Request path: /api/rbac/migration-status"
time=2025-07-31T03:41:56.773+03:00 level=INFO msg="DEBUG: Session user: 1"
time=2025-07-31T03:41:56.773+03:00 level=INFO msg="DEBUG: Session user_id: 1"
time=2025-07-31T03:41:56.773+03:00 level=INFO msg="DEBUG: Session username: paul.mbaka@gmail.com"
time=2025-07-31T03:41:56.773+03:00 level=INFO msg="DEBUG: Session keys: [user user_id userID username isAuthenticated authenticated]"
time=2025-07-31T03:41:56.773+03:00 level=INFO msg="DEBUG: Session isAuthenticated: true"
time=2025-07-31T03:41:56.773+03:00 level=INFO msg="DEBUG: Session user: 1"
time=2025-07-31T03:41:56.773+03:00 level=INFO msg="DEBUG: Session user_id: 1"
time=2025-07-31T03:41:56.773+03:00 level=INFO msg="DEBUG: Session username: paul.mbaka@gmail.com"
time=2025-07-31T03:42:05.150+03:00 level=INFO msg="DEBUG: Incoming request session cookie: d3f9fe7a-dfc9-408e-aa91-2dc3b44ed2a6"
time=2025-07-31T03:42:05.150+03:00 level=INFO msg="DEBUG: Request path: /facilities"
time=2025-07-31T03:42:05.150+03:00 level=INFO msg="DEBUG: Session keys: [user_id userID username isAuthenticated authenticated user]"
time=2025-07-31T03:42:05.150+03:00 level=INFO msg="DEBUG: Session isAuthenticated: true"
time=2025-07-31T03:42:05.150+03:00 level=INFO msg="DEBUG: Session user: 1"
time=2025-07-31T03:42:05.150+03:00 level=INFO msg="DEBUG: Session user_id: 1"
time=2025-07-31T03:42:05.150+03:00 level=INFO msg="DEBUG: Session username: paul.mbaka@gmail.com"
time=2025-07-31T03:42:08.379+03:00 level=INFO msg="DEBUG: Incoming request session cookie: d3f9fe7a-dfc9-408e-aa91-2dc3b44ed2a6"
time=2025-07-31T03:42:08.379+03:00 level=INFO msg="DEBUG: Request path: /rbac-dashboard"
time=2025-07-31T03:42:08.379+03:00 level=INFO msg="DEBUG: Session keys: [user_id userID username isAuthenticated authenticated user]"
time=2025-07-31T03:42:08.379+03:00 level=INFO msg="DEBUG: Session isAuthenticated: true"
time=2025-07-31T03:42:08.379+03:00 level=INFO msg="DEBUG: Session user: 1"
time=2025-07-31T03:42:08.379+03:00 level=INFO msg="DEBUG: Session user_id: 1"
time=2025-07-31T03:42:08.379+03:00 level=INFO msg="DEBUG: Session username: paul.mbaka@gmail.com"
time=2025-07-31T03:42:08.387+03:00 level=INFO msg="Using template directory: D:\\Development\\ios\\ui\\html"
time=2025-07-31T03:42:08.388+03:00 level=INFO msg="Loading template file: D:\\Development\\ios\\ui\\html\\rbac_dashboard.html"
time=2025-07-31T03:42:08.388+03:00 level=INFO msg="DEBUG: Executing template with data type: *handlers.TemplateData"
time=2025-07-31T03:42:08.388+03:00 level=INFO msg="DEBUG: TemplateData.Optionz initialized: true, keys: 10"
time=2025-07-31T03:42:08.388+03:00 level=INFO msg="DEBUG: Optionz[mental] has 5 items"
time=2025-07-31T03:42:08.388+03:00 level=INFO msg="DEBUG: Optionz[preg] has 4 items"
time=2025-07-31T03:42:08.389+03:00 level=INFO msg="DEBUG: Optionz[ward] has 3 items"
time=2025-07-31T03:42:08.389+03:00 level=INFO msg="DEBUG: Optionz[result2] has 4 items"
time=2025-07-31T03:42:08.389+03:00 level=INFO msg="DEBUG: Optionz[yn] has 3 items"
time=2025-07-31T03:42:08.389+03:00 level=INFO msg="DEBUG: Optionz[sex] has 3 items"
time=2025-07-31T03:42:08.389+03:00 level=INFO msg="DEBUG: Optionz[marital] has 7 items"
time=2025-07-31T03:42:08.389+03:00 level=INFO msg="DEBUG: Optionz[nationality] has 4 items"
time=2025-07-31T03:42:08.389+03:00 level=INFO msg="DEBUG: Optionz[result1] has 4 items"
time=2025-07-31T03:42:08.389+03:00 level=INFO msg="DEBUG: Optionz[yn_extra] has 4 items"
time=2025-07-31T03:42:08.389+03:00 level=INFO msg="DEBUG: TemplateData.UserPermissions initialized: true, keys: 19"
time=2025-07-31T03:42:08.389+03:00 level=INFO msg="DEBUG: UserPermissions[cases] has actions: [create delete read update]"
time=2025-07-31T03:42:08.389+03:00 level=INFO msg="DEBUG: UserPermissions[facilities] has actions: [create delete read update]"
time=2025-07-31T03:42:08.389+03:00 level=INFO msg="DEBUG: UserPermissions[password] has actions: [approve change_own reset_others]"
time=2025-07-31T03:42:08.389+03:00 level=INFO msg="DEBUG: UserPermissions[quaratine] has actions: [read]"
time=2025-07-31T03:42:08.389+03:00 level=INFO msg="DEBUG: UserPermissions[setting] has actions: [create read]"
time=2025-07-31T03:42:08.389+03:00 level=INFO msg="DEBUG: UserPermissions[users] has actions: [create delete read update]"
time=2025-07-31T03:42:08.389+03:00 level=INFO msg="DEBUG: UserPermissions[vhf_cases] has actions: [read]"
time=2025-07-31T03:42:08.389+03:00 level=INFO msg="DEBUG: UserPermissions[admin] has actions: [create delete read update]"
time=2025-07-31T03:42:08.389+03:00 level=INFO msg="DEBUG: UserPermissions[deployment] has actions: [create read]"
time=2025-07-31T03:42:08.389+03:00 level=INFO msg="DEBUG: UserPermissions[employees] has actions: [assign create delete read update]"
time=2025-07-31T03:42:08.389+03:00 level=INFO msg="DEBUG: UserPermissions[vhf_lab] has actions: [create read update]"
time=2025-07-31T03:42:08.389+03:00 level=INFO msg="DEBUG: UserPermissions[vhf_patients] has actions: [create delete export read update]"
time=2025-07-31T03:42:08.389+03:00 level=INFO msg="DEBUG: UserPermissions[surveillance] has actions: [create delete read update]"
time=2025-07-31T03:42:08.389+03:00 level=INFO msg="DEBUG: UserPermissions[cif] has actions: [read]"
time=2025-07-31T03:42:08.389+03:00 level=INFO msg="DEBUG: UserPermissions[laboratory] has actions: [create delete read update]"
time=2025-07-31T03:42:08.389+03:00 level=INFO msg="DEBUG: UserPermissions[outbreaks] has actions: [create delete read update]"
time=2025-07-31T03:42:08.389+03:00 level=INFO msg="DEBUG: UserPermissions[alerts] has actions: [create delete read update]"
time=2025-07-31T03:42:08.389+03:00 level=INFO msg="DEBUG: UserPermissions[contacts] has actions: [create read update]"
time=2025-07-31T03:42:08.389+03:00 level=INFO msg="DEBUG: UserPermissions[reports] has actions: [export read]"
time=2025-07-31T03:42:08.412+03:00 level=INFO msg="DEBUG: Incoming request session cookie: d3f9fe7a-dfc9-408e-aa91-2dc3b44ed2a6"
time=2025-07-31T03:42:08.413+03:00 level=INFO msg="DEBUG: Request path: /static/css/bootstrap.min.css"
time=2025-07-31T03:42:08.413+03:00 level=INFO msg="DEBUG: Session keys: [user_id userID username isAuthenticated authenticated user]"
time=2025-07-31T03:42:08.413+03:00 level=INFO msg="DEBUG: Session isAuthenticated: true"
time=2025-07-31T03:42:08.413+03:00 level=INFO msg="DEBUG: Session user: 1"
time=2025-07-31T03:42:08.413+03:00 level=INFO msg="DEBUG: Session user_id: 1"
time=2025-07-31T03:42:08.413+03:00 level=INFO msg="DEBUG: Session username: paul.mbaka@gmail.com"
time=2025-07-31T03:42:08.424+03:00 level=INFO msg="DEBUG: Incoming request session cookie: d3f9fe7a-dfc9-408e-aa91-2dc3b44ed2a6"
time=2025-07-31T03:42:08.424+03:00 level=INFO msg="DEBUG: Request path: /api/rbac/stats"
time=2025-07-31T03:42:08.425+03:00 level=INFO msg="DEBUG: Session keys: [isAuthenticated authenticated user user_id userID username]"
time=2025-07-31T03:42:08.425+03:00 level=INFO msg="DEBUG: Session isAuthenticated: true"
time=2025-07-31T03:42:08.425+03:00 level=INFO msg="DEBUG: Session user: 1"
time=2025-07-31T03:42:08.425+03:00 level=INFO msg="DEBUG: Session user_id: 1"
time=2025-07-31T03:42:08.425+03:00 level=INFO msg="DEBUG: Session username: paul.mbaka@gmail.com"
time=2025-07-31T03:42:08.425+03:00 level=INFO msg="DEBUG: Incoming request session cookie: d3f9fe7a-dfc9-408e-aa91-2dc3b44ed2a6"
time=2025-07-31T03:42:08.425+03:00 level=INFO msg="DEBUG: Request path: /api/rbac/permissions"
time=2025-07-31T03:42:08.425+03:00 level=INFO msg="DEBUG: Incoming request session cookie: d3f9fe7a-dfc9-408e-aa91-2dc3b44ed2a6"
time=2025-07-31T03:42:08.425+03:00 level=INFO msg="DEBUG: Request path: /api/rbac/roles"
time=2025-07-31T03:42:08.426+03:00 level=INFO msg="DEBUG: Incoming request session cookie: d3f9fe7a-dfc9-408e-aa91-2dc3b44ed2a6"
time=2025-07-31T03:42:08.427+03:00 level=INFO msg="DEBUG: Request path: /api/rbac/migration-status"
time=2025-07-31T03:42:08.427+03:00 level=INFO msg="DEBUG: Session keys: [isAuthenticated authenticated user user_id userID username]"
time=2025-07-31T03:42:08.427+03:00 level=INFO msg="DEBUG: Session isAuthenticated: true"
time=2025-07-31T03:42:08.427+03:00 level=INFO msg="DEBUG: Session user: 1"
time=2025-07-31T03:42:08.427+03:00 level=INFO msg="DEBUG: Session user_id: 1"
time=2025-07-31T03:42:08.427+03:00 level=INFO msg="DEBUG: Session username: paul.mbaka@gmail.com"
time=2025-07-31T03:42:08.427+03:00 level=INFO msg="DEBUG: Incoming request session cookie: d3f9fe7a-dfc9-408e-aa91-2dc3b44ed2a6"
time=2025-07-31T03:42:08.427+03:00 level=INFO msg="DEBUG: Session keys: [isAuthenticated authenticated user user_id userID username]"
time=2025-07-31T03:42:08.427+03:00 level=INFO msg="DEBUG: Session keys: [userID username isAuthenticated authenticated user user_id]"
time=2025-07-31T03:42:08.427+03:00 level=INFO msg="DEBUG: Session isAuthenticated: true"
time=2025-07-31T03:42:08.427+03:00 level=INFO msg="DEBUG: Session user: 1"
time=2025-07-31T03:42:08.427+03:00 level=INFO msg="DEBUG: Session user_id: 1"
time=2025-07-31T03:42:08.427+03:00 level=INFO msg="DEBUG: Session username: paul.mbaka@gmail.com"
time=2025-07-31T03:42:08.428+03:00 level=INFO msg="DEBUG: Request path: /api/rbac/users"
time=2025-07-31T03:42:08.428+03:00 level=INFO msg="DEBUG: Session keys: [user user_id userID username isAuthenticated authenticated]"
time=2025-07-31T03:42:08.428+03:00 level=INFO msg="DEBUG: Session isAuthenticated: true"
time=2025-07-31T03:42:08.428+03:00 level=INFO msg="DEBUG: Session user: 1"
time=2025-07-31T03:42:08.428+03:00 level=INFO msg="DEBUG: Session user_id: 1"
time=2025-07-31T03:42:08.428+03:00 level=INFO msg="DEBUG: Session username: paul.mbaka@gmail.com"
time=2025-07-31T03:42:08.428+03:00 level=INFO msg="DEBUG: Session isAuthenticated: true"
time=2025-07-31T03:42:08.428+03:00 level=INFO msg="DEBUG: Session user: 1"
time=2025-07-31T03:42:08.428+03:00 level=INFO msg="DEBUG: Session user_id: 1"
time=2025-07-31T03:42:08.428+03:00 level=INFO msg="DEBUG: Session username: paul.mbaka@gmail.com"
time=2025-07-31T03:45:59.649+03:00 level=INFO msg="Connecting to database" host=localhost user=postgres database=ios
time=2025-07-31T03:45:59.771+03:00 level=INFO msg="Successfully connected to database"
time=2025-07-31T03:45:59.772+03:00 level=INFO msg="Initializing SMS service" base_url=https://dispatcher2-mtracpro.health.go.ug username=case_management
time=2025-07-31T03:45:59.773+03:00 level=INFO msg="starting server..."
time=2025-07-31T03:46:06.947+03:00 level=INFO msg="DEBUG: Incoming request session cookie: "
time=2025-07-31T03:46:06.949+03:00 level=INFO msg="DEBUG: Request path: /users"
time=2025-07-31T03:46:06.949+03:00 level=INFO msg="DEBUG: Session keys: []"
time=2025-07-31T03:46:06.949+03:00 level=INFO msg="DEBUG: Session isAuthenticated: <nil>"
time=2025-07-31T03:46:06.949+03:00 level=INFO msg="DEBUG: Session user: <nil>"
time=2025-07-31T03:46:06.949+03:00 level=INFO msg="DEBUG: Session user_id: <nil>"
time=2025-07-31T03:46:06.949+03:00 level=INFO msg="DEBUG: Session username: <nil>"
time=2025-07-31T03:46:06.951+03:00 level=INFO msg="DEBUG: Incoming request session cookie: "
time=2025-07-31T03:46:06.951+03:00 level=INFO msg="DEBUG: Request path: /login"
time=2025-07-31T03:46:06.951+03:00 level=INFO msg="DEBUG: Session keys: []"
time=2025-07-31T03:46:06.951+03:00 level=INFO msg="DEBUG: Session isAuthenticated: <nil>"
time=2025-07-31T03:46:06.951+03:00 level=INFO msg="DEBUG: Session user: <nil>"
time=2025-07-31T03:46:06.951+03:00 level=INFO msg="DEBUG: Session user_id: <nil>"
time=2025-07-31T03:46:06.951+03:00 level=INFO msg="DEBUG: Session username: <nil>"
time=2025-07-31T03:46:06.951+03:00 level=INFO msg="No active session"
time=2025-07-31T03:46:06.951+03:00 level=INFO msg="No active session"
time=2025-07-31T03:46:06.951+03:00 level=INFO msg="Using template directory: D:\\Development\\ios\\ui\\html"
time=2025-07-31T03:46:06.952+03:00 level=INFO msg="Loading template file: D:\\Development\\ios\\ui\\html\\login.html"
time=2025-07-31T03:46:06.952+03:00 level=INFO msg="DEBUG: Executing template with data type: *handlers.TemplateData"
time=2025-07-31T03:46:06.952+03:00 level=INFO msg="DEBUG: TemplateData.Optionz initialized: true, keys: 10"
time=2025-07-31T03:46:06.952+03:00 level=INFO msg="DEBUG: Optionz[preg] has 4 items"
time=2025-07-31T03:46:06.952+03:00 level=INFO msg="DEBUG: Optionz[result1] has 4 items"
time=2025-07-31T03:46:06.952+03:00 level=INFO msg="DEBUG: Optionz[sex] has 3 items"
time=2025-07-31T03:46:06.952+03:00 level=INFO msg="DEBUG: Optionz[mental] has 5 items"
time=2025-07-31T03:46:06.952+03:00 level=INFO msg="DEBUG: Optionz[marital] has 7 items"
time=2025-07-31T03:46:06.952+03:00 level=INFO msg="DEBUG: Optionz[nationality] has 4 items"
time=2025-07-31T03:46:06.952+03:00 level=INFO msg="DEBUG: Optionz[ward] has 3 items"
time=2025-07-31T03:46:06.952+03:00 level=INFO msg="DEBUG: Optionz[result2] has 4 items"
time=2025-07-31T03:46:06.952+03:00 level=INFO msg="DEBUG: Optionz[yn] has 3 items"
time=2025-07-31T03:46:06.952+03:00 level=INFO msg="DEBUG: Optionz[yn_extra] has 4 items"
time=2025-07-31T03:46:06.952+03:00 level=INFO msg="DEBUG: TemplateData.UserPermissions initialized: true, keys: 0"
time=2025-07-31T03:46:24.888+03:00 level=INFO msg="DEBUG: Incoming request session cookie: "
time=2025-07-31T03:46:24.888+03:00 level=INFO msg="DEBUG: Request path: /employees"
time=2025-07-31T03:46:24.888+03:00 level=INFO msg="DEBUG: Session keys: []"
time=2025-07-31T03:46:24.888+03:00 level=INFO msg="DEBUG: Session isAuthenticated: <nil>"
time=2025-07-31T03:46:24.888+03:00 level=INFO msg="DEBUG: Session user: <nil>"
time=2025-07-31T03:46:24.888+03:00 level=INFO msg="DEBUG: Session user_id: <nil>"
time=2025-07-31T03:46:24.888+03:00 level=INFO msg="DEBUG: Session username: <nil>"
time=2025-07-31T03:46:24.888+03:00 level=INFO msg="DEBUG: Incoming request session cookie: "
time=2025-07-31T03:46:24.889+03:00 level=INFO msg="DEBUG: Request path: /login"
time=2025-07-31T03:46:24.889+03:00 level=INFO msg="DEBUG: Session keys: []"
time=2025-07-31T03:46:24.889+03:00 level=INFO msg="DEBUG: Session isAuthenticated: <nil>"
time=2025-07-31T03:46:24.889+03:00 level=INFO msg="DEBUG: Session user: <nil>"
time=2025-07-31T03:46:24.889+03:00 level=INFO msg="DEBUG: Session user_id: <nil>"
time=2025-07-31T03:46:24.889+03:00 level=INFO msg="DEBUG: Session username: <nil>"
time=2025-07-31T03:46:24.889+03:00 level=INFO msg="No active session"
time=2025-07-31T03:46:24.889+03:00 level=INFO msg="No active session"
time=2025-07-31T03:46:24.889+03:00 level=INFO msg="Using template directory: D:\\Development\\ios\\ui\\html"
time=2025-07-31T03:46:24.895+03:00 level=INFO msg="Loading template file: D:\\Development\\ios\\ui\\html\\login.html"
time=2025-07-31T03:46:24.895+03:00 level=INFO msg="DEBUG: Executing template with data type: *handlers.TemplateData"
time=2025-07-31T03:46:24.895+03:00 level=INFO msg="DEBUG: TemplateData.Optionz initialized: true, keys: 10"
time=2025-07-31T03:46:24.895+03:00 level=INFO msg="DEBUG: Optionz[yn] has 3 items"
time=2025-07-31T03:46:24.895+03:00 level=INFO msg="DEBUG: Optionz[yn_extra] has 4 items"
time=2025-07-31T03:46:24.895+03:00 level=INFO msg="DEBUG: Optionz[result1] has 4 items"
time=2025-07-31T03:46:24.895+03:00 level=INFO msg="DEBUG: Optionz[mental] has 5 items"
time=2025-07-31T03:46:24.895+03:00 level=INFO msg="DEBUG: Optionz[preg] has 4 items"
time=2025-07-31T03:46:24.895+03:00 level=INFO msg="DEBUG: Optionz[ward] has 3 items"
time=2025-07-31T03:46:24.895+03:00 level=INFO msg="DEBUG: Optionz[result2] has 4 items"
time=2025-07-31T03:46:24.895+03:00 level=INFO msg="DEBUG: Optionz[sex] has 3 items"
time=2025-07-31T03:46:24.895+03:00 level=INFO msg="DEBUG: Optionz[marital] has 7 items"
time=2025-07-31T03:46:24.895+03:00 level=INFO msg="DEBUG: Optionz[nationality] has 4 items"
time=2025-07-31T03:46:24.895+03:00 level=INFO msg="DEBUG: TemplateData.UserPermissions initialized: true, keys: 0"
time=2025-07-31T03:49:39.164+03:00 level=INFO msg="Connecting to database" host=localhost user=postgres database=ios
time=2025-07-31T03:49:39.214+03:00 level=INFO msg="Successfully connected to database"
time=2025-07-31T03:49:39.217+03:00 level=INFO msg="Initializing SMS service" base_url=https://dispatcher2-mtracpro.health.go.ug username=case_management
time=2025-07-31T03:49:39.217+03:00 level=INFO msg="starting server..."
time=2025-07-31T03:49:47.032+03:00 level=INFO msg="DEBUG: Incoming request session cookie: "
time=2025-07-31T03:49:47.033+03:00 level=INFO msg="DEBUG: Request path: /users"
time=2025-07-31T03:49:47.033+03:00 level=INFO msg="DEBUG: Session keys: []"
time=2025-07-31T03:49:47.033+03:00 level=INFO msg="DEBUG: Session isAuthenticated: <nil>"
time=2025-07-31T03:49:47.033+03:00 level=INFO msg="DEBUG: Session user: <nil>"
time=2025-07-31T03:49:47.033+03:00 level=INFO msg="DEBUG: Session user_id: <nil>"
time=2025-07-31T03:49:47.033+03:00 level=INFO msg="DEBUG: Session username: <nil>"
time=2025-07-31T03:49:47.034+03:00 level=INFO msg="DEBUG: Incoming request session cookie: "
time=2025-07-31T03:49:47.034+03:00 level=INFO msg="DEBUG: Request path: /login"
time=2025-07-31T03:49:47.035+03:00 level=INFO msg="DEBUG: Session keys: []"
time=2025-07-31T03:49:47.035+03:00 level=INFO msg="DEBUG: Session isAuthenticated: <nil>"
time=2025-07-31T03:49:47.035+03:00 level=INFO msg="DEBUG: Session user: <nil>"
time=2025-07-31T03:49:47.035+03:00 level=INFO msg="DEBUG: Session user_id: <nil>"
time=2025-07-31T03:49:47.035+03:00 level=INFO msg="DEBUG: Session username: <nil>"
time=2025-07-31T03:49:47.035+03:00 level=INFO msg="No active session"
time=2025-07-31T03:49:47.035+03:00 level=INFO msg="No active session"
time=2025-07-31T03:49:47.035+03:00 level=INFO msg="Using template directory: D:\\Development\\ios\\ui\\html"
time=2025-07-31T03:49:47.036+03:00 level=INFO msg="Loading template file: D:\\Development\\ios\\ui\\html\\login.html"
time=2025-07-31T03:49:47.036+03:00 level=INFO msg="DEBUG: Executing template with data type: *handlers.TemplateData"
time=2025-07-31T03:49:47.036+03:00 level=INFO msg="DEBUG: TemplateData.Optionz initialized: true, keys: 10"
time=2025-07-31T03:49:47.036+03:00 level=INFO msg="DEBUG: Optionz[ward] has 3 items"
time=2025-07-31T03:49:47.036+03:00 level=INFO msg="DEBUG: Optionz[result2] has 4 items"
time=2025-07-31T03:49:47.036+03:00 level=INFO msg="DEBUG: Optionz[yn] has 3 items"
time=2025-07-31T03:49:47.036+03:00 level=INFO msg="DEBUG: Optionz[marital] has 7 items"
time=2025-07-31T03:49:47.036+03:00 level=INFO msg="DEBUG: Optionz[nationality] has 4 items"
time=2025-07-31T03:49:47.036+03:00 level=INFO msg="DEBUG: Optionz[preg] has 4 items"
time=2025-07-31T03:49:47.036+03:00 level=INFO msg="DEBUG: Optionz[result1] has 4 items"
time=2025-07-31T03:49:47.036+03:00 level=INFO msg="DEBUG: Optionz[yn_extra] has 4 items"
time=2025-07-31T03:49:47.036+03:00 level=INFO msg="DEBUG: Optionz[sex] has 3 items"
time=2025-07-31T03:49:47.036+03:00 level=INFO msg="DEBUG: Optionz[mental] has 5 items"
time=2025-07-31T03:49:47.036+03:00 level=INFO msg="DEBUG: TemplateData.UserPermissions initialized: true, keys: 0"
time=2025-07-31T03:49:53.049+03:00 level=INFO msg="DEBUG: Incoming request session cookie: "
time=2025-07-31T03:49:53.050+03:00 level=INFO msg="DEBUG: Request path: /employees"
time=2025-07-31T03:49:53.050+03:00 level=INFO msg="DEBUG: Session keys: []"
time=2025-07-31T03:49:53.050+03:00 level=INFO msg="DEBUG: Session isAuthenticated: <nil>"
time=2025-07-31T03:49:53.050+03:00 level=INFO msg="DEBUG: Session user: <nil>"
time=2025-07-31T03:49:53.050+03:00 level=INFO msg="DEBUG: Session user_id: <nil>"
time=2025-07-31T03:49:53.050+03:00 level=INFO msg="DEBUG: Session username: <nil>"
time=2025-07-31T03:49:53.050+03:00 level=INFO msg="DEBUG: Incoming request session cookie: "
time=2025-07-31T03:49:53.050+03:00 level=INFO msg="DEBUG: Request path: /login"
time=2025-07-31T03:49:53.050+03:00 level=INFO msg="DEBUG: Session keys: []"
time=2025-07-31T03:49:53.050+03:00 level=INFO msg="DEBUG: Session isAuthenticated: <nil>"
time=2025-07-31T03:49:53.050+03:00 level=INFO msg="DEBUG: Session user: <nil>"
time=2025-07-31T03:49:53.050+03:00 level=INFO msg="DEBUG: Session user_id: <nil>"
time=2025-07-31T03:49:53.050+03:00 level=INFO msg="DEBUG: Session username: <nil>"
time=2025-07-31T03:49:53.050+03:00 level=INFO msg="No active session"
time=2025-07-31T03:49:53.050+03:00 level=INFO msg="No active session"
time=2025-07-31T03:49:53.050+03:00 level=INFO msg="Using template directory: D:\\Development\\ios\\ui\\html"
time=2025-07-31T03:49:53.051+03:00 level=INFO msg="Loading template file: D:\\Development\\ios\\ui\\html\\login.html"
time=2025-07-31T03:49:53.051+03:00 level=INFO msg="DEBUG: Executing template with data type: *handlers.TemplateData"
time=2025-07-31T03:49:53.051+03:00 level=INFO msg="DEBUG: TemplateData.Optionz initialized: true, keys: 10"
time=2025-07-31T03:49:53.051+03:00 level=INFO msg="DEBUG: Optionz[yn] has 3 items"
time=2025-07-31T03:49:53.051+03:00 level=INFO msg="DEBUG: Optionz[sex] has 3 items"
time=2025-07-31T03:49:53.051+03:00 level=INFO msg="DEBUG: Optionz[mental] has 5 items"
time=2025-07-31T03:49:53.051+03:00 level=INFO msg="DEBUG: Optionz[preg] has 4 items"
time=2025-07-31T03:49:53.051+03:00 level=INFO msg="DEBUG: Optionz[result1] has 4 items"
time=2025-07-31T03:49:53.051+03:00 level=INFO msg="DEBUG: Optionz[yn_extra] has 4 items"
time=2025-07-31T03:49:53.051+03:00 level=INFO msg="DEBUG: Optionz[marital] has 7 items"
time=2025-07-31T03:49:53.051+03:00 level=INFO msg="DEBUG: Optionz[nationality] has 4 items"
time=2025-07-31T03:49:53.051+03:00 level=INFO msg="DEBUG: Optionz[ward] has 3 items"
time=2025-07-31T03:49:53.051+03:00 level=INFO msg="DEBUG: Optionz[result2] has 4 items"
time=2025-07-31T03:49:53.051+03:00 level=INFO msg="DEBUG: TemplateData.UserPermissions initialized: true, keys: 0"
time=2025-07-31T03:53:03.244+03:00 level=INFO msg="Connecting to database" host=localhost user=postgres database=ios
time=2025-07-31T03:53:03.323+03:00 level=INFO msg="Successfully connected to database"
time=2025-07-31T03:53:03.323+03:00 level=INFO msg="Initializing SMS service" base_url=https://dispatcher2-mtracpro.health.go.ug username=case_management
time=2025-07-31T03:53:03.325+03:00 level=INFO msg="starting server..."
time=2025-07-31T03:53:08.904+03:00 level=INFO msg="DEBUG: Incoming request session cookie: "
time=2025-07-31T03:53:08.907+03:00 level=INFO msg="DEBUG: Request path: /employees"
time=2025-07-31T03:53:08.907+03:00 level=INFO msg="DEBUG: Session keys: []"
time=2025-07-31T03:53:08.907+03:00 level=INFO msg="DEBUG: Session isAuthenticated: <nil>"
time=2025-07-31T03:53:08.907+03:00 level=INFO msg="DEBUG: Session user: <nil>"
time=2025-07-31T03:53:08.907+03:00 level=INFO msg="DEBUG: Session user_id: <nil>"
time=2025-07-31T03:53:08.907+03:00 level=INFO msg="DEBUG: Session username: <nil>"
time=2025-07-31T03:53:08.908+03:00 level=INFO msg="DEBUG: Incoming request session cookie: "
time=2025-07-31T03:53:08.908+03:00 level=INFO msg="DEBUG: Request path: /login"
time=2025-07-31T03:53:08.909+03:00 level=INFO msg="DEBUG: Session keys: []"
time=2025-07-31T03:53:08.909+03:00 level=INFO msg="DEBUG: Session isAuthenticated: <nil>"
time=2025-07-31T03:53:08.909+03:00 level=INFO msg="DEBUG: Session user: <nil>"
time=2025-07-31T03:53:08.909+03:00 level=INFO msg="DEBUG: Session user_id: <nil>"
time=2025-07-31T03:53:08.909+03:00 level=INFO msg="DEBUG: Session username: <nil>"
time=2025-07-31T03:53:08.909+03:00 level=INFO msg="No active session"
time=2025-07-31T03:53:08.909+03:00 level=INFO msg="No active session"
time=2025-07-31T03:53:08.909+03:00 level=INFO msg="Using template directory: D:\\Development\\ios\\ui\\html"
time=2025-07-31T03:53:08.910+03:00 level=INFO msg="Loading template file: D:\\Development\\ios\\ui\\html\\login.html"
time=2025-07-31T03:53:08.911+03:00 level=INFO msg="DEBUG: Executing template with data type: *handlers.TemplateData"
time=2025-07-31T03:53:08.911+03:00 level=INFO msg="DEBUG: TemplateData.Optionz initialized: true, keys: 10"
time=2025-07-31T03:53:08.911+03:00 level=INFO msg="DEBUG: Optionz[result2] has 4 items"
time=2025-07-31T03:53:08.911+03:00 level=INFO msg="DEBUG: Optionz[yn] has 3 items"
time=2025-07-31T03:53:08.911+03:00 level=INFO msg="DEBUG: Optionz[yn_extra] has 4 items"
time=2025-07-31T03:53:08.911+03:00 level=INFO msg="DEBUG: Optionz[sex] has 3 items"
time=2025-07-31T03:53:08.911+03:00 level=INFO msg="DEBUG: Optionz[nationality] has 4 items"
time=2025-07-31T03:53:08.911+03:00 level=INFO msg="DEBUG: Optionz[mental] has 5 items"
time=2025-07-31T03:53:08.911+03:00 level=INFO msg="DEBUG: Optionz[ward] has 3 items"
time=2025-07-31T03:53:08.911+03:00 level=INFO msg="DEBUG: Optionz[result1] has 4 items"
time=2025-07-31T03:53:08.911+03:00 level=INFO msg="DEBUG: Optionz[marital] has 7 items"
time=2025-07-31T03:53:08.911+03:00 level=INFO msg="DEBUG: Optionz[preg] has 4 items"
time=2025-07-31T03:53:08.911+03:00 level=INFO msg="DEBUG: TemplateData.UserPermissions initialized: true, keys: 0"
time=2025-07-31T03:56:18.455+03:00 level=INFO msg="Connecting to database" host=localhost user=postgres database=ios
time=2025-07-31T03:56:18.514+03:00 level=INFO msg="Successfully connected to database"
time=2025-07-31T03:56:18.514+03:00 level=INFO msg="Initializing SMS service" base_url=https://dispatcher2-mtracpro.health.go.ug username=case_management
time=2025-07-31T03:56:18.516+03:00 level=INFO msg="starting server..."
time=2025-07-31T04:00:38.297+03:00 level=INFO msg="Connecting to database" host=localhost user=postgres database=ios
time=2025-07-31T04:00:38.345+03:00 level=INFO msg="Successfully connected to database"
time=2025-07-31T04:00:38.345+03:00 level=INFO msg="Initializing SMS service" base_url=https://dispatcher2-mtracpro.health.go.ug username=case_management
time=2025-07-31T04:00:38.345+03:00 level=INFO msg="starting server..."
time=2025-07-31T04:09:47.069+03:00 level=INFO msg="Connecting to database" host=localhost user=postgres database=ios
time=2025-07-31T04:09:47.124+03:00 level=INFO msg="Successfully connected to database"
time=2025-07-31T04:09:47.124+03:00 level=INFO msg="Initializing SMS service" base_url=https://dispatcher2-mtracpro.health.go.ug username=case_management
time=2025-07-31T04:09:47.125+03:00 level=INFO msg="starting server..."
time=2025-07-31T04:09:55.099+03:00 level=INFO msg="Connecting to database" host=localhost user=postgres database=ios
time=2025-07-31T04:09:55.144+03:00 level=INFO msg="Successfully connected to database"
time=2025-07-31T04:09:55.144+03:00 level=INFO msg="Initializing SMS service" base_url=https://dispatcher2-mtracpro.health.go.ug username=case_management
time=2025-07-31T04:09:55.145+03:00 level=INFO msg="starting server..."
time=2025-07-31T04:09:59.853+03:00 level=INFO msg="DEBUG: Incoming request session cookie: "
time=2025-07-31T04:09:59.856+03:00 level=INFO msg="DEBUG: Request path: /employees"
time=2025-07-31T04:09:59.856+03:00 level=INFO msg="DEBUG: Session keys: []"
time=2025-07-31T04:09:59.856+03:00 level=INFO msg="DEBUG: Session isAuthenticated: <nil>"
time=2025-07-31T04:09:59.856+03:00 level=INFO msg="DEBUG: Session user: <nil>"
time=2025-07-31T04:09:59.856+03:00 level=INFO msg="DEBUG: Session user_id: <nil>"
time=2025-07-31T04:09:59.856+03:00 level=INFO msg="DEBUG: Session username: <nil>"
time=2025-07-31T04:09:59.857+03:00 level=INFO msg="DEBUG: Incoming request session cookie: "
time=2025-07-31T04:09:59.857+03:00 level=INFO msg="DEBUG: Request path: /login"
time=2025-07-31T04:09:59.857+03:00 level=INFO msg="DEBUG: Session keys: []"
time=2025-07-31T04:09:59.857+03:00 level=INFO msg="DEBUG: Session isAuthenticated: <nil>"
time=2025-07-31T04:09:59.857+03:00 level=INFO msg="DEBUG: Session user: <nil>"
time=2025-07-31T04:09:59.857+03:00 level=INFO msg="DEBUG: Session user_id: <nil>"
time=2025-07-31T04:09:59.857+03:00 level=INFO msg="DEBUG: Session username: <nil>"
time=2025-07-31T04:09:59.858+03:00 level=INFO msg="No active session"
time=2025-07-31T04:09:59.858+03:00 level=INFO msg="No active session"
time=2025-07-31T04:09:59.858+03:00 level=INFO msg="Using template directory: D:\\Development\\ios\\ui\\html"
time=2025-07-31T04:09:59.859+03:00 level=INFO msg="Loading template file: D:\\Development\\ios\\ui\\html\\login.html"
time=2025-07-31T04:09:59.859+03:00 level=INFO msg="DEBUG: Executing template with data type: *handlers.TemplateData"
time=2025-07-31T04:09:59.859+03:00 level=INFO msg="DEBUG: TemplateData.Optionz initialized: true, keys: 10"
time=2025-07-31T04:09:59.859+03:00 level=INFO msg="DEBUG: Optionz[ward] has 3 items"
time=2025-07-31T04:09:59.859+03:00 level=INFO msg="DEBUG: Optionz[result1] has 4 items"
time=2025-07-31T04:09:59.859+03:00 level=INFO msg="DEBUG: Optionz[yn] has 3 items"
time=2025-07-31T04:09:59.859+03:00 level=INFO msg="DEBUG: Optionz[yn_extra] has 4 items"
time=2025-07-31T04:09:59.859+03:00 level=INFO msg="DEBUG: Optionz[marital] has 7 items"
time=2025-07-31T04:09:59.859+03:00 level=INFO msg="DEBUG: Optionz[nationality] has 4 items"
time=2025-07-31T04:09:59.859+03:00 level=INFO msg="DEBUG: Optionz[mental] has 5 items"
time=2025-07-31T04:09:59.859+03:00 level=INFO msg="DEBUG: Optionz[sex] has 3 items"
time=2025-07-31T04:09:59.859+03:00 level=INFO msg="DEBUG: Optionz[preg] has 4 items"
time=2025-07-31T04:09:59.859+03:00 level=INFO msg="DEBUG: Optionz[result2] has 4 items"
time=2025-07-31T04:09:59.859+03:00 level=INFO msg="DEBUG: TemplateData.UserPermissions initialized: true, keys: 0"
time=2025-07-31T04:13:56.496+03:00 level=INFO msg="Connecting to database" host=localhost user=postgres database=ios
time=2025-07-31T04:13:56.549+03:00 level=INFO msg="Successfully connected to database"
time=2025-07-31T04:13:56.549+03:00 level=INFO msg="Initializing SMS service" base_url=https://dispatcher2-mtracpro.health.go.ug username=case_management
time=2025-07-31T04:13:56.550+03:00 level=INFO msg="starting server..."
time=2025-07-31T04:14:08.480+03:00 level=INFO msg="DEBUG: Incoming request session cookie: "
time=2025-07-31T04:14:08.484+03:00 level=INFO msg="DEBUG: Request path: /users"
time=2025-07-31T04:14:08.484+03:00 level=INFO msg="DEBUG: Session keys: []"
time=2025-07-31T04:14:08.484+03:00 level=INFO msg="DEBUG: Session isAuthenticated: <nil>"
time=2025-07-31T04:14:08.484+03:00 level=INFO msg="DEBUG: Session user: <nil>"
time=2025-07-31T04:14:08.484+03:00 level=INFO msg="DEBUG: Session user_id: <nil>"
time=2025-07-31T04:14:08.484+03:00 level=INFO msg="DEBUG: Session username: <nil>"
time=2025-07-31T04:14:08.487+03:00 level=INFO msg="DEBUG: Incoming request session cookie: "
time=2025-07-31T04:14:08.487+03:00 level=INFO msg="DEBUG: Request path: /login"
time=2025-07-31T04:14:08.487+03:00 level=INFO msg="DEBUG: Session keys: []"
time=2025-07-31T04:14:08.487+03:00 level=INFO msg="DEBUG: Session isAuthenticated: <nil>"
time=2025-07-31T04:14:08.487+03:00 level=INFO msg="DEBUG: Session user: <nil>"
time=2025-07-31T04:14:08.487+03:00 level=INFO msg="DEBUG: Session user_id: <nil>"
time=2025-07-31T04:14:08.487+03:00 level=INFO msg="DEBUG: Session username: <nil>"
time=2025-07-31T04:14:08.487+03:00 level=INFO msg="No active session"
time=2025-07-31T04:14:08.487+03:00 level=INFO msg="No active session"
time=2025-07-31T04:14:08.487+03:00 level=INFO msg="Using template directory: D:\\Development\\ios\\ui\\html"
time=2025-07-31T04:14:08.488+03:00 level=INFO msg="Loading template file: D:\\Development\\ios\\ui\\html\\login.html"
time=2025-07-31T04:14:08.489+03:00 level=INFO msg="DEBUG: Executing template with data type: *handlers.TemplateData"
time=2025-07-31T04:14:08.489+03:00 level=INFO msg="DEBUG: TemplateData.Optionz initialized: true, keys: 10"
time=2025-07-31T04:14:08.489+03:00 level=INFO msg="DEBUG: Optionz[result1] has 4 items"
time=2025-07-31T04:14:08.489+03:00 level=INFO msg="DEBUG: Optionz[yn] has 3 items"
time=2025-07-31T04:14:08.489+03:00 level=INFO msg="DEBUG: Optionz[mental] has 5 items"
time=2025-07-31T04:14:08.489+03:00 level=INFO msg="DEBUG: Optionz[preg] has 4 items"
time=2025-07-31T04:14:08.489+03:00 level=INFO msg="DEBUG: Optionz[nationality] has 4 items"
time=2025-07-31T04:14:08.489+03:00 level=INFO msg="DEBUG: Optionz[ward] has 3 items"
time=2025-07-31T04:14:08.489+03:00 level=INFO msg="DEBUG: Optionz[result2] has 4 items"
time=2025-07-31T04:14:08.489+03:00 level=INFO msg="DEBUG: Optionz[yn_extra] has 4 items"
time=2025-07-31T04:14:08.489+03:00 level=INFO msg="DEBUG: Optionz[sex] has 3 items"
time=2025-07-31T04:14:08.489+03:00 level=INFO msg="DEBUG: Optionz[marital] has 7 items"
time=2025-07-31T04:14:08.489+03:00 level=INFO msg="DEBUG: TemplateData.UserPermissions initialized: true, keys: 0"
time=2025-07-31T04:14:14.289+03:00 level=INFO msg="DEBUG: Incoming request session cookie: "
time=2025-07-31T04:14:14.290+03:00 level=INFO msg="DEBUG: Request path: /employees"
time=2025-07-31T04:14:14.290+03:00 level=INFO msg="DEBUG: Session keys: []"
time=2025-07-31T04:14:14.290+03:00 level=INFO msg="DEBUG: Session isAuthenticated: <nil>"
time=2025-07-31T04:14:14.290+03:00 level=INFO msg="DEBUG: Session user: <nil>"
time=2025-07-31T04:14:14.290+03:00 level=INFO msg="DEBUG: Session user_id: <nil>"
time=2025-07-31T04:14:14.290+03:00 level=INFO msg="DEBUG: Session username: <nil>"
time=2025-07-31T04:14:14.290+03:00 level=INFO msg="DEBUG: Incoming request session cookie: "
time=2025-07-31T04:14:14.290+03:00 level=INFO msg="DEBUG: Request path: /login"
time=2025-07-31T04:14:14.290+03:00 level=INFO msg="DEBUG: Session keys: []"
time=2025-07-31T04:14:14.290+03:00 level=INFO msg="DEBUG: Session isAuthenticated: <nil>"
time=2025-07-31T04:14:14.290+03:00 level=INFO msg="DEBUG: Session user: <nil>"
time=2025-07-31T04:14:14.290+03:00 level=INFO msg="DEBUG: Session user_id: <nil>"
time=2025-07-31T04:14:14.290+03:00 level=INFO msg="DEBUG: Session username: <nil>"
time=2025-07-31T04:14:14.290+03:00 level=INFO msg="No active session"
time=2025-07-31T04:14:14.290+03:00 level=INFO msg="No active session"
time=2025-07-31T04:14:14.290+03:00 level=INFO msg="Using template directory: D:\\Development\\ios\\ui\\html"
time=2025-07-31T04:14:14.291+03:00 level=INFO msg="Loading template file: D:\\Development\\ios\\ui\\html\\login.html"
time=2025-07-31T04:14:14.291+03:00 level=INFO msg="DEBUG: Executing template with data type: *handlers.TemplateData"
time=2025-07-31T04:14:14.291+03:00 level=INFO msg="DEBUG: TemplateData.Optionz initialized: true, keys: 10"
time=2025-07-31T04:14:14.291+03:00 level=INFO msg="DEBUG: Optionz[yn] has 3 items"
time=2025-07-31T04:14:14.291+03:00 level=INFO msg="DEBUG: Optionz[marital] has 7 items"
time=2025-07-31T04:14:14.291+03:00 level=INFO msg="DEBUG: Optionz[mental] has 5 items"
time=2025-07-31T04:14:14.291+03:00 level=INFO msg="DEBUG: Optionz[preg] has 4 items"
time=2025-07-31T04:14:14.291+03:00 level=INFO msg="DEBUG: Optionz[result1] has 4 items"
time=2025-07-31T04:14:14.291+03:00 level=INFO msg="DEBUG: Optionz[result2] has 4 items"
time=2025-07-31T04:14:14.291+03:00 level=INFO msg="DEBUG: Optionz[yn_extra] has 4 items"
time=2025-07-31T04:14:14.291+03:00 level=INFO msg="DEBUG: Optionz[sex] has 3 items"
time=2025-07-31T04:14:14.291+03:00 level=INFO msg="DEBUG: Optionz[nationality] has 4 items"
time=2025-07-31T04:14:14.291+03:00 level=INFO msg="DEBUG: Optionz[ward] has 3 items"
time=2025-07-31T04:14:14.291+03:00 level=INFO msg="DEBUG: TemplateData.UserPermissions initialized: true, keys: 0"
time=2025-07-31T08:00:30.652+03:00 level=INFO msg="Connecting to database" host=localhost user=postgres database=ios
time=2025-07-31T08:00:30.734+03:00 level=INFO msg="Successfully connected to database"
time=2025-07-31T08:00:30.734+03:00 level=INFO msg="Initializing SMS service" base_url=https://dispatcher2-mtracpro.health.go.ug username=case_management
time=2025-07-31T08:00:30.735+03:00 level=INFO msg="starting server..."
time=2025-07-31T08:00:38.589+03:00 level=INFO msg="DEBUG: Incoming request session cookie: "
time=2025-07-31T08:00:38.594+03:00 level=INFO msg="DEBUG: Request path: /vhf-cif/view/155"
time=2025-07-31T08:00:38.594+03:00 level=INFO msg="DEBUG: Session keys: []"
time=2025-07-31T08:00:38.594+03:00 level=INFO msg="DEBUG: Session isAuthenticated: <nil>"
time=2025-07-31T08:00:38.594+03:00 level=INFO msg="DEBUG: Session user: <nil>"
time=2025-07-31T08:00:38.594+03:00 level=INFO msg="DEBUG: Session user_id: <nil>"
time=2025-07-31T08:00:38.594+03:00 level=INFO msg="DEBUG: Session username: <nil>"
time=2025-07-31T08:00:38.628+03:00 level=INFO msg="No active session"
time=2025-07-31T08:00:38.628+03:00 level=INFO msg="No active session"
time=2025-07-31T08:00:38.628+03:00 level=INFO msg="Using template directory: D:\\Development\\ios\\ui\\html"
time=2025-07-31T08:00:38.634+03:00 level=INFO msg="Loading template file: D:\\Development\\ios\\ui\\html\\update_vhf_cif.html"
time=2025-07-31T08:00:38.636+03:00 level=INFO msg="DEBUG: Executing template with data type: *handlers.TemplateData"
time=2025-07-31T08:00:38.636+03:00 level=INFO msg="DEBUG: TemplateData.Optionz initialized: true, keys: 10"
time=2025-07-31T08:00:38.636+03:00 level=INFO msg="DEBUG: Optionz[marital] has 7 items"
time=2025-07-31T08:00:38.636+03:00 level=INFO msg="DEBUG: Optionz[mental] has 5 items"
time=2025-07-31T08:00:38.636+03:00 level=INFO msg="DEBUG: Optionz[preg] has 4 items"
time=2025-07-31T08:00:38.636+03:00 level=INFO msg="DEBUG: Optionz[ward] has 3 items"
time=2025-07-31T08:00:38.636+03:00 level=INFO msg="DEBUG: Optionz[yn_extra] has 4 items"
time=2025-07-31T08:00:38.636+03:00 level=INFO msg="DEBUG: Optionz[sex] has 3 items"
time=2025-07-31T08:00:38.636+03:00 level=INFO msg="DEBUG: Optionz[result1] has 4 items"
time=2025-07-31T08:00:38.636+03:00 level=INFO msg="DEBUG: Optionz[result2] has 4 items"
time=2025-07-31T08:00:38.636+03:00 level=INFO msg="DEBUG: Optionz[yn] has 3 items"
time=2025-07-31T08:00:38.636+03:00 level=INFO msg="DEBUG: Optionz[nationality] has 4 items"
time=2025-07-31T08:00:38.636+03:00 level=INFO msg="DEBUG: TemplateData.UserPermissions initialized: true, keys: 0"
time=2025-07-31T08:02:35.077+03:00 level=INFO msg="Connecting to database" host=localhost user=postgres database=ios
time=2025-07-31T08:02:35.147+03:00 level=INFO msg="Successfully connected to database"
time=2025-07-31T08:02:35.147+03:00 level=INFO msg="Initializing SMS service" base_url=https://dispatcher2-mtracpro.health.go.ug username=case_management
time=2025-07-31T08:02:35.148+03:00 level=INFO msg="starting server..."
time=2025-07-31T08:02:41.629+03:00 level=INFO msg="DEBUG: Incoming request session cookie: "
time=2025-07-31T08:02:41.633+03:00 level=INFO msg="DEBUG: Request path: /vhf-cif/view/155"
time=2025-07-31T08:02:41.634+03:00 level=INFO msg="DEBUG: Session keys: []"
time=2025-07-31T08:02:41.634+03:00 level=INFO msg="DEBUG: Session isAuthenticated: <nil>"
time=2025-07-31T08:02:41.634+03:00 level=INFO msg="DEBUG: Session user: <nil>"
time=2025-07-31T08:02:41.634+03:00 level=INFO msg="DEBUG: Session user_id: <nil>"
time=2025-07-31T08:02:41.634+03:00 level=INFO msg="DEBUG: Session username: <nil>"
time=2025-07-31T08:02:41.657+03:00 level=INFO msg="No active session"
time=2025-07-31T08:02:41.657+03:00 level=INFO msg="No active session"
time=2025-07-31T08:02:41.657+03:00 level=INFO msg="Using template directory: D:\\Development\\ios\\ui\\html"
time=2025-07-31T08:02:41.663+03:00 level=INFO msg="Loading template file: D:\\Development\\ios\\ui\\html\\update_vhf_cif.html"
time=2025-07-31T08:02:41.664+03:00 level=INFO msg="DEBUG: Executing template with data type: *handlers.TemplateData"
time=2025-07-31T08:02:41.664+03:00 level=INFO msg="DEBUG: TemplateData.Optionz initialized: true, keys: 10"
time=2025-07-31T08:02:41.664+03:00 level=INFO msg="DEBUG: Optionz[preg] has 4 items"
time=2025-07-31T08:02:41.664+03:00 level=INFO msg="DEBUG: Optionz[ward] has 3 items"
time=2025-07-31T08:02:41.664+03:00 level=INFO msg="DEBUG: Optionz[result1] has 4 items"
time=2025-07-31T08:02:41.664+03:00 level=INFO msg="DEBUG: Optionz[yn] has 3 items"
time=2025-07-31T08:02:41.664+03:00 level=INFO msg="DEBUG: Optionz[sex] has 3 items"
time=2025-07-31T08:02:41.664+03:00 level=INFO msg="DEBUG: Optionz[nationality] has 4 items"
time=2025-07-31T08:02:41.664+03:00 level=INFO msg="DEBUG: Optionz[result2] has 4 items"
time=2025-07-31T08:02:41.664+03:00 level=INFO msg="DEBUG: Optionz[yn_extra] has 4 items"
time=2025-07-31T08:02:41.664+03:00 level=INFO msg="DEBUG: Optionz[marital] has 7 items"
time=2025-07-31T08:02:41.664+03:00 level=INFO msg="DEBUG: Optionz[mental] has 5 items"
time=2025-07-31T08:02:41.664+03:00 level=INFO msg="DEBUG: TemplateData.UserPermissions initialized: true, keys: 0"
