time=2025-12-10T19:32:36.723+03:00 level=INFO msg="Connecting to database" host=localhost user=postgres database=ios
time=2025-12-10T19:32:36.770+03:00 level=INFO msg="Successfully connected to database"
time=2025-12-10T19:32:36.770+03:00 level=INFO msg="Initializing SMS service" base_url=https://dispatcher2-mtracpro.health.go.ug username=case_management
time=2025-12-10T19:32:36.770+03:00 level=INFO msg="Initializing Voice service" voice_url=https://voice.africastalking.com/call
time=2025-12-10T19:32:36.770+03:00 level=INFO msg="starting server..."
time=2025-12-10T19:32:39.497+03:00 level=INFO msg="DEBUG: Incoming request session cookie: 77fa5600-8f18-4f4b-8ed0-a72ff7763c67"
time=2025-12-10T19:32:39.497+03:00 level=INFO msg="DEBUG: Request path: /cases/new/57"
time=2025-12-10T19:32:39.497+03:00 level=INFO msg="DEBUG: Session keys: []"
time=2025-12-10T19:32:39.498+03:00 level=INFO msg="DEBUG: Session isAuthenticated: <nil>"
time=2025-12-10T19:32:39.498+03:00 level=INFO msg="DEBUG: Session user: <nil>"
time=2025-12-10T19:32:39.498+03:00 level=INFO msg="DEBUG: Session user_id: <nil>"
time=2025-12-10T19:32:39.498+03:00 level=INFO msg="DEBUG: Session username: <nil>"
time=2025-12-10T19:32:39.499+03:00 level=INFO msg="DEBUG: AuthRequired checking path: /cases/new/57"
time=2025-12-10T19:32:39.500+03:00 level=INFO msg="DEBUG: Path /cases/new/57 requires authentication"
time=2025-12-10T19:32:39.504+03:00 level=INFO msg="DEBUG: Incoming request session cookie: 77fa5600-8f18-4f4b-8ed0-a72ff7763c67"
time=2025-12-10T19:32:39.504+03:00 level=INFO msg="DEBUG: Request path: /login"
time=2025-12-10T19:32:39.505+03:00 level=INFO msg="DEBUG: Session keys: []"
time=2025-12-10T19:32:39.505+03:00 level=INFO msg="DEBUG: Session isAuthenticated: <nil>"
time=2025-12-10T19:32:39.505+03:00 level=INFO msg="DEBUG: Session user: <nil>"
time=2025-12-10T19:32:39.505+03:00 level=INFO msg="DEBUG: Session user_id: <nil>"
time=2025-12-10T19:32:39.505+03:00 level=INFO msg="DEBUG: Session username: <nil>"
time=2025-12-10T19:32:39.505+03:00 level=INFO msg="No active session"
time=2025-12-10T19:32:39.505+03:00 level=INFO msg="No active session"
time=2025-12-10T19:32:39.505+03:00 level=INFO msg="Using template directory: D:\\Development\\ios\\ui\\html"
time=2025-12-10T19:32:39.506+03:00 level=INFO msg="Loading navigation template: D:\\Development\\ios\\ui\\html\\navigation.html"
time=2025-12-10T19:32:39.506+03:00 level=INFO msg="Loading template file: D:\\Development\\ios\\ui\\html\\login.html"
time=2025-12-10T19:32:39.507+03:00 level=INFO msg="DEBUG: Executing template with data type: *handlers.TemplateData"
time=2025-12-10T19:32:39.507+03:00 level=INFO msg="DEBUG: TemplateData.Optionz initialized: true, keys: 10"
time=2025-12-10T19:32:39.507+03:00 level=INFO msg="DEBUG: Optionz[result1] has 4 items"
time=2025-12-10T19:32:39.507+03:00 level=INFO msg="DEBUG: Optionz[sex] has 3 items"
time=2025-12-10T19:32:39.507+03:00 level=INFO msg="DEBUG: Optionz[marital] has 7 items"
time=2025-12-10T19:32:39.507+03:00 level=INFO msg="DEBUG: Optionz[nationality] has 4 items"
time=2025-12-10T19:32:39.507+03:00 level=INFO msg="DEBUG: Optionz[mental] has 5 items"
time=2025-12-10T19:32:39.507+03:00 level=INFO msg="DEBUG: Optionz[preg] has 4 items"
time=2025-12-10T19:32:39.507+03:00 level=INFO msg="DEBUG: Optionz[ward] has 3 items"
time=2025-12-10T19:32:39.507+03:00 level=INFO msg="DEBUG: Optionz[result2] has 4 items"
time=2025-12-10T19:32:39.507+03:00 level=INFO msg="DEBUG: Optionz[yn] has 3 items"
time=2025-12-10T19:32:39.507+03:00 level=INFO msg="DEBUG: Optionz[yn_extra] has 4 items"
time=2025-12-10T19:32:39.507+03:00 level=INFO msg="DEBUG: TemplateData.UserPermissions initialized: true, keys: 0"
time=2025-12-10T19:32:51.588+03:00 level=INFO msg="DEBUG: Incoming request session cookie: 77fa5600-8f18-4f4b-8ed0-a72ff7763c67"
time=2025-12-10T19:32:51.588+03:00 level=INFO msg="DEBUG: Request path: /login"
time=2025-12-10T19:32:51.588+03:00 level=INFO msg="DEBUG: Session keys: []"
time=2025-12-10T19:32:51.588+03:00 level=INFO msg="DEBUG: Session isAuthenticated: <nil>"
time=2025-12-10T19:32:51.588+03:00 level=INFO msg="DEBUG: Session user: <nil>"
time=2025-12-10T19:32:51.588+03:00 level=INFO msg="DEBUG: Session user_id: <nil>"
time=2025-12-10T19:32:51.588+03:00 level=INFO msg="DEBUG: Session username: <nil>"
time=2025-12-10T19:32:51.593+03:00 level=INFO msg="Setting session variables" user_id=1 username=paul.mbaka@gmail.com session_keys="[user user_id userID username isAuthenticated]"
time=2025-12-10T19:32:51.596+03:00 level=INFO msg="User has multiple outbreaks or no outbreaks - outbreak selection required" user_id=1
time=2025-12-10T19:32:51.597+03:00 level=ERROR msg="Failed to get user facility for session" error="pq: relation \"employees\" does not exist" user_id=1
time=2025-12-10T19:32:51.597+03:00 level=INFO msg="Session saved successfully for user" user_id=1
time=2025-12-10T19:32:51.597+03:00 level=INFO msg="Session cookie after login" cookie=77fa5600-8f18-4f4b-8ed0-a72ff7763c67
time=2025-12-10T19:32:51.599+03:00 level=INFO msg="Redirecting admin user to home" user_id=1 role=super_admin
time=2025-12-10T19:32:51.602+03:00 level=INFO msg="DEBUG: Incoming request session cookie: e85bab56-e5eb-44c5-ac6f-2e2386f1a7cd"
time=2025-12-10T19:32:51.602+03:00 level=INFO msg="DEBUG: Request path: /home"
time=2025-12-10T19:32:51.602+03:00 level=INFO msg="DEBUG: Session keys: [authenticated user user_id userID username isAuthenticated]"
time=2025-12-10T19:32:51.602+03:00 level=INFO msg="DEBUG: Session isAuthenticated: true"
time=2025-12-10T19:32:51.602+03:00 level=INFO msg="DEBUG: Session user: 1"
time=2025-12-10T19:32:51.602+03:00 level=INFO msg="DEBUG: Session user_id: 1"
time=2025-12-10T19:32:51.602+03:00 level=INFO msg="DEBUG: Session username: paul.mbaka@gmail.com"
time=2025-12-10T19:32:51.602+03:00 level=INFO msg="DEBUG: AuthRequired checking path: /home"
time=2025-12-10T19:32:51.603+03:00 level=INFO msg="DEBUG: Path /home requires authentication"
time=2025-12-10T19:32:51.603+03:00 level=INFO msg="Session debug" user_key_value=1 user_key_type=int
time=2025-12-10T19:32:51.610+03:00 level=INFO msg="Using template directory: D:\\Development\\ios\\ui\\html"
time=2025-12-10T19:32:51.611+03:00 level=INFO msg="Loading navigation template: D:\\Development\\ios\\ui\\html\\navigation.html"
time=2025-12-10T19:32:51.612+03:00 level=INFO msg="Loading template file: D:\\Development\\ios\\ui\\html\\home.html"
time=2025-12-10T19:32:51.612+03:00 level=INFO msg="DEBUG: Executing template with data type: *handlers.TemplateData"
time=2025-12-10T19:32:51.612+03:00 level=INFO msg="DEBUG: TemplateData.Optionz initialized: true, keys: 11"
time=2025-12-10T19:32:51.612+03:00 level=INFO msg="DEBUG: Optionz[yn] has 3 items"
time=2025-12-10T19:32:51.612+03:00 level=INFO msg="DEBUG: Optionz[yn_extra] has 4 items"
time=2025-12-10T19:32:51.612+03:00 level=INFO msg="DEBUG: Optionz[sex] has 3 items"
time=2025-12-10T19:32:51.612+03:00 level=INFO msg="DEBUG: Optionz[marital] has 7 items"
time=2025-12-10T19:32:51.612+03:00 level=INFO msg="DEBUG: Optionz[nationality] has 4 items"
time=2025-12-10T19:32:51.612+03:00 level=INFO msg="DEBUG: Optionz[mental] has 5 items"
time=2025-12-10T19:32:51.612+03:00 level=INFO msg="DEBUG: Optionz[result1] has 4 items"
time=2025-12-10T19:32:51.612+03:00 level=INFO msg="DEBUG: Optionz[result2] has 4 items"
time=2025-12-10T19:32:51.612+03:00 level=INFO msg="DEBUG: Optionz[preg] has 4 items"
time=2025-12-10T19:32:51.612+03:00 level=INFO msg="DEBUG: Optionz[ward] has 3 items"
time=2025-12-10T19:32:51.612+03:00 level=INFO msg="DEBUG: Optionz[has_case_role] has 1 items"
time=2025-12-10T19:32:51.612+03:00 level=INFO msg="DEBUG: TemplateData.UserPermissions initialized: true, keys: 47"
time=2025-12-10T19:32:51.612+03:00 level=INFO msg="DEBUG: UserPermissions[mpox_cases] has actions: [create read update]"
time=2025-12-10T19:32:51.612+03:00 level=INFO msg="DEBUG: UserPermissions[admin] has actions: [create delete read update]"
time=2025-12-10T19:32:51.612+03:00 level=INFO msg="DEBUG: UserPermissions[demographic_reports] has actions: [read]"
time=2025-12-10T19:32:51.612+03:00 level=INFO msg="DEBUG: UserPermissions[geographic_data] has actions: [export]"
time=2025-12-10T19:32:51.612+03:00 level=INFO msg="DEBUG: UserPermissions[quaratine] has actions: [read]"
time=2025-12-10T19:32:51.612+03:00 level=INFO msg="DEBUG: UserPermissions[advanced_reports] has actions: [create]"
time=2025-12-10T19:32:51.612+03:00 level=INFO msg="DEBUG: UserPermissions[password] has actions: [approve change_own reset_others]"
time=2025-12-10T19:32:51.612+03:00 level=INFO msg="DEBUG: UserPermissions[patients] has actions: [read]"
time=2025-12-10T19:32:51.612+03:00 level=INFO msg="DEBUG: UserPermissions[polio_cif_reports] has actions: [read]"
time=2025-12-10T19:32:51.612+03:00 level=INFO msg="DEBUG: UserPermissions[users] has actions: [create delete read update]"
time=2025-12-10T19:32:51.612+03:00 level=INFO msg="DEBUG: UserPermissions[vhf_cases] has actions: [read]"
time=2025-12-10T19:32:51.612+03:00 level=INFO msg="DEBUG: UserPermissions[vhf_lab] has actions: [create read update]"
time=2025-12-10T19:32:51.612+03:00 level=INFO msg="DEBUG: UserPermissions[analytics] has actions: [create export read]"
time=2025-12-10T19:32:51.612+03:00 level=INFO msg="DEBUG: UserPermissions[contacts] has actions: [create read update]"
time=2025-12-10T19:32:51.612+03:00 level=INFO msg="DEBUG: UserPermissions[district_vhf_cif_data] has actions: [export]"
time=2025-12-10T19:32:51.612+03:00 level=INFO msg="DEBUG: UserPermissions[outbreak_assignments] has actions: [create]"
time=2025-12-10T19:32:51.612+03:00 level=INFO msg="DEBUG: UserPermissions[outbreaks] has actions: [close create delete manage_assigned read read_assigned update]"
time=2025-12-10T19:32:51.612+03:00 level=INFO msg="DEBUG: UserPermissions[setting] has actions: [create read]"
time=2025-12-10T19:32:51.612+03:00 level=INFO msg="DEBUG: UserPermissions[surveillance] has actions: [create delete read update]"
time=2025-12-10T19:32:51.612+03:00 level=INFO msg="DEBUG: UserPermissions[treatment] has actions: [read]"
time=2025-12-10T19:32:51.612+03:00 level=INFO msg="DEBUG: UserPermissions[alerts] has actions: [create delete read update]"
time=2025-12-10T19:32:51.612+03:00 level=INFO msg="DEBUG: UserPermissions[analytics_dashboards] has actions: [manage]"
time=2025-12-10T19:32:51.612+03:00 level=INFO msg="DEBUG: UserPermissions[case_encounters] has actions: [create read update]"
time=2025-12-10T19:32:51.613+03:00 level=INFO msg="DEBUG: UserPermissions[deployment] has actions: [create read]"
time=2025-12-10T19:32:51.613+03:00 level=INFO msg="DEBUG: UserPermissions[mpox_outbreak] has actions: [read]"
time=2025-12-10T19:32:51.613+03:00 level=INFO msg="DEBUG: UserPermissions[patient_discharge] has actions: [create delete read update]"
time=2025-12-10T19:32:51.613+03:00 level=INFO msg="DEBUG: UserPermissions[vhf_patients] has actions: [create delete export read update]"
time=2025-12-10T19:32:51.613+03:00 level=INFO msg="DEBUG: UserPermissions[outbreak_assignment] has actions: [create delete read update]"
time=2025-12-10T19:32:51.613+03:00 level=INFO msg="DEBUG: UserPermissions[case_management_data] has actions: [export]"
time=2025-12-10T19:32:51.613+03:00 level=INFO msg="DEBUG: UserPermissions[case_management_reports] has actions: [read]"
time=2025-12-10T19:32:51.613+03:00 level=INFO msg="DEBUG: UserPermissions[cif] has actions: [read]"
time=2025-12-10T19:32:51.613+03:00 level=INFO msg="DEBUG: UserPermissions[employees] has actions: [assign create delete read update]"
time=2025-12-10T19:32:51.613+03:00 level=INFO msg="DEBUG: UserPermissions[measles_cif_reports] has actions: [read]"
time=2025-12-10T19:32:51.613+03:00 level=INFO msg="DEBUG: UserPermissions[patient_registration] has actions: [create delete read update]"
time=2025-12-10T19:32:51.613+03:00 level=INFO msg="DEBUG: UserPermissions[reports] has actions: [create export manage read]"
time=2025-12-10T19:32:51.613+03:00 level=INFO msg="DEBUG: UserPermissions[cases] has actions: [create delete read update]"
time=2025-12-10T19:32:51.613+03:00 level=INFO msg="DEBUG: UserPermissions[demographic_data] has actions: [export]"
time=2025-12-10T19:32:51.613+03:00 level=INFO msg="DEBUG: UserPermissions[geographic_reports] has actions: [read]"
time=2025-12-10T19:32:51.613+03:00 level=INFO msg="DEBUG: UserPermissions[mpox_cif_reports] has actions: [read]"
time=2025-12-10T19:32:51.613+03:00 level=INFO msg="DEBUG: UserPermissions[advanced_analytics] has actions: [export read]"
time=2025-12-10T19:32:51.613+03:00 level=INFO msg="DEBUG: UserPermissions[laboratory] has actions: [create delete read update]"
time=2025-12-10T19:32:51.613+03:00 level=INFO msg="DEBUG: UserPermissions[mpox_followup] has actions: [manage]"
time=2025-12-10T19:32:51.613+03:00 level=INFO msg="DEBUG: UserPermissions[patient_admission] has actions: [create delete read update]"
time=2025-12-10T19:32:51.613+03:00 level=INFO msg="DEBUG: UserPermissions[district_vhf_cif_reports] has actions: [read]"
time=2025-12-10T19:32:51.613+03:00 level=INFO msg="DEBUG: UserPermissions[facilities] has actions: [create delete read update]"
time=2025-12-10T19:32:51.613+03:00 level=INFO msg="DEBUG: UserPermissions[patient_care] has actions: [create delete read update]"
time=2025-12-10T19:32:51.613+03:00 level=INFO msg="DEBUG: UserPermissions[vhf_cif_reports] has actions: [read]"
time=2025-12-10T19:32:51.651+03:00 level=INFO msg="DEBUG: Incoming request session cookie: e85bab56-e5eb-44c5-ac6f-2e2386f1a7cd"
time=2025-12-10T19:32:51.651+03:00 level=INFO msg="DEBUG: Request path: /static/app/cdn/css/flatpickr.min.css"
time=2025-12-10T19:32:51.651+03:00 level=INFO msg="DEBUG: Session keys: [username isAuthenticated authenticated user user_id userID]"
time=2025-12-10T19:32:51.651+03:00 level=INFO msg="DEBUG: Session isAuthenticated: true"
time=2025-12-10T19:32:51.651+03:00 level=INFO msg="DEBUG: Session user: 1"
time=2025-12-10T19:32:51.651+03:00 level=INFO msg="DEBUG: Session user_id: 1"
time=2025-12-10T19:32:51.651+03:00 level=INFO msg="DEBUG: Session username: paul.mbaka@gmail.com"
time=2025-12-10T19:32:51.651+03:00 level=INFO msg="DEBUG: AuthRequired checking path: /static/app/cdn/css/flatpickr.min.css"
time=2025-12-10T19:32:51.651+03:00 level=INFO msg="DEBUG: Path /static/app/cdn/css/flatpickr.min.css requires authentication"
time=2025-12-10T19:32:51.656+03:00 level=INFO msg="DEBUG: Incoming request session cookie: e85bab56-e5eb-44c5-ac6f-2e2386f1a7cd"
time=2025-12-10T19:32:51.657+03:00 level=INFO msg="DEBUG: Request path: /static/app/cdn/js/flatpickr.min.js"
time=2025-12-10T19:32:51.657+03:00 level=INFO msg="DEBUG: Session keys: [username isAuthenticated authenticated user user_id userID]"
time=2025-12-10T19:32:51.657+03:00 level=INFO msg="DEBUG: Session isAuthenticated: true"
time=2025-12-10T19:32:51.657+03:00 level=INFO msg="DEBUG: Session user: 1"
time=2025-12-10T19:32:51.657+03:00 level=INFO msg="DEBUG: Session user_id: 1"
time=2025-12-10T19:32:51.657+03:00 level=INFO msg="DEBUG: Session username: paul.mbaka@gmail.com"
time=2025-12-10T19:32:51.657+03:00 level=INFO msg="DEBUG: AuthRequired checking path: /static/app/cdn/js/flatpickr.min.js"
time=2025-12-10T19:32:51.657+03:00 level=INFO msg="DEBUG: Path /static/app/cdn/js/flatpickr.min.js requires authentication"
time=2025-12-10T19:32:54.759+03:00 level=INFO msg="DEBUG: Incoming request session cookie: e85bab56-e5eb-44c5-ac6f-2e2386f1a7cd"
time=2025-12-10T19:32:54.760+03:00 level=INFO msg="DEBUG: Request path: /outbreaks"
time=2025-12-10T19:32:54.760+03:00 level=INFO msg="DEBUG: Session keys: [isAuthenticated authenticated user user_id userID username]"
time=2025-12-10T19:32:54.760+03:00 level=INFO msg="DEBUG: Session isAuthenticated: true"
time=2025-12-10T19:32:54.760+03:00 level=INFO msg="DEBUG: Session user: 1"
time=2025-12-10T19:32:54.760+03:00 level=INFO msg="DEBUG: Session user_id: 1"
time=2025-12-10T19:32:54.760+03:00 level=INFO msg="DEBUG: Session username: paul.mbaka@gmail.com"
time=2025-12-10T19:32:54.760+03:00 level=INFO msg="DEBUG: AuthRequired checking path: /outbreaks"
time=2025-12-10T19:32:54.760+03:00 level=INFO msg="DEBUG: Path /outbreaks requires authentication"
time=2025-12-10T19:32:54.770+03:00 level=INFO msg="Template data debug" optionz_initialized=true optionz_keys=2 has_case_role_value=true
time=2025-12-10T19:32:54.770+03:00 level=INFO msg="Using template directory: D:\\Development\\ios\\ui\\html"
time=2025-12-10T19:32:54.770+03:00 level=INFO msg="Loading navigation template: D:\\Development\\ios\\ui\\html\\navigation.html"
time=2025-12-10T19:32:54.771+03:00 level=INFO msg="Loading template file: D:\\Development\\ios\\ui\\html\\outbreaks.html"
time=2025-12-10T19:32:54.771+03:00 level=INFO msg="DEBUG: Executing template with data type: *handlers.TemplateData"
time=2025-12-10T19:32:54.771+03:00 level=INFO msg="DEBUG: TemplateData.Optionz initialized: true, keys: 2"
time=2025-12-10T19:32:54.771+03:00 level=INFO msg="DEBUG: Optionz[can_manage_outbreak] has 3 items"
time=2025-12-10T19:32:54.771+03:00 level=INFO msg="DEBUG: Optionz[has_case_role] has 1 items"
time=2025-12-10T19:32:54.771+03:00 level=INFO msg="DEBUG: TemplateData.UserPermissions initialized: true, keys: 0"
time=2025-12-10T19:32:54.790+03:00 level=INFO msg="DEBUG: Incoming request session cookie: e85bab56-e5eb-44c5-ac6f-2e2386f1a7cd"
time=2025-12-10T19:32:54.790+03:00 level=INFO msg="DEBUG: Request path: /static/app/cdn/css/flatpickr.min.css"
time=2025-12-10T19:32:54.790+03:00 level=INFO msg="DEBUG: Session keys: [userID username isAuthenticated authenticated user user_id]"
time=2025-12-10T19:32:54.790+03:00 level=INFO msg="DEBUG: Session isAuthenticated: true"
time=2025-12-10T19:32:54.790+03:00 level=INFO msg="DEBUG: Session user: 1"
time=2025-12-10T19:32:54.790+03:00 level=INFO msg="DEBUG: Session user_id: 1"
time=2025-12-10T19:32:54.790+03:00 level=INFO msg="DEBUG: Session username: paul.mbaka@gmail.com"
time=2025-12-10T19:32:54.790+03:00 level=INFO msg="DEBUG: AuthRequired checking path: /static/app/cdn/css/flatpickr.min.css"
time=2025-12-10T19:32:54.790+03:00 level=INFO msg="DEBUG: Path /static/app/cdn/css/flatpickr.min.css requires authentication"
time=2025-12-10T19:32:54.794+03:00 level=INFO msg="DEBUG: Incoming request session cookie: e85bab56-e5eb-44c5-ac6f-2e2386f1a7cd"
time=2025-12-10T19:32:54.794+03:00 level=INFO msg="DEBUG: Request path: /static/app/cdn/js/flatpickr.min.js"
time=2025-12-10T19:32:54.795+03:00 level=INFO msg="DEBUG: Session keys: [authenticated user user_id userID username isAuthenticated]"
time=2025-12-10T19:32:54.795+03:00 level=INFO msg="DEBUG: Session isAuthenticated: true"
time=2025-12-10T19:32:54.795+03:00 level=INFO msg="DEBUG: Session user: 1"
time=2025-12-10T19:32:54.795+03:00 level=INFO msg="DEBUG: Session user_id: 1"
time=2025-12-10T19:32:54.795+03:00 level=INFO msg="DEBUG: Session username: paul.mbaka@gmail.com"
time=2025-12-10T19:32:54.796+03:00 level=INFO msg="DEBUG: AuthRequired checking path: /static/app/cdn/js/flatpickr.min.js"
time=2025-12-10T19:32:54.796+03:00 level=INFO msg="DEBUG: Path /static/app/cdn/js/flatpickr.min.js requires authentication"
time=2025-12-10T19:32:56.444+03:00 level=INFO msg="DEBUG: Incoming request session cookie: e85bab56-e5eb-44c5-ac6f-2e2386f1a7cd"
time=2025-12-10T19:32:56.444+03:00 level=INFO msg="DEBUG: Request path: /outbreaks/select/6"
time=2025-12-10T19:32:56.444+03:00 level=INFO msg="DEBUG: Session keys: [isAuthenticated authenticated user user_id userID username]"
time=2025-12-10T19:32:56.444+03:00 level=INFO msg="DEBUG: Session isAuthenticated: true"
time=2025-12-10T19:32:56.444+03:00 level=INFO msg="DEBUG: Session user: 1"
time=2025-12-10T19:32:56.444+03:00 level=INFO msg="DEBUG: Session user_id: 1"
time=2025-12-10T19:32:56.444+03:00 level=INFO msg="DEBUG: Session username: paul.mbaka@gmail.com"
time=2025-12-10T19:32:56.444+03:00 level=INFO msg="DEBUG: AuthRequired checking path: /outbreaks/select/6"
time=2025-12-10T19:32:56.444+03:00 level=INFO msg="DEBUG: Path /outbreaks/select/6 requires authentication"
time=2025-12-10T19:32:56.462+03:00 level=INFO msg="DEBUG: Incoming request session cookie: e85bab56-e5eb-44c5-ac6f-2e2386f1a7cd"
time=2025-12-10T19:32:56.462+03:00 level=INFO msg="DEBUG: Request path: /cases"
time=2025-12-10T19:32:56.462+03:00 level=INFO msg="DEBUG: Session keys: [user_id userID username isAuthenticated selected_outbreak outbreak_id authenticated user]"
time=2025-12-10T19:32:56.462+03:00 level=INFO msg="DEBUG: Session isAuthenticated: true"
time=2025-12-10T19:32:56.462+03:00 level=INFO msg="DEBUG: Session user: 1"
time=2025-12-10T19:32:56.462+03:00 level=INFO msg="DEBUG: Session user_id: 1"
time=2025-12-10T19:32:56.462+03:00 level=INFO msg="DEBUG: Session username: paul.mbaka@gmail.com"
time=2025-12-10T19:32:56.462+03:00 level=INFO msg="DEBUG: AuthRequired checking path: /cases"
time=2025-12-10T19:32:56.462+03:00 level=INFO msg="DEBUG: Path /cases requires authentication"
time=2025-12-10T19:32:56.468+03:00 level=INFO msg="Session debug" user_key_value=1 user_key_type=int
time=2025-12-10T19:32:56.470+03:00 level=INFO msg="Loading cases for outbreak" user_id=1 outbreak_id=6
time=2025-12-10T19:32:56.473+03:00 level=INFO msg="Admin user - bypassing facility filter" user_id=1
time=2025-12-10T19:32:56.473+03:00 level=INFO msg="SELECT \n\t\tid, uuid, firstname, lastname, othername, gender, date_of_birth, age, marital, nin, nationality, adm_date, adm_from, lab_no, cif_no, etu_no, case_no, occupation, occupation_aza, date_symptom_onset, date_isolation, pregnant, adm_ward, tb, asplenia, hep, diabetes, hiv, liver, malignancy, heart, pulmonary, kidney, neurologic, other, status, enter_on, enter_by, edit_on, edit_by, transfer, site \n\tFROM public.clients WHERE outbreak_id = 6"
time=2025-12-10T19:32:56.474+03:00 level=INFO msg="Using template directory: D:\\Development\\ios\\ui\\html"
time=2025-12-10T19:32:56.475+03:00 level=INFO msg="Loading navigation template: D:\\Development\\ios\\ui\\html\\navigation.html"
time=2025-12-10T19:32:56.477+03:00 level=INFO msg="Loading template file: D:\\Development\\ios\\ui\\html\\list_patients.html"
time=2025-12-10T19:32:56.477+03:00 level=INFO msg="DEBUG: Executing template with data type: *handlers.TemplateData"
time=2025-12-10T19:32:56.477+03:00 level=INFO msg="DEBUG: TemplateData.Optionz initialized: true, keys: 10"
time=2025-12-10T19:32:56.477+03:00 level=INFO msg="DEBUG: Optionz[ward] has 3 items"
time=2025-12-10T19:32:56.477+03:00 level=INFO msg="DEBUG: Optionz[result1] has 4 items"
time=2025-12-10T19:32:56.477+03:00 level=INFO msg="DEBUG: Optionz[yn] has 3 items"
time=2025-12-10T19:32:56.477+03:00 level=INFO msg="DEBUG: Optionz[yn_extra] has 4 items"
time=2025-12-10T19:32:56.477+03:00 level=INFO msg="DEBUG: Optionz[preg] has 4 items"
time=2025-12-10T19:32:56.477+03:00 level=INFO msg="DEBUG: Optionz[result2] has 4 items"
time=2025-12-10T19:32:56.477+03:00 level=INFO msg="DEBUG: Optionz[sex] has 3 items"
time=2025-12-10T19:32:56.477+03:00 level=INFO msg="DEBUG: Optionz[marital] has 7 items"
time=2025-12-10T19:32:56.477+03:00 level=INFO msg="DEBUG: Optionz[nationality] has 4 items"
time=2025-12-10T19:32:56.477+03:00 level=INFO msg="DEBUG: Optionz[mental] has 5 items"
time=2025-12-10T19:32:56.477+03:00 level=INFO msg="DEBUG: TemplateData.UserPermissions initialized: true, keys: 0"
time=2025-12-10T19:33:00.426+03:00 level=INFO msg="DEBUG: Incoming request session cookie: e85bab56-e5eb-44c5-ac6f-2e2386f1a7cd"
time=2025-12-10T19:33:00.426+03:00 level=INFO msg="DEBUG: Request path: /cases/new/57"
time=2025-12-10T19:33:00.426+03:00 level=INFO msg="DEBUG: Session keys: [isAuthenticated selected_outbreak outbreak_id authenticated user user_id userID username]"
time=2025-12-10T19:33:00.426+03:00 level=INFO msg="DEBUG: Session isAuthenticated: true"
time=2025-12-10T19:33:00.426+03:00 level=INFO msg="DEBUG: Session user: 1"
time=2025-12-10T19:33:00.426+03:00 level=INFO msg="DEBUG: Session user_id: 1"
time=2025-12-10T19:33:00.426+03:00 level=INFO msg="DEBUG: Session username: paul.mbaka@gmail.com"
time=2025-12-10T19:33:00.426+03:00 level=INFO msg="DEBUG: AuthRequired checking path: /cases/new/57"
time=2025-12-10T19:33:00.426+03:00 level=INFO msg="DEBUG: Path /cases/new/57 requires authentication"
time=2025-12-10T19:33:00.430+03:00 level=INFO msg="INFO: Starting Client form"
time=2025-12-10T19:33:00.430+03:00 level=INFO msg="Session debug" user_key_value=1 user_key_type=int
time=2025-12-10T19:33:00.430+03:00 level=INFO msg="SELECT id, uuid, firstname, lastname, othername, gender, date_of_birth, age, marital, nin, nationality, adm_date, adm_from, lab_no, cif_no, etu_no, case_no, occupation, occupation_aza, date_symptom_onset, date_isolation, pregnant, adm_ward, tb, asplenia, hep, diabetes, hiv, liver, malignancy, heart, pulmonary, kidney, neurologic, other, status, enter_on, enter_by, edit_on, edit_by, transfer, site, outbreak_id, hbc_phone, hbc_followup FROM public.clients WHERE id = $1%!(EXTRA int=57)"
time=2025-12-10T19:33:00.433+03:00 level=INFO msg="SELECT id, name, description, start_date, end_date, status, outbreak_type, outbreak_category, enter_on, enter_by, edit_on, edit_by FROM public.outbreaks WHERE id = $1%!(EXTRA int=6)"
time=2025-12-10T19:33:00.434+03:00 level=INFO msg=" SELECT DISTINCT \n\t\t\t\t\temployee_fname, employee_lname, encounter_date, client_id, clinical_team\n\t\t\t\tFROM encounter \n\t\t\t\tLEFT JOIN employee ON employee.employee_id = encounter.managed_by \n\t\t\t\tWHERE (encounter.outbreak_id = $1 OR encounter.outbreak_id IS NULL) AND client_id=57"
time=2025-12-10T19:33:00.435+03:00 level=INFO msg=" SELECT \n\t\t\t\t\tstatus_id, client_id, status_date, status, status_notes, updated_by, updated_on\n\t\t\t\tFROM status  WHERE client_id=57"
time=2025-12-10T19:33:00.437+03:00 level=INFO msg="SELECT id, client_id, call_session_id, platform, phone_number, patient_condition, pain_level, new_lesions, comorbidities, lesions_dry, exposure_alert, created_at FROM public.mpox_assessments WHERE client_id = $1 ORDER BY created_at DESC%!(EXTRA int=57)"
time=2025-12-10T19:33:00.437+03:00 level=INFO msg="ERROR: Failed to get Mpox assessments - pq: relation \"public.mpox_assessments\" does not exist"
time=2025-12-10T19:33:00.438+03:00 level=INFO msg="INFO: Load Client form"
time=2025-12-10T19:33:00.438+03:00 level=INFO msg="Using template directory: D:\\Development\\ios\\ui\\html"
time=2025-12-10T19:33:00.439+03:00 level=INFO msg="Loading navigation template: D:\\Development\\ios\\ui\\html\\navigation.html"
time=2025-12-10T19:33:00.440+03:00 level=INFO msg="Loading template file: D:\\Development\\ios\\ui\\html\\form_patients.html"
time=2025-12-10T19:33:00.442+03:00 level=INFO msg="DEBUG: Executing template with data type: *handlers.TemplateData"
time=2025-12-10T19:33:00.443+03:00 level=INFO msg="DEBUG: TemplateData.Optionz initialized: true, keys: 13"
time=2025-12-10T19:33:00.443+03:00 level=INFO msg="DEBUG: Optionz[ward] has 4 items"
time=2025-12-10T19:33:00.443+03:00 level=INFO msg="DEBUG: Optionz[result2] has 4 items"
time=2025-12-10T19:33:00.443+03:00 level=INFO msg="DEBUG: Optionz[sex] has 3 items"
time=2025-12-10T19:33:00.443+03:00 level=INFO msg="DEBUG: Optionz[sex2] has 3 items"
time=2025-12-10T19:33:00.443+03:00 level=INFO msg="DEBUG: Optionz[yn_extra] has 4 items"
time=2025-12-10T19:33:00.443+03:00 level=INFO msg="DEBUG: Optionz[nationality] has 4 items"
time=2025-12-10T19:33:00.443+03:00 level=INFO msg="DEBUG: Optionz[preg] has 4 items"
time=2025-12-10T19:33:00.443+03:00 level=INFO msg="DEBUG: Optionz[result1] has 4 items"
time=2025-12-10T19:33:00.443+03:00 level=INFO msg="DEBUG: Optionz[occup] has 3 items"
time=2025-12-10T19:33:00.443+03:00 level=INFO msg="DEBUG: Optionz[yn] has 3 items"
time=2025-12-10T19:33:00.443+03:00 level=INFO msg="DEBUG: Optionz[marital] has 7 items"
time=2025-12-10T19:33:00.443+03:00 level=INFO msg="DEBUG: Optionz[ethnicity] has 3 items"
time=2025-12-10T19:33:00.443+03:00 level=INFO msg="DEBUG: Optionz[mental] has 5 items"
time=2025-12-10T19:33:00.443+03:00 level=INFO msg="DEBUG: TemplateData.UserPermissions initialized: true, keys: 0"
time=2025-12-10T19:33:00.452+03:00 level=INFO msg="SELECT facility_id as code, facility_name as lab FROM public.facility ORDER BY facility_name ASC"
time=2025-12-10T19:33:00.452+03:00 level=INFO msg="SELECT facility_id as code, facility_name as lab FROM public.facility ORDER BY facility_name ASC"
time=2025-12-10T19:33:00.470+03:00 level=INFO msg="DEBUG: Incoming request session cookie: e85bab56-e5eb-44c5-ac6f-2e2386f1a7cd"
time=2025-12-10T19:33:00.470+03:00 level=INFO msg="DEBUG: Request path: /static/app/cdn/css/flatpickr.min.css"
time=2025-12-10T19:33:00.470+03:00 level=INFO msg="DEBUG: Session keys: [user user_id userID username isAuthenticated selected_outbreak outbreak_id authenticated]"
time=2025-12-10T19:33:00.470+03:00 level=INFO msg="DEBUG: Session isAuthenticated: true"
time=2025-12-10T19:33:00.470+03:00 level=INFO msg="DEBUG: Session user: 1"
time=2025-12-10T19:33:00.470+03:00 level=INFO msg="DEBUG: Session user_id: 1"
time=2025-12-10T19:33:00.470+03:00 level=INFO msg="DEBUG: Session username: paul.mbaka@gmail.com"
time=2025-12-10T19:33:00.470+03:00 level=INFO msg="DEBUG: AuthRequired checking path: /static/app/cdn/css/flatpickr.min.css"
time=2025-12-10T19:33:00.470+03:00 level=INFO msg="DEBUG: Path /static/app/cdn/css/flatpickr.min.css requires authentication"
time=2025-12-10T19:33:00.474+03:00 level=INFO msg="DEBUG: Incoming request session cookie: e85bab56-e5eb-44c5-ac6f-2e2386f1a7cd"
time=2025-12-10T19:33:00.474+03:00 level=INFO msg="DEBUG: Request path: /static/js/bootstrap.bundle.min.js"
time=2025-12-10T19:33:00.474+03:00 level=INFO msg="DEBUG: Session keys: [outbreak_id authenticated user user_id userID username isAuthenticated selected_outbreak]"
time=2025-12-10T19:33:00.474+03:00 level=INFO msg="DEBUG: Session isAuthenticated: true"
time=2025-12-10T19:33:00.474+03:00 level=INFO msg="DEBUG: Session user: 1"
time=2025-12-10T19:33:00.474+03:00 level=INFO msg="DEBUG: Session user_id: 1"
time=2025-12-10T19:33:00.474+03:00 level=INFO msg="DEBUG: Session username: paul.mbaka@gmail.com"
time=2025-12-10T19:33:00.474+03:00 level=INFO msg="DEBUG: AuthRequired checking path: /static/js/bootstrap.bundle.min.js"
time=2025-12-10T19:33:00.474+03:00 level=INFO msg="DEBUG: Path /static/js/bootstrap.bundle.min.js requires authentication"
time=2025-12-10T19:33:00.475+03:00 level=INFO msg="DEBUG: Incoming request session cookie: e85bab56-e5eb-44c5-ac6f-2e2386f1a7cd"
time=2025-12-10T19:33:00.475+03:00 level=INFO msg="DEBUG: Request path: /static/app/cdn/js/flatpickr.min.js"
time=2025-12-10T19:33:00.476+03:00 level=INFO msg="DEBUG: Session keys: [userID username isAuthenticated selected_outbreak outbreak_id authenticated user user_id]"
time=2025-12-10T19:33:00.476+03:00 level=INFO msg="DEBUG: Session isAuthenticated: true"
time=2025-12-10T19:33:00.476+03:00 level=INFO msg="DEBUG: Session user: 1"
time=2025-12-10T19:33:00.476+03:00 level=INFO msg="DEBUG: Session user_id: 1"
time=2025-12-10T19:33:00.476+03:00 level=INFO msg="DEBUG: Session username: paul.mbaka@gmail.com"
time=2025-12-10T19:33:00.476+03:00 level=INFO msg="DEBUG: AuthRequired checking path: /static/app/cdn/js/flatpickr.min.js"
time=2025-12-10T19:33:00.476+03:00 level=INFO msg="DEBUG: Path /static/app/cdn/js/flatpickr.min.js requires authentication"
time=2025-12-10T19:33:00.476+03:00 level=INFO msg="DEBUG: Incoming request session cookie: e85bab56-e5eb-44c5-ac6f-2e2386f1a7cd"
time=2025-12-10T19:33:00.476+03:00 level=INFO msg="DEBUG: Request path: /static/app/cdn/js/select2.min.js"
time=2025-12-10T19:33:00.476+03:00 level=INFO msg="DEBUG: Session keys: [userID username isAuthenticated selected_outbreak outbreak_id authenticated user user_id]"
time=2025-12-10T19:33:00.476+03:00 level=INFO msg="DEBUG: Session isAuthenticated: true"
time=2025-12-10T19:33:00.476+03:00 level=INFO msg="DEBUG: Session user: 1"
time=2025-12-10T19:33:00.477+03:00 level=INFO msg="DEBUG: Session user_id: 1"
time=2025-12-10T19:33:00.477+03:00 level=INFO msg="DEBUG: Session username: paul.mbaka@gmail.com"
time=2025-12-10T19:33:00.477+03:00 level=INFO msg="DEBUG: AuthRequired checking path: /static/app/cdn/js/select2.min.js"
time=2025-12-10T19:33:00.477+03:00 level=INFO msg="DEBUG: Path /static/app/cdn/js/select2.min.js requires authentication"
time=2025-12-10T19:33:00.495+03:00 level=INFO msg="DEBUG: Incoming request session cookie: e85bab56-e5eb-44c5-ac6f-2e2386f1a7cd"
time=2025-12-10T19:33:00.495+03:00 level=INFO msg="DEBUG: Request path: /api/status/list"
time=2025-12-10T19:33:00.495+03:00 level=INFO msg="DEBUG: Session keys: [outbreak_id authenticated user user_id userID username isAuthenticated selected_outbreak]"
time=2025-12-10T19:33:00.495+03:00 level=INFO msg="DEBUG: Session isAuthenticated: true"
time=2025-12-10T19:33:00.495+03:00 level=INFO msg="DEBUG: Session user: 1"
time=2025-12-10T19:33:00.495+03:00 level=INFO msg="DEBUG: Session user_id: 1"
time=2025-12-10T19:33:00.495+03:00 level=INFO msg="DEBUG: Session username: paul.mbaka@gmail.com"
time=2025-12-10T19:33:00.495+03:00 level=INFO msg="DEBUG: AuthRequired checking path: /api/status/list"
time=2025-12-10T19:33:00.495+03:00 level=INFO msg="DEBUG: Path /api/status/list requires authentication"
time=2025-12-10T19:33:00.495+03:00 level=INFO msg="DEBUG: Incoming request session cookie: e85bab56-e5eb-44c5-ac6f-2e2386f1a7cd"
time=2025-12-10T19:33:00.495+03:00 level=INFO msg="DEBUG: Request path: /discharge/list"
time=2025-12-10T19:33:00.495+03:00 level=INFO msg="DEBUG: Session keys: [authenticated user user_id userID username isAuthenticated selected_outbreak outbreak_id]"
time=2025-12-10T19:33:00.495+03:00 level=INFO msg="DEBUG: Session isAuthenticated: true"
time=2025-12-10T19:33:00.495+03:00 level=INFO msg="DEBUG: Session user: 1"
time=2025-12-10T19:33:00.495+03:00 level=INFO msg="DEBUG: Session user_id: 1"
time=2025-12-10T19:33:00.495+03:00 level=INFO msg="DEBUG: Session username: paul.mbaka@gmail.com"
time=2025-12-10T19:33:00.495+03:00 level=INFO msg="DEBUG: AuthRequired checking path: /discharge/list"
time=2025-12-10T19:33:00.495+03:00 level=INFO msg="DEBUG: Path /discharge/list requires authentication"
time=2025-12-10T19:33:00.499+03:00 level=INFO msg=" SELECT \n\t\t\t\t\ts.status_id, s.client_id, s.status_date, s.status, s.status_notes, s.updated_by, s.updated_on,\n\t\t\t\t\te.employee_fname, e.employee_lname\n\t\t\t\tFROM status s left join employee e on s.updated_by = e.employee_id  WHERE  client_id = 57"
time=2025-12-10T19:33:00.558+03:00 level=INFO msg="SELECT discharge_id, client_id, discharge_date, final_diagnosis, final_diagnosis_other, discharge_outcome, discharge_seq_heari, discharge_seq_pregn, discharge_seq_ocula, discharge_seq_extre, discharge_seq_arthr, discharge_seq_neuro, discharge_seq_others, counselling_provided, discharging_officer, discharge_facility, discharge_seq_others_aza, entered_on, entered_by, updated_by, updated_on FROM public.discharge WHERE client_id = $1%!(EXTRA int=57)"
time=2025-12-10T19:33:13.007+03:00 level=INFO msg="DEBUG: Incoming request session cookie: e85bab56-e5eb-44c5-ac6f-2e2386f1a7cd"
time=2025-12-10T19:33:13.007+03:00 level=INFO msg="DEBUG: Request path: /cases/save"
time=2025-12-10T19:33:13.007+03:00 level=INFO msg="DEBUG: Session keys: [outbreak_id authenticated user user_id userID username isAuthenticated selected_outbreak]"
time=2025-12-10T19:33:13.007+03:00 level=INFO msg="DEBUG: Session isAuthenticated: true"
time=2025-12-10T19:33:13.007+03:00 level=INFO msg="DEBUG: Session user: 1"
time=2025-12-10T19:33:13.007+03:00 level=INFO msg="DEBUG: Session user_id: 1"
time=2025-12-10T19:33:13.007+03:00 level=INFO msg="DEBUG: Session username: paul.mbaka@gmail.com"
time=2025-12-10T19:33:13.007+03:00 level=INFO msg="DEBUG: AuthRequired checking path: /cases/save"
time=2025-12-10T19:33:13.007+03:00 level=INFO msg="DEBUG: Path /cases/save requires authentication"
time=2025-12-10T19:33:13.011+03:00 level=INFO msg="UPDATE public.clients SET uuid = $1, firstname = $2, lastname = $3, othername = $4, gender = $5, date_of_birth = $6, age = $7, marital = $8, nin = $9, nationality = $10, adm_date = $11, adm_from = $12, lab_no = $13, cif_no = $14, etu_no = $15, case_no = $16, occupation = $17, occupation_aza = $18, date_symptom_onset = $19, date_isolation = $20, pregnant = $21, adm_ward = $22, tb = $23, asplenia = $24, hep = $25, diabetes = $26, hiv = $27, liver = $28, malignancy = $29, heart = $30, pulmonary = $31, kidney = $32, neurologic = $33, other = $34, status = $35, enter_on = $36, enter_by = $37, edit_on = $38, edit_by = $39, transfer = $40, site = $41, outbreak_id = $42, hbc_phone = $43, hbc_followup = $44 WHERE id = $45%!(EXTRA sql.NullString={ false}, sql.NullString={Test true}, sql.NullString={Case true}, sql.NullString={ false}, sql.NullInt64={1 true}, sql.NullString={2025-08-07 true}, sql.NullFloat64={0 true}, sql.NullInt64={1 true}, sql.NullString={ false}, sql.NullInt64={1 true}, sql.NullString={2025-07-29 true}, sql.NullString={ false}, sql.NullString={ false}, sql.NullString={ false}, sql.NullString={223 true}, sql.NullString={223 true}, sql.NullInt64={1 true}, sql.NullString={ false}, sql.NullString={ false}, sql.NullString={ false}, sql.NullInt64={0 false}, sql.NullString={3 true}, sql.NullInt64={0 false}, sql.NullInt64={0 false}, sql.NullInt64={0 false}, sql.NullInt64={0 false}, sql.NullInt64={0 false}, sql.NullInt64={0 false}, sql.NullInt64={0 false}, sql.NullInt64={0 false}, sql.NullInt64={0 false}, sql.NullInt64={0 false}, sql.NullInt64={0 false}, sql.NullString={ false}, sql.NullString={ false}, sql.NullTime={0001-01-01 00:00:00 +0000 UTC false}, sql.NullInt64={0 false}, sql.NullTime={2025-12-10 19:33:13.0119228 +0300 EAT m=+36.314490501 true}, sql.NullInt64={1 true}, sql.NullInt64={1 true}, sql.NullInt64={1 true}, sql.NullInt64={6 true}, int=57)"
time=2025-12-10T19:33:13.013+03:00 level=INFO msg="UPDATE public.clients SET uuid = $1, firstname = $2, lastname = $3, othername = $4, gender = $5, date_of_birth = $6, age = $7, marital = $8, nin = $9, nationality = $10, adm_date = $11, adm_from = $12, lab_no = $13, cif_no = $14, etu_no = $15, case_no = $16, occupation = $17, occupation_aza = $18, date_symptom_onset = $19, date_isolation = $20, pregnant = $21, adm_ward = $22, tb = $23, asplenia = $24, hep = $25, diabetes = $26, hiv = $27, liver = $28, malignancy = $29, heart = $30, pulmonary = $31, kidney = $32, neurologic = $33, other = $34, status = $35, enter_on = $36, enter_by = $37, edit_on = $38, edit_by = $39, transfer = $40, site = $41, outbreak_id = $42 WHERE id = $43%!(EXTRA sql.NullString={ false}, sql.NullString={Test true}, sql.NullString={Case true}, sql.NullString={ false}, sql.NullInt64={1 true}, sql.NullString={2025-08-07 true}, sql.NullFloat64={0 true}, sql.NullInt64={1 true}, sql.NullString={ false}, sql.NullInt64={1 true}, sql.NullString={2025-07-29 true}, sql.NullString={ false}, sql.NullString={ false}, sql.NullString={ false}, sql.NullString={223 true}, sql.NullString={223 true}, sql.NullInt64={1 true}, sql.NullString={ false}, sql.NullString={ false}, sql.NullString={ false}, sql.NullInt64={0 false}, sql.NullString={3 true}, sql.NullInt64={0 false}, sql.NullInt64={0 false}, sql.NullInt64={0 false}, sql.NullInt64={0 false}, sql.NullInt64={0 false}, sql.NullInt64={0 false}, sql.NullInt64={0 false}, sql.NullInt64={0 false}, sql.NullInt64={0 false}, sql.NullInt64={0 false}, sql.NullInt64={0 false}, sql.NullString={ false}, sql.NullString={ false}, sql.NullTime={0001-01-01 00:00:00 +0000 UTC false}, sql.NullInt64={0 false}, sql.NullTime={2025-12-10 19:33:13.0119228 +0300 EAT m=+36.314490501 true}, sql.NullInt64={1 true}, sql.NullInt64={1 true}, sql.NullInt64={1 true}, sql.NullInt64={6 true}, int=57)"
time=2025-12-10T19:33:13.021+03:00 level=INFO msg="Client updated successfully" client_id=57
time=2025-12-10T19:33:13.023+03:00 level=INFO msg="DEBUG: Incoming request session cookie: e85bab56-e5eb-44c5-ac6f-2e2386f1a7cd"
time=2025-12-10T19:33:13.023+03:00 level=INFO msg="DEBUG: Request path: /cases/new/57"
time=2025-12-10T19:33:13.023+03:00 level=INFO msg="DEBUG: Session keys: [user user_id userID username isAuthenticated selected_outbreak outbreak_id authenticated]"
time=2025-12-10T19:33:13.023+03:00 level=INFO msg="DEBUG: Session isAuthenticated: true"
time=2025-12-10T19:33:13.023+03:00 level=INFO msg="DEBUG: Session user: 1"
time=2025-12-10T19:33:13.023+03:00 level=INFO msg="DEBUG: Session user_id: 1"
time=2025-12-10T19:33:13.023+03:00 level=INFO msg="DEBUG: Session username: paul.mbaka@gmail.com"
time=2025-12-10T19:33:13.023+03:00 level=INFO msg="DEBUG: AuthRequired checking path: /cases/new/57"
time=2025-12-10T19:33:13.023+03:00 level=INFO msg="DEBUG: Path /cases/new/57 requires authentication"
time=2025-12-10T19:33:13.027+03:00 level=INFO msg="INFO: Starting Client form"
time=2025-12-10T19:33:13.028+03:00 level=INFO msg="Session debug" user_key_value=1 user_key_type=int
time=2025-12-10T19:33:13.029+03:00 level=INFO msg="SELECT id, uuid, firstname, lastname, othername, gender, date_of_birth, age, marital, nin, nationality, adm_date, adm_from, lab_no, cif_no, etu_no, case_no, occupation, occupation_aza, date_symptom_onset, date_isolation, pregnant, adm_ward, tb, asplenia, hep, diabetes, hiv, liver, malignancy, heart, pulmonary, kidney, neurologic, other, status, enter_on, enter_by, edit_on, edit_by, transfer, site, outbreak_id, hbc_phone, hbc_followup FROM public.clients WHERE id = $1%!(EXTRA int=57)"
time=2025-12-10T19:33:13.033+03:00 level=INFO msg="SELECT id, name, description, start_date, end_date, status, outbreak_type, outbreak_category, enter_on, enter_by, edit_on, edit_by FROM public.outbreaks WHERE id = $1%!(EXTRA int=6)"
time=2025-12-10T19:33:13.034+03:00 level=INFO msg=" SELECT DISTINCT \n\t\t\t\t\temployee_fname, employee_lname, encounter_date, client_id, clinical_team\n\t\t\t\tFROM encounter \n\t\t\t\tLEFT JOIN employee ON employee.employee_id = encounter.managed_by \n\t\t\t\tWHERE (encounter.outbreak_id = $1 OR encounter.outbreak_id IS NULL) AND client_id=57"
time=2025-12-10T19:33:13.036+03:00 level=INFO msg=" SELECT \n\t\t\t\t\tstatus_id, client_id, status_date, status, status_notes, updated_by, updated_on\n\t\t\t\tFROM status  WHERE client_id=57"
time=2025-12-10T19:33:13.037+03:00 level=INFO msg="SELECT id, client_id, call_session_id, platform, phone_number, patient_condition, pain_level, new_lesions, comorbidities, lesions_dry, exposure_alert, created_at FROM public.mpox_assessments WHERE client_id = $1 ORDER BY created_at DESC%!(EXTRA int=57)"
time=2025-12-10T19:33:13.037+03:00 level=INFO msg="ERROR: Failed to get Mpox assessments - pq: relation \"public.mpox_assessments\" does not exist"
time=2025-12-10T19:33:13.038+03:00 level=INFO msg="INFO: Load Client form"
time=2025-12-10T19:33:13.039+03:00 level=INFO msg="Using template directory: D:\\Development\\ios\\ui\\html"
time=2025-12-10T19:33:13.039+03:00 level=INFO msg="Loading navigation template: D:\\Development\\ios\\ui\\html\\navigation.html"
time=2025-12-10T19:33:13.040+03:00 level=INFO msg="Loading template file: D:\\Development\\ios\\ui\\html\\form_patients.html"
time=2025-12-10T19:33:13.042+03:00 level=INFO msg="DEBUG: Executing template with data type: *handlers.TemplateData"
time=2025-12-10T19:33:13.042+03:00 level=INFO msg="DEBUG: TemplateData.Optionz initialized: true, keys: 13"
time=2025-12-10T19:33:13.042+03:00 level=INFO msg="DEBUG: Optionz[result1] has 4 items"
time=2025-12-10T19:33:13.042+03:00 level=INFO msg="DEBUG: Optionz[sex2] has 3 items"
time=2025-12-10T19:33:13.042+03:00 level=INFO msg="DEBUG: Optionz[occup] has 3 items"
time=2025-12-10T19:33:13.042+03:00 level=INFO msg="DEBUG: Optionz[yn] has 3 items"
time=2025-12-10T19:33:13.042+03:00 level=INFO msg="DEBUG: Optionz[yn_extra] has 4 items"
time=2025-12-10T19:33:13.042+03:00 level=INFO msg="DEBUG: Optionz[marital] has 7 items"
time=2025-12-10T19:33:13.042+03:00 level=INFO msg="DEBUG: Optionz[ethnicity] has 3 items"
time=2025-12-10T19:33:13.042+03:00 level=INFO msg="DEBUG: Optionz[preg] has 4 items"
time=2025-12-10T19:33:13.042+03:00 level=INFO msg="DEBUG: Optionz[result2] has 4 items"
time=2025-12-10T19:33:13.042+03:00 level=INFO msg="DEBUG: Optionz[sex] has 3 items"
time=2025-12-10T19:33:13.042+03:00 level=INFO msg="DEBUG: Optionz[nationality] has 4 items"
time=2025-12-10T19:33:13.042+03:00 level=INFO msg="DEBUG: Optionz[mental] has 5 items"
time=2025-12-10T19:33:13.042+03:00 level=INFO msg="DEBUG: Optionz[ward] has 4 items"
time=2025-12-10T19:33:13.042+03:00 level=INFO msg="DEBUG: TemplateData.UserPermissions initialized: true, keys: 0"
time=2025-12-10T19:33:13.051+03:00 level=INFO msg="SELECT facility_id as code, facility_name as lab FROM public.facility ORDER BY facility_name ASC"
time=2025-12-10T19:33:13.053+03:00 level=INFO msg="SELECT facility_id as code, facility_name as lab FROM public.facility ORDER BY facility_name ASC"
time=2025-12-10T19:33:13.076+03:00 level=INFO msg="DEBUG: Incoming request session cookie: e85bab56-e5eb-44c5-ac6f-2e2386f1a7cd"
time=2025-12-10T19:33:13.076+03:00 level=INFO msg="DEBUG: Request path: /static/app/cdn/css/flatpickr.min.css"
time=2025-12-10T19:33:13.077+03:00 level=INFO msg="DEBUG: Session keys: [isAuthenticated selected_outbreak outbreak_id authenticated user user_id userID username]"
time=2025-12-10T19:33:13.077+03:00 level=INFO msg="DEBUG: Session isAuthenticated: true"
time=2025-12-10T19:33:13.077+03:00 level=INFO msg="DEBUG: Session user: 1"
time=2025-12-10T19:33:13.077+03:00 level=INFO msg="DEBUG: Session user_id: 1"
time=2025-12-10T19:33:13.077+03:00 level=INFO msg="DEBUG: Session username: paul.mbaka@gmail.com"
time=2025-12-10T19:33:13.078+03:00 level=INFO msg="DEBUG: AuthRequired checking path: /static/app/cdn/css/flatpickr.min.css"
time=2025-12-10T19:33:13.078+03:00 level=INFO msg="DEBUG: Path /static/app/cdn/css/flatpickr.min.css requires authentication"
time=2025-12-10T19:33:13.078+03:00 level=INFO msg="DEBUG: Incoming request session cookie: e85bab56-e5eb-44c5-ac6f-2e2386f1a7cd"
time=2025-12-10T19:33:13.078+03:00 level=INFO msg="DEBUG: Request path: /static/app/cdn/js/flatpickr.min.js"
time=2025-12-10T19:33:13.078+03:00 level=INFO msg="DEBUG: Incoming request session cookie: e85bab56-e5eb-44c5-ac6f-2e2386f1a7cd"
time=2025-12-10T19:33:13.078+03:00 level=INFO msg="DEBUG: Request path: /static/js/bootstrap.bundle.min.js"
time=2025-12-10T19:33:13.079+03:00 level=INFO msg="DEBUG: Session keys: [user_id userID username isAuthenticated selected_outbreak outbreak_id authenticated user]"
time=2025-12-10T19:33:13.079+03:00 level=INFO msg="DEBUG: Session isAuthenticated: true"
time=2025-12-10T19:33:13.079+03:00 level=INFO msg="DEBUG: Session user: 1"
time=2025-12-10T19:33:13.079+03:00 level=INFO msg="DEBUG: Session user_id: 1"
time=2025-12-10T19:33:13.079+03:00 level=INFO msg="DEBUG: Session username: paul.mbaka@gmail.com"
time=2025-12-10T19:33:13.079+03:00 level=INFO msg="DEBUG: Session keys: [isAuthenticated selected_outbreak outbreak_id authenticated user user_id userID username]"
time=2025-12-10T19:33:13.079+03:00 level=INFO msg="DEBUG: Session isAuthenticated: true"
time=2025-12-10T19:33:13.079+03:00 level=INFO msg="DEBUG: Session user: 1"
time=2025-12-10T19:33:13.079+03:00 level=INFO msg="DEBUG: Session user_id: 1"
time=2025-12-10T19:33:13.079+03:00 level=INFO msg="DEBUG: Session username: paul.mbaka@gmail.com"
time=2025-12-10T19:33:13.079+03:00 level=INFO msg="DEBUG: AuthRequired checking path: /static/app/cdn/js/flatpickr.min.js"
time=2025-12-10T19:33:13.079+03:00 level=INFO msg="DEBUG: AuthRequired checking path: /static/js/bootstrap.bundle.min.js"
time=2025-12-10T19:33:13.079+03:00 level=INFO msg="DEBUG: Path /static/js/bootstrap.bundle.min.js requires authentication"
time=2025-12-10T19:33:13.079+03:00 level=INFO msg="DEBUG: Path /static/app/cdn/js/flatpickr.min.js requires authentication"
time=2025-12-10T19:33:13.080+03:00 level=INFO msg="DEBUG: Incoming request session cookie: e85bab56-e5eb-44c5-ac6f-2e2386f1a7cd"
time=2025-12-10T19:33:13.080+03:00 level=INFO msg="DEBUG: Request path: /static/app/cdn/js/select2.min.js"
time=2025-12-10T19:33:13.080+03:00 level=INFO msg="DEBUG: Session keys: [user_id userID username isAuthenticated selected_outbreak outbreak_id authenticated user]"
time=2025-12-10T19:33:13.080+03:00 level=INFO msg="DEBUG: Session isAuthenticated: true"
time=2025-12-10T19:33:13.080+03:00 level=INFO msg="DEBUG: Session user: 1"
time=2025-12-10T19:33:13.080+03:00 level=INFO msg="DEBUG: Session user_id: 1"
time=2025-12-10T19:33:13.080+03:00 level=INFO msg="DEBUG: Session username: paul.mbaka@gmail.com"
time=2025-12-10T19:33:13.081+03:00 level=INFO msg="DEBUG: AuthRequired checking path: /static/app/cdn/js/select2.min.js"
time=2025-12-10T19:33:13.081+03:00 level=INFO msg="DEBUG: Path /static/app/cdn/js/select2.min.js requires authentication"
time=2025-12-10T19:33:13.093+03:00 level=INFO msg="DEBUG: Incoming request session cookie: e85bab56-e5eb-44c5-ac6f-2e2386f1a7cd"
time=2025-12-10T19:33:13.093+03:00 level=INFO msg="DEBUG: Request path: /api/status/list"
time=2025-12-10T19:33:13.093+03:00 level=INFO msg="DEBUG: Session keys: [selected_outbreak outbreak_id authenticated user user_id userID username isAuthenticated]"
time=2025-12-10T19:33:13.093+03:00 level=INFO msg="DEBUG: Session isAuthenticated: true"
time=2025-12-10T19:33:13.093+03:00 level=INFO msg="DEBUG: Session user: 1"
time=2025-12-10T19:33:13.093+03:00 level=INFO msg="DEBUG: Session user_id: 1"
time=2025-12-10T19:33:13.093+03:00 level=INFO msg="DEBUG: Session username: paul.mbaka@gmail.com"
time=2025-12-10T19:33:13.094+03:00 level=INFO msg="DEBUG: AuthRequired checking path: /api/status/list"
time=2025-12-10T19:33:13.094+03:00 level=INFO msg="DEBUG: Path /api/status/list requires authentication"
time=2025-12-10T19:33:13.094+03:00 level=INFO msg="DEBUG: Incoming request session cookie: e85bab56-e5eb-44c5-ac6f-2e2386f1a7cd"
time=2025-12-10T19:33:13.094+03:00 level=INFO msg="DEBUG: Request path: /discharge/list"
time=2025-12-10T19:33:13.094+03:00 level=INFO msg="DEBUG: Session keys: [authenticated user user_id userID username isAuthenticated selected_outbreak outbreak_id]"
time=2025-12-10T19:33:13.094+03:00 level=INFO msg="DEBUG: Session isAuthenticated: true"
time=2025-12-10T19:33:13.094+03:00 level=INFO msg="DEBUG: Session user: 1"
time=2025-12-10T19:33:13.094+03:00 level=INFO msg="DEBUG: Session user_id: 1"
time=2025-12-10T19:33:13.094+03:00 level=INFO msg="DEBUG: Session username: paul.mbaka@gmail.com"
time=2025-12-10T19:33:13.094+03:00 level=INFO msg="DEBUG: AuthRequired checking path: /discharge/list"
time=2025-12-10T19:33:13.095+03:00 level=INFO msg="DEBUG: Path /discharge/list requires authentication"
time=2025-12-10T19:33:13.097+03:00 level=INFO msg=" SELECT \n\t\t\t\t\ts.status_id, s.client_id, s.status_date, s.status, s.status_notes, s.updated_by, s.updated_on,\n\t\t\t\t\te.employee_fname, e.employee_lname\n\t\t\t\tFROM status s left join employee e on s.updated_by = e.employee_id  WHERE  client_id = 57"
time=2025-12-10T19:33:13.098+03:00 level=INFO msg="SELECT discharge_id, client_id, discharge_date, final_diagnosis, final_diagnosis_other, discharge_outcome, discharge_seq_heari, discharge_seq_pregn, discharge_seq_ocula, discharge_seq_extre, discharge_seq_arthr, discharge_seq_neuro, discharge_seq_others, counselling_provided, discharging_officer, discharge_facility, discharge_seq_others_aza, entered_on, entered_by, updated_by, updated_on FROM public.discharge WHERE client_id = $1%!(EXTRA int=57)"
time=2025-12-10T19:33:19.303+03:00 level=INFO msg="DEBUG: Incoming request session cookie: e85bab56-e5eb-44c5-ac6f-2e2386f1a7cd"
time=2025-12-10T19:33:19.303+03:00 level=INFO msg="DEBUG: Request path: /whatsapp"
time=2025-12-10T19:33:19.304+03:00 level=INFO msg="DEBUG: Session keys: [username isAuthenticated selected_outbreak outbreak_id authenticated user user_id userID]"
time=2025-12-10T19:33:19.304+03:00 level=INFO msg="DEBUG: Session isAuthenticated: true"
time=2025-12-10T19:33:19.304+03:00 level=INFO msg="DEBUG: Session user: 1"
time=2025-12-10T19:33:19.304+03:00 level=INFO msg="DEBUG: Session user_id: 1"
time=2025-12-10T19:33:19.304+03:00 level=INFO msg="DEBUG: Session username: paul.mbaka@gmail.com"
time=2025-12-10T19:33:19.304+03:00 level=INFO msg="DEBUG: AuthRequired checking path: /whatsapp"
time=2025-12-10T19:33:19.304+03:00 level=INFO msg="DEBUG: Path /whatsapp requires authentication"
time=2025-12-10T19:33:47.339+03:00 level=INFO msg="DEBUG: Incoming request session cookie: e85bab56-e5eb-44c5-ac6f-2e2386f1a7cd"
time=2025-12-10T19:33:47.339+03:00 level=INFO msg="DEBUG: Request path: /cases/new/57"
time=2025-12-10T19:33:47.340+03:00 level=INFO msg="DEBUG: Session keys: [isAuthenticated selected_outbreak outbreak_id authenticated user user_id userID username]"
time=2025-12-10T19:33:47.340+03:00 level=INFO msg="DEBUG: Session isAuthenticated: true"
time=2025-12-10T19:33:47.340+03:00 level=INFO msg="DEBUG: Session user: 1"
time=2025-12-10T19:33:47.340+03:00 level=INFO msg="DEBUG: Session user_id: 1"
time=2025-12-10T19:33:47.340+03:00 level=INFO msg="DEBUG: Session username: paul.mbaka@gmail.com"
time=2025-12-10T19:33:47.340+03:00 level=INFO msg="DEBUG: AuthRequired checking path: /cases/new/57"
time=2025-12-10T19:33:47.340+03:00 level=INFO msg="DEBUG: Path /cases/new/57 requires authentication"
time=2025-12-10T19:33:47.350+03:00 level=INFO msg="INFO: Starting Client form"
time=2025-12-10T19:33:47.352+03:00 level=INFO msg="Session debug" user_key_value=1 user_key_type=int
time=2025-12-10T19:33:47.354+03:00 level=INFO msg="SELECT id, uuid, firstname, lastname, othername, gender, date_of_birth, age, marital, nin, nationality, adm_date, adm_from, lab_no, cif_no, etu_no, case_no, occupation, occupation_aza, date_symptom_onset, date_isolation, pregnant, adm_ward, tb, asplenia, hep, diabetes, hiv, liver, malignancy, heart, pulmonary, kidney, neurologic, other, status, enter_on, enter_by, edit_on, edit_by, transfer, site, outbreak_id, hbc_phone, hbc_followup FROM public.clients WHERE id = $1%!(EXTRA int=57)"
time=2025-12-10T19:33:47.363+03:00 level=INFO msg="SELECT id, name, description, start_date, end_date, status, outbreak_type, outbreak_category, enter_on, enter_by, edit_on, edit_by FROM public.outbreaks WHERE id = $1%!(EXTRA int=6)"
time=2025-12-10T19:33:47.367+03:00 level=INFO msg=" SELECT DISTINCT \n\t\t\t\t\temployee_fname, employee_lname, encounter_date, client_id, clinical_team\n\t\t\t\tFROM encounter \n\t\t\t\tLEFT JOIN employee ON employee.employee_id = encounter.managed_by \n\t\t\t\tWHERE (encounter.outbreak_id = $1 OR encounter.outbreak_id IS NULL) AND client_id=57"
time=2025-12-10T19:33:47.372+03:00 level=INFO msg=" SELECT \n\t\t\t\t\tstatus_id, client_id, status_date, status, status_notes, updated_by, updated_on\n\t\t\t\tFROM status  WHERE client_id=57"
time=2025-12-10T19:33:47.375+03:00 level=INFO msg="SELECT id, client_id, call_session_id, platform, phone_number, patient_condition, pain_level, new_lesions, comorbidities, lesions_dry, exposure_alert, created_at FROM public.mpox_assessments WHERE client_id = $1 ORDER BY created_at DESC%!(EXTRA int=57)"
time=2025-12-10T19:33:47.378+03:00 level=INFO msg="ERROR: Failed to get Mpox assessments - pq: relation \"public.mpox_assessments\" does not exist"
time=2025-12-10T19:33:47.386+03:00 level=INFO msg="INFO: Load Client form"
time=2025-12-10T19:33:47.392+03:00 level=INFO msg="Using template directory: D:\\Development\\ios\\ui\\html"
time=2025-12-10T19:33:47.396+03:00 level=INFO msg="Loading navigation template: D:\\Development\\ios\\ui\\html\\navigation.html"
time=2025-12-10T19:33:47.396+03:00 level=INFO msg="Loading template file: D:\\Development\\ios\\ui\\html\\form_patients.html"
time=2025-12-10T19:33:47.398+03:00 level=INFO msg="DEBUG: Executing template with data type: *handlers.TemplateData"
time=2025-12-10T19:33:47.398+03:00 level=INFO msg="DEBUG: TemplateData.Optionz initialized: true, keys: 13"
time=2025-12-10T19:33:47.398+03:00 level=INFO msg="DEBUG: Optionz[sex2] has 3 items"
time=2025-12-10T19:33:47.398+03:00 level=INFO msg="DEBUG: Optionz[yn_extra] has 4 items"
time=2025-12-10T19:33:47.398+03:00 level=INFO msg="DEBUG: Optionz[ethnicity] has 3 items"
time=2025-12-10T19:33:47.398+03:00 level=INFO msg="DEBUG: Optionz[preg] has 4 items"
time=2025-12-10T19:33:47.398+03:00 level=INFO msg="DEBUG: Optionz[result1] has 4 items"
time=2025-12-10T19:33:47.398+03:00 level=INFO msg="DEBUG: Optionz[occup] has 3 items"
time=2025-12-10T19:33:47.398+03:00 level=INFO msg="DEBUG: Optionz[yn] has 3 items"
time=2025-12-10T19:33:47.398+03:00 level=INFO msg="DEBUG: Optionz[marital] has 7 items"
time=2025-12-10T19:33:47.398+03:00 level=INFO msg="DEBUG: Optionz[nationality] has 4 items"
time=2025-12-10T19:33:47.398+03:00 level=INFO msg="DEBUG: Optionz[mental] has 5 items"
time=2025-12-10T19:33:47.398+03:00 level=INFO msg="DEBUG: Optionz[ward] has 4 items"
time=2025-12-10T19:33:47.398+03:00 level=INFO msg="DEBUG: Optionz[result2] has 4 items"
time=2025-12-10T19:33:47.398+03:00 level=INFO msg="DEBUG: Optionz[sex] has 3 items"
time=2025-12-10T19:33:47.398+03:00 level=INFO msg="DEBUG: TemplateData.UserPermissions initialized: true, keys: 0"
time=2025-12-10T19:33:47.424+03:00 level=INFO msg="SELECT facility_id as code, facility_name as lab FROM public.facility ORDER BY facility_name ASC"
time=2025-12-10T19:33:47.425+03:00 level=INFO msg="SELECT facility_id as code, facility_name as lab FROM public.facility ORDER BY facility_name ASC"
time=2025-12-10T19:33:47.444+03:00 level=INFO msg="DEBUG: Incoming request session cookie: e85bab56-e5eb-44c5-ac6f-2e2386f1a7cd"
time=2025-12-10T19:33:47.444+03:00 level=INFO msg="DEBUG: Request path: /static/app/cdn/css/flatpickr.min.css"
time=2025-12-10T19:33:47.444+03:00 level=INFO msg="DEBUG: Session keys: [userID username isAuthenticated selected_outbreak outbreak_id authenticated user user_id]"
time=2025-12-10T19:33:47.444+03:00 level=INFO msg="DEBUG: Session isAuthenticated: true"
time=2025-12-10T19:33:47.444+03:00 level=INFO msg="DEBUG: Session user: 1"
time=2025-12-10T19:33:47.444+03:00 level=INFO msg="DEBUG: Session user_id: 1"
time=2025-12-10T19:33:47.444+03:00 level=INFO msg="DEBUG: Session username: paul.mbaka@gmail.com"
time=2025-12-10T19:33:47.444+03:00 level=INFO msg="DEBUG: AuthRequired checking path: /static/app/cdn/css/flatpickr.min.css"
time=2025-12-10T19:33:47.444+03:00 level=INFO msg="DEBUG: Path /static/app/cdn/css/flatpickr.min.css requires authentication"
time=2025-12-10T19:33:47.447+03:00 level=INFO msg="DEBUG: Incoming request session cookie: e85bab56-e5eb-44c5-ac6f-2e2386f1a7cd"
time=2025-12-10T19:33:47.447+03:00 level=INFO msg="DEBUG: Request path: /static/js/bootstrap.bundle.min.js"
time=2025-12-10T19:33:47.447+03:00 level=INFO msg="DEBUG: Session keys: [outbreak_id authenticated user user_id userID username isAuthenticated selected_outbreak]"
time=2025-12-10T19:33:47.447+03:00 level=INFO msg="DEBUG: Session isAuthenticated: true"
time=2025-12-10T19:33:47.447+03:00 level=INFO msg="DEBUG: Session user: 1"
time=2025-12-10T19:33:47.447+03:00 level=INFO msg="DEBUG: Session user_id: 1"
time=2025-12-10T19:33:47.447+03:00 level=INFO msg="DEBUG: Session username: paul.mbaka@gmail.com"
time=2025-12-10T19:33:47.447+03:00 level=INFO msg="DEBUG: AuthRequired checking path: /static/js/bootstrap.bundle.min.js"
time=2025-12-10T19:33:47.447+03:00 level=INFO msg="DEBUG: Path /static/js/bootstrap.bundle.min.js requires authentication"
time=2025-12-10T19:33:47.448+03:00 level=INFO msg="DEBUG: Incoming request session cookie: e85bab56-e5eb-44c5-ac6f-2e2386f1a7cd"
time=2025-12-10T19:33:47.448+03:00 level=INFO msg="DEBUG: Request path: /static/app/cdn/js/flatpickr.min.js"
time=2025-12-10T19:33:47.448+03:00 level=INFO msg="DEBUG: Session keys: [user user_id userID username isAuthenticated selected_outbreak outbreak_id authenticated]"
time=2025-12-10T19:33:47.448+03:00 level=INFO msg="DEBUG: Session isAuthenticated: true"
time=2025-12-10T19:33:47.448+03:00 level=INFO msg="DEBUG: Session user: 1"
time=2025-12-10T19:33:47.448+03:00 level=INFO msg="DEBUG: Session user_id: 1"
time=2025-12-10T19:33:47.448+03:00 level=INFO msg="DEBUG: Session username: paul.mbaka@gmail.com"
time=2025-12-10T19:33:47.448+03:00 level=INFO msg="DEBUG: AuthRequired checking path: /static/app/cdn/js/flatpickr.min.js"
time=2025-12-10T19:33:47.449+03:00 level=INFO msg="DEBUG: Path /static/app/cdn/js/flatpickr.min.js requires authentication"
time=2025-12-10T19:33:47.450+03:00 level=INFO msg="DEBUG: Incoming request session cookie: e85bab56-e5eb-44c5-ac6f-2e2386f1a7cd"
time=2025-12-10T19:33:47.450+03:00 level=INFO msg="DEBUG: Request path: /static/app/cdn/js/select2.min.js"
time=2025-12-10T19:33:47.450+03:00 level=INFO msg="DEBUG: Session keys: [selected_outbreak outbreak_id authenticated user user_id userID username isAuthenticated]"
time=2025-12-10T19:33:47.450+03:00 level=INFO msg="DEBUG: Session isAuthenticated: true"
time=2025-12-10T19:33:47.450+03:00 level=INFO msg="DEBUG: Session user: 1"
time=2025-12-10T19:33:47.450+03:00 level=INFO msg="DEBUG: Session user_id: 1"
time=2025-12-10T19:33:47.450+03:00 level=INFO msg="DEBUG: Session username: paul.mbaka@gmail.com"
time=2025-12-10T19:33:47.450+03:00 level=INFO msg="DEBUG: AuthRequired checking path: /static/app/cdn/js/select2.min.js"
time=2025-12-10T19:33:47.450+03:00 level=INFO msg="DEBUG: Path /static/app/cdn/js/select2.min.js requires authentication"
time=2025-12-10T19:33:47.459+03:00 level=INFO msg="DEBUG: Incoming request session cookie: e85bab56-e5eb-44c5-ac6f-2e2386f1a7cd"
time=2025-12-10T19:33:47.460+03:00 level=INFO msg="DEBUG: Request path: /api/status/list"
time=2025-12-10T19:33:47.460+03:00 level=INFO msg="DEBUG: Session keys: [isAuthenticated selected_outbreak outbreak_id authenticated user user_id userID username]"
time=2025-12-10T19:33:47.460+03:00 level=INFO msg="DEBUG: Session isAuthenticated: true"
time=2025-12-10T19:33:47.460+03:00 level=INFO msg="DEBUG: Session user: 1"
time=2025-12-10T19:33:47.460+03:00 level=INFO msg="DEBUG: Session user_id: 1"
time=2025-12-10T19:33:47.460+03:00 level=INFO msg="DEBUG: Session username: paul.mbaka@gmail.com"
time=2025-12-10T19:33:47.460+03:00 level=INFO msg="DEBUG: AuthRequired checking path: /api/status/list"
time=2025-12-10T19:33:47.460+03:00 level=INFO msg="DEBUG: Path /api/status/list requires authentication"
time=2025-12-10T19:33:47.469+03:00 level=INFO msg=" SELECT \n\t\t\t\t\ts.status_id, s.client_id, s.status_date, s.status, s.status_notes, s.updated_by, s.updated_on,\n\t\t\t\t\te.employee_fname, e.employee_lname\n\t\t\t\tFROM status s left join employee e on s.updated_by = e.employee_id  WHERE  client_id = 57"
time=2025-12-10T19:33:47.482+03:00 level=INFO msg="DEBUG: Incoming request session cookie: e85bab56-e5eb-44c5-ac6f-2e2386f1a7cd"
time=2025-12-10T19:33:47.482+03:00 level=INFO msg="DEBUG: Request path: /discharge/list"
time=2025-12-10T19:33:47.483+03:00 level=INFO msg="DEBUG: Session keys: [selected_outbreak outbreak_id authenticated user user_id userID username isAuthenticated]"
time=2025-12-10T19:33:47.483+03:00 level=INFO msg="DEBUG: Session isAuthenticated: true"
time=2025-12-10T19:33:47.483+03:00 level=INFO msg="DEBUG: Session user: 1"
time=2025-12-10T19:33:47.483+03:00 level=INFO msg="DEBUG: Session user_id: 1"
time=2025-12-10T19:33:47.483+03:00 level=INFO msg="DEBUG: Session username: paul.mbaka@gmail.com"
time=2025-12-10T19:33:47.483+03:00 level=INFO msg="DEBUG: AuthRequired checking path: /discharge/list"
time=2025-12-10T19:33:47.483+03:00 level=INFO msg="DEBUG: Path /discharge/list requires authentication"
time=2025-12-10T19:33:47.492+03:00 level=INFO msg="SELECT discharge_id, client_id, discharge_date, final_diagnosis, final_diagnosis_other, discharge_outcome, discharge_seq_heari, discharge_seq_pregn, discharge_seq_ocula, discharge_seq_extre, discharge_seq_arthr, discharge_seq_neuro, discharge_seq_others, counselling_provided, discharging_officer, discharge_facility, discharge_seq_others_aza, entered_on, entered_by, updated_by, updated_on FROM public.discharge WHERE client_id = $1%!(EXTRA int=57)"
time=2025-12-10T19:33:57.901+03:00 level=INFO msg="DEBUG: Incoming request session cookie: e85bab56-e5eb-44c5-ac6f-2e2386f1a7cd"
time=2025-12-10T19:33:57.901+03:00 level=INFO msg="DEBUG: Request path: /cases"
time=2025-12-10T19:33:57.901+03:00 level=INFO msg="DEBUG: Session keys: [user user_id userID username isAuthenticated selected_outbreak outbreak_id authenticated]"
time=2025-12-10T19:33:57.901+03:00 level=INFO msg="DEBUG: Session isAuthenticated: true"
time=2025-12-10T19:33:57.901+03:00 level=INFO msg="DEBUG: Session user: 1"
time=2025-12-10T19:33:57.901+03:00 level=INFO msg="DEBUG: Session user_id: 1"
time=2025-12-10T19:33:57.901+03:00 level=INFO msg="DEBUG: Session username: paul.mbaka@gmail.com"
time=2025-12-10T19:33:57.901+03:00 level=INFO msg="DEBUG: AuthRequired checking path: /cases"
time=2025-12-10T19:33:57.901+03:00 level=INFO msg="DEBUG: Path /cases requires authentication"
time=2025-12-10T19:33:57.906+03:00 level=INFO msg="Session debug" user_key_value=1 user_key_type=int
time=2025-12-10T19:33:57.909+03:00 level=INFO msg="Loading cases for outbreak" user_id=1 outbreak_id=6
time=2025-12-10T19:33:57.911+03:00 level=INFO msg="Admin user - bypassing facility filter" user_id=1
time=2025-12-10T19:33:57.911+03:00 level=INFO msg="SELECT \n\t\tid, uuid, firstname, lastname, othername, gender, date_of_birth, age, marital, nin, nationality, adm_date, adm_from, lab_no, cif_no, etu_no, case_no, occupation, occupation_aza, date_symptom_onset, date_isolation, pregnant, adm_ward, tb, asplenia, hep, diabetes, hiv, liver, malignancy, heart, pulmonary, kidney, neurologic, other, status, enter_on, enter_by, edit_on, edit_by, transfer, site \n\tFROM public.clients WHERE outbreak_id = 6"
time=2025-12-10T19:33:57.912+03:00 level=INFO msg="Using template directory: D:\\Development\\ios\\ui\\html"
time=2025-12-10T19:33:57.912+03:00 level=INFO msg="Loading navigation template: D:\\Development\\ios\\ui\\html\\navigation.html"
time=2025-12-10T19:33:57.912+03:00 level=INFO msg="Loading template file: D:\\Development\\ios\\ui\\html\\list_patients.html"
time=2025-12-10T19:33:57.913+03:00 level=INFO msg="DEBUG: Executing template with data type: *handlers.TemplateData"
time=2025-12-10T19:33:57.913+03:00 level=INFO msg="DEBUG: TemplateData.Optionz initialized: true, keys: 10"
time=2025-12-10T19:33:57.913+03:00 level=INFO msg="DEBUG: Optionz[yn] has 3 items"
time=2025-12-10T19:33:57.913+03:00 level=INFO msg="DEBUG: Optionz[nationality] has 4 items"
time=2025-12-10T19:33:57.913+03:00 level=INFO msg="DEBUG: Optionz[mental] has 5 items"
time=2025-12-10T19:33:57.913+03:00 level=INFO msg="DEBUG: Optionz[result1] has 4 items"
time=2025-12-10T19:33:57.913+03:00 level=INFO msg="DEBUG: Optionz[yn_extra] has 4 items"
time=2025-12-10T19:33:57.913+03:00 level=INFO msg="DEBUG: Optionz[sex] has 3 items"
time=2025-12-10T19:33:57.913+03:00 level=INFO msg="DEBUG: Optionz[marital] has 7 items"
time=2025-12-10T19:33:57.913+03:00 level=INFO msg="DEBUG: Optionz[preg] has 4 items"
time=2025-12-10T19:33:57.913+03:00 level=INFO msg="DEBUG: Optionz[ward] has 3 items"
time=2025-12-10T19:33:57.913+03:00 level=INFO msg="DEBUG: Optionz[result2] has 4 items"
time=2025-12-10T19:33:57.913+03:00 level=INFO msg="DEBUG: TemplateData.UserPermissions initialized: true, keys: 0"
time=2025-12-10T19:34:01.447+03:00 level=INFO msg="DEBUG: Incoming request session cookie: e85bab56-e5eb-44c5-ac6f-2e2386f1a7cd"
time=2025-12-10T19:34:01.447+03:00 level=INFO msg="DEBUG: Request path: /outbreaks"
time=2025-12-10T19:34:01.447+03:00 level=INFO msg="DEBUG: Session keys: [outbreak_id authenticated user user_id userID username isAuthenticated selected_outbreak]"
time=2025-12-10T19:34:01.447+03:00 level=INFO msg="DEBUG: Session isAuthenticated: true"
time=2025-12-10T19:34:01.447+03:00 level=INFO msg="DEBUG: Session user: 1"
time=2025-12-10T19:34:01.447+03:00 level=INFO msg="DEBUG: Session user_id: 1"
time=2025-12-10T19:34:01.447+03:00 level=INFO msg="DEBUG: Session username: paul.mbaka@gmail.com"
time=2025-12-10T19:34:01.447+03:00 level=INFO msg="DEBUG: AuthRequired checking path: /outbreaks"
time=2025-12-10T19:34:01.447+03:00 level=INFO msg="DEBUG: Path /outbreaks requires authentication"
time=2025-12-10T19:34:01.452+03:00 level=INFO msg="Template data debug" optionz_initialized=true optionz_keys=2 has_case_role_value=true
time=2025-12-10T19:34:01.452+03:00 level=INFO msg="Using template directory: D:\\Development\\ios\\ui\\html"
time=2025-12-10T19:34:01.453+03:00 level=INFO msg="Loading navigation template: D:\\Development\\ios\\ui\\html\\navigation.html"
time=2025-12-10T19:34:01.454+03:00 level=INFO msg="Loading template file: D:\\Development\\ios\\ui\\html\\outbreaks.html"
time=2025-12-10T19:34:01.454+03:00 level=INFO msg="DEBUG: Executing template with data type: *handlers.TemplateData"
time=2025-12-10T19:34:01.454+03:00 level=INFO msg="DEBUG: TemplateData.Optionz initialized: true, keys: 2"
time=2025-12-10T19:34:01.454+03:00 level=INFO msg="DEBUG: Optionz[can_manage_outbreak] has 3 items"
time=2025-12-10T19:34:01.454+03:00 level=INFO msg="DEBUG: Optionz[has_case_role] has 1 items"
time=2025-12-10T19:34:01.454+03:00 level=INFO msg="DEBUG: TemplateData.UserPermissions initialized: true, keys: 0"
time=2025-12-10T19:34:01.471+03:00 level=INFO msg="DEBUG: Incoming request session cookie: e85bab56-e5eb-44c5-ac6f-2e2386f1a7cd"
time=2025-12-10T19:34:01.472+03:00 level=INFO msg="DEBUG: Request path: /static/app/cdn/css/flatpickr.min.css"
time=2025-12-10T19:34:01.473+03:00 level=INFO msg="DEBUG: Session keys: [user user_id userID username isAuthenticated selected_outbreak outbreak_id authenticated]"
time=2025-12-10T19:34:01.474+03:00 level=INFO msg="DEBUG: Session isAuthenticated: true"
time=2025-12-10T19:34:01.474+03:00 level=INFO msg="DEBUG: Session user: 1"
time=2025-12-10T19:34:01.474+03:00 level=INFO msg="DEBUG: Session user_id: 1"
time=2025-12-10T19:34:01.474+03:00 level=INFO msg="DEBUG: Session username: paul.mbaka@gmail.com"
time=2025-12-10T19:34:01.474+03:00 level=INFO msg="DEBUG: AuthRequired checking path: /static/app/cdn/css/flatpickr.min.css"
time=2025-12-10T19:34:01.474+03:00 level=INFO msg="DEBUG: Path /static/app/cdn/css/flatpickr.min.css requires authentication"
time=2025-12-10T19:34:01.475+03:00 level=INFO msg="DEBUG: Incoming request session cookie: e85bab56-e5eb-44c5-ac6f-2e2386f1a7cd"
time=2025-12-10T19:34:01.475+03:00 level=INFO msg="DEBUG: Request path: /static/app/cdn/js/flatpickr.min.js"
time=2025-12-10T19:34:01.475+03:00 level=INFO msg="DEBUG: Session keys: [isAuthenticated selected_outbreak outbreak_id authenticated user user_id userID username]"
time=2025-12-10T19:34:01.475+03:00 level=INFO msg="DEBUG: Session isAuthenticated: true"
time=2025-12-10T19:34:01.475+03:00 level=INFO msg="DEBUG: Session user: 1"
time=2025-12-10T19:34:01.475+03:00 level=INFO msg="DEBUG: Session user_id: 1"
time=2025-12-10T19:34:01.475+03:00 level=INFO msg="DEBUG: Session username: paul.mbaka@gmail.com"
time=2025-12-10T19:34:01.476+03:00 level=INFO msg="DEBUG: AuthRequired checking path: /static/app/cdn/js/flatpickr.min.js"
time=2025-12-10T19:34:01.476+03:00 level=INFO msg="DEBUG: Path /static/app/cdn/js/flatpickr.min.js requires authentication"
time=2025-12-10T19:34:03.357+03:00 level=INFO msg="DEBUG: Incoming request session cookie: e85bab56-e5eb-44c5-ac6f-2e2386f1a7cd"
time=2025-12-10T19:34:03.357+03:00 level=INFO msg="DEBUG: Request path: /home"
time=2025-12-10T19:34:03.357+03:00 level=INFO msg="DEBUG: Session keys: [username isAuthenticated selected_outbreak outbreak_id authenticated user user_id userID]"
time=2025-12-10T19:34:03.357+03:00 level=INFO msg="DEBUG: Session isAuthenticated: true"
time=2025-12-10T19:34:03.357+03:00 level=INFO msg="DEBUG: Session user: 1"
time=2025-12-10T19:34:03.357+03:00 level=INFO msg="DEBUG: Session user_id: 1"
time=2025-12-10T19:34:03.357+03:00 level=INFO msg="DEBUG: Session username: paul.mbaka@gmail.com"
time=2025-12-10T19:34:03.357+03:00 level=INFO msg="DEBUG: AuthRequired checking path: /home"
time=2025-12-10T19:34:03.357+03:00 level=INFO msg="DEBUG: Path /home requires authentication"
time=2025-12-10T19:34:03.357+03:00 level=INFO msg="Session debug" user_key_value=1 user_key_type=int
time=2025-12-10T19:34:03.359+03:00 level=INFO msg="SELECT id, name, description, start_date, end_date, status, outbreak_type, outbreak_category, enter_on, enter_by, edit_on, edit_by FROM public.outbreaks WHERE id = $1%!(EXTRA int=6)"
time=2025-12-10T19:34:03.364+03:00 level=INFO msg="Using template directory: D:\\Development\\ios\\ui\\html"
time=2025-12-10T19:34:03.365+03:00 level=INFO msg="Loading navigation template: D:\\Development\\ios\\ui\\html\\navigation.html"
time=2025-12-10T19:34:03.366+03:00 level=INFO msg="Loading template file: D:\\Development\\ios\\ui\\html\\home.html"
time=2025-12-10T19:34:03.367+03:00 level=INFO msg="DEBUG: Executing template with data type: *handlers.TemplateData"
time=2025-12-10T19:34:03.367+03:00 level=INFO msg="DEBUG: TemplateData.Optionz initialized: true, keys: 11"
time=2025-12-10T19:34:03.367+03:00 level=INFO msg="DEBUG: Optionz[yn] has 3 items"
time=2025-12-10T19:34:03.367+03:00 level=INFO msg="DEBUG: Optionz[mental] has 5 items"
time=2025-12-10T19:34:03.367+03:00 level=INFO msg="DEBUG: Optionz[result2] has 4 items"
time=2025-12-10T19:34:03.367+03:00 level=INFO msg="DEBUG: Optionz[has_case_role] has 1 items"
time=2025-12-10T19:34:03.367+03:00 level=INFO msg="DEBUG: Optionz[yn_extra] has 4 items"
time=2025-12-10T19:34:03.367+03:00 level=INFO msg="DEBUG: Optionz[sex] has 3 items"
time=2025-12-10T19:34:03.367+03:00 level=INFO msg="DEBUG: Optionz[marital] has 7 items"
time=2025-12-10T19:34:03.367+03:00 level=INFO msg="DEBUG: Optionz[nationality] has 4 items"
time=2025-12-10T19:34:03.367+03:00 level=INFO msg="DEBUG: Optionz[preg] has 4 items"
time=2025-12-10T19:34:03.367+03:00 level=INFO msg="DEBUG: Optionz[ward] has 3 items"
time=2025-12-10T19:34:03.367+03:00 level=INFO msg="DEBUG: Optionz[result1] has 4 items"
time=2025-12-10T19:34:03.367+03:00 level=INFO msg="DEBUG: TemplateData.UserPermissions initialized: true, keys: 47"
time=2025-12-10T19:34:03.367+03:00 level=INFO msg="DEBUG: UserPermissions[outbreak_assignment] has actions: [create delete read update]"
time=2025-12-10T19:34:03.367+03:00 level=INFO msg="DEBUG: UserPermissions[reports] has actions: [create export manage read]"
time=2025-12-10T19:34:03.367+03:00 level=INFO msg="DEBUG: UserPermissions[setting] has actions: [create read]"
time=2025-12-10T19:34:03.367+03:00 level=INFO msg="DEBUG: UserPermissions[users] has actions: [create delete read update]"
time=2025-12-10T19:34:03.367+03:00 level=INFO msg="DEBUG: UserPermissions[vhf_cases] has actions: [read]"
time=2025-12-10T19:34:03.367+03:00 level=INFO msg="DEBUG: UserPermissions[vhf_patients] has actions: [create delete export read update]"
time=2025-12-10T19:34:03.367+03:00 level=INFO msg="DEBUG: UserPermissions[demographic_data] has actions: [export]"
time=2025-12-10T19:34:03.367+03:00 level=INFO msg="DEBUG: UserPermissions[district_vhf_cif_reports] has actions: [read]"
time=2025-12-10T19:34:03.367+03:00 level=INFO msg="DEBUG: UserPermissions[laboratory] has actions: [create delete read update]"
time=2025-12-10T19:34:03.367+03:00 level=INFO msg="DEBUG: UserPermissions[patient_registration] has actions: [create delete read update]"
time=2025-12-10T19:34:03.367+03:00 level=INFO msg="DEBUG: UserPermissions[polio_cif_reports] has actions: [read]"
time=2025-12-10T19:34:03.367+03:00 level=INFO msg="DEBUG: UserPermissions[geographic_reports] has actions: [read]"
time=2025-12-10T19:34:03.367+03:00 level=INFO msg="DEBUG: UserPermissions[measles_cif_reports] has actions: [read]"
time=2025-12-10T19:34:03.367+03:00 level=INFO msg="DEBUG: UserPermissions[outbreaks] has actions: [close create delete manage_assigned read read_assigned update]"
time=2025-12-10T19:34:03.367+03:00 level=INFO msg="DEBUG: UserPermissions[alerts] has actions: [create delete read update]"
time=2025-12-10T19:34:03.367+03:00 level=INFO msg="DEBUG: UserPermissions[employees] has actions: [assign create delete read update]"
time=2025-12-10T19:34:03.367+03:00 level=INFO msg="DEBUG: UserPermissions[geographic_data] has actions: [export]"
time=2025-12-10T19:34:03.367+03:00 level=INFO msg="DEBUG: UserPermissions[mpox_outbreak] has actions: [read]"
time=2025-12-10T19:34:03.367+03:00 level=INFO msg="DEBUG: UserPermissions[outbreak_assignments] has actions: [create]"
time=2025-12-10T19:34:03.367+03:00 level=INFO msg="DEBUG: UserPermissions[patient_care] has actions: [create delete read update]"
time=2025-12-10T19:34:03.367+03:00 level=INFO msg="DEBUG: UserPermissions[surveillance] has actions: [create delete read update]"
time=2025-12-10T19:34:03.367+03:00 level=INFO msg="DEBUG: UserPermissions[vhf_cif_reports] has actions: [read]"
time=2025-12-10T19:34:03.367+03:00 level=INFO msg="DEBUG: UserPermissions[cif] has actions: [read]"
time=2025-12-10T19:34:03.367+03:00 level=INFO msg="DEBUG: UserPermissions[patient_admission] has actions: [create delete read update]"
time=2025-12-10T19:34:03.367+03:00 level=INFO msg="DEBUG: UserPermissions[patients] has actions: [read]"
time=2025-12-10T19:34:03.367+03:00 level=INFO msg="DEBUG: UserPermissions[treatment] has actions: [read]"
time=2025-12-10T19:34:03.367+03:00 level=INFO msg="DEBUG: UserPermissions[vhf_lab] has actions: [create read update]"
time=2025-12-10T19:34:03.367+03:00 level=INFO msg="DEBUG: UserPermissions[advanced_analytics] has actions: [export read]"
time=2025-12-10T19:34:03.367+03:00 level=INFO msg="DEBUG: UserPermissions[analytics_dashboards] has actions: [manage]"
time=2025-12-10T19:34:03.367+03:00 level=INFO msg="DEBUG: UserPermissions[mpox_cif_reports] has actions: [read]"
time=2025-12-10T19:34:03.367+03:00 level=INFO msg="DEBUG: UserPermissions[mpox_cases] has actions: [create read update]"
time=2025-12-10T19:34:03.367+03:00 level=INFO msg="DEBUG: UserPermissions[admin] has actions: [create delete read update]"
time=2025-12-10T19:34:03.367+03:00 level=INFO msg="DEBUG: UserPermissions[advanced_reports] has actions: [create]"
time=2025-12-10T19:34:03.367+03:00 level=INFO msg="DEBUG: UserPermissions[analytics] has actions: [create export read]"
time=2025-12-10T19:34:03.367+03:00 level=INFO msg="DEBUG: UserPermissions[case_management_data] has actions: [export]"
time=2025-12-10T19:34:03.367+03:00 level=INFO msg="DEBUG: UserPermissions[case_management_reports] has actions: [read]"
time=2025-12-10T19:34:03.367+03:00 level=INFO msg="DEBUG: UserPermissions[demographic_reports] has actions: [read]"
time=2025-12-10T19:34:03.367+03:00 level=INFO msg="DEBUG: UserPermissions[deployment] has actions: [create read]"
time=2025-12-10T19:34:03.367+03:00 level=INFO msg="DEBUG: UserPermissions[cases] has actions: [create delete read update]"
time=2025-12-10T19:34:03.367+03:00 level=INFO msg="DEBUG: UserPermissions[contacts] has actions: [create read update]"
time=2025-12-10T19:34:03.367+03:00 level=INFO msg="DEBUG: UserPermissions[district_vhf_cif_data] has actions: [export]"
time=2025-12-10T19:34:03.367+03:00 level=INFO msg="DEBUG: UserPermissions[facilities] has actions: [create delete read update]"
time=2025-12-10T19:34:03.367+03:00 level=INFO msg="DEBUG: UserPermissions[password] has actions: [approve change_own reset_others]"
time=2025-12-10T19:34:03.367+03:00 level=INFO msg="DEBUG: UserPermissions[patient_discharge] has actions: [create delete read update]"
time=2025-12-10T19:34:03.368+03:00 level=INFO msg="DEBUG: UserPermissions[quaratine] has actions: [read]"
time=2025-12-10T19:34:03.368+03:00 level=INFO msg="DEBUG: UserPermissions[case_encounters] has actions: [create read update]"
time=2025-12-10T19:34:03.368+03:00 level=INFO msg="DEBUG: UserPermissions[mpox_followup] has actions: [manage]"
time=2025-12-10T19:34:03.388+03:00 level=INFO msg="DEBUG: Incoming request session cookie: e85bab56-e5eb-44c5-ac6f-2e2386f1a7cd"
time=2025-12-10T19:34:03.388+03:00 level=INFO msg="DEBUG: Request path: /static/app/cdn/css/flatpickr.min.css"
time=2025-12-10T19:34:03.388+03:00 level=INFO msg="DEBUG: Session keys: [userID username isAuthenticated selected_outbreak outbreak_id authenticated user user_id]"
time=2025-12-10T19:34:03.388+03:00 level=INFO msg="DEBUG: Session isAuthenticated: true"
time=2025-12-10T19:34:03.388+03:00 level=INFO msg="DEBUG: Session user: 1"
time=2025-12-10T19:34:03.388+03:00 level=INFO msg="DEBUG: Session user_id: 1"
time=2025-12-10T19:34:03.388+03:00 level=INFO msg="DEBUG: Session username: paul.mbaka@gmail.com"
time=2025-12-10T19:34:03.389+03:00 level=INFO msg="DEBUG: AuthRequired checking path: /static/app/cdn/css/flatpickr.min.css"
time=2025-12-10T19:34:03.389+03:00 level=INFO msg="DEBUG: Path /static/app/cdn/css/flatpickr.min.css requires authentication"
time=2025-12-10T19:34:03.390+03:00 level=INFO msg="DEBUG: Incoming request session cookie: e85bab56-e5eb-44c5-ac6f-2e2386f1a7cd"
time=2025-12-10T19:34:03.390+03:00 level=INFO msg="DEBUG: Request path: /static/app/cdn/js/flatpickr.min.js"
time=2025-12-10T19:34:03.390+03:00 level=INFO msg="DEBUG: Session keys: [user user_id userID username isAuthenticated selected_outbreak outbreak_id authenticated]"
time=2025-12-10T19:34:03.390+03:00 level=INFO msg="DEBUG: Session isAuthenticated: true"
time=2025-12-10T19:34:03.390+03:00 level=INFO msg="DEBUG: Session user: 1"
time=2025-12-10T19:34:03.390+03:00 level=INFO msg="DEBUG: Session user_id: 1"
time=2025-12-10T19:34:03.390+03:00 level=INFO msg="DEBUG: Session username: paul.mbaka@gmail.com"
time=2025-12-10T19:34:03.390+03:00 level=INFO msg="DEBUG: AuthRequired checking path: /static/app/cdn/js/flatpickr.min.js"
time=2025-12-10T19:34:03.390+03:00 level=INFO msg="DEBUG: Path /static/app/cdn/js/flatpickr.min.js requires authentication"
time=2025-12-10T19:35:56.228+03:00 level=INFO msg="DEBUG: Incoming request session cookie: e85bab56-e5eb-44c5-ac6f-2e2386f1a7cd"
time=2025-12-10T19:35:56.228+03:00 level=INFO msg="DEBUG: Request path: /home"
time=2025-12-10T19:35:56.228+03:00 level=INFO msg="DEBUG: Session keys: [username isAuthenticated selected_outbreak outbreak_id authenticated user user_id userID]"
time=2025-12-10T19:35:56.228+03:00 level=INFO msg="DEBUG: Session isAuthenticated: true"
time=2025-12-10T19:35:56.228+03:00 level=INFO msg="DEBUG: Session user: 1"
time=2025-12-10T19:35:56.228+03:00 level=INFO msg="DEBUG: Session user_id: 1"
time=2025-12-10T19:35:56.228+03:00 level=INFO msg="DEBUG: Session username: paul.mbaka@gmail.com"
time=2025-12-10T19:35:56.229+03:00 level=INFO msg="DEBUG: AuthRequired checking path: /home"
time=2025-12-10T19:35:56.229+03:00 level=INFO msg="DEBUG: Path /home requires authentication"
time=2025-12-10T19:35:56.229+03:00 level=INFO msg="Session debug" user_key_value=1 user_key_type=int
time=2025-12-10T19:35:56.232+03:00 level=INFO msg="SELECT id, name, description, start_date, end_date, status, outbreak_type, outbreak_category, enter_on, enter_by, edit_on, edit_by FROM public.outbreaks WHERE id = $1%!(EXTRA int=6)"
time=2025-12-10T19:35:56.243+03:00 level=INFO msg="Using template directory: D:\\Development\\ios\\ui\\html"
time=2025-12-10T19:35:56.243+03:00 level=INFO msg="Loading navigation template: D:\\Development\\ios\\ui\\html\\navigation.html"
time=2025-12-10T19:35:56.243+03:00 level=INFO msg="Loading template file: D:\\Development\\ios\\ui\\html\\home.html"
time=2025-12-10T19:35:56.245+03:00 level=INFO msg="DEBUG: Executing template with data type: *handlers.TemplateData"
time=2025-12-10T19:35:56.245+03:00 level=INFO msg="DEBUG: TemplateData.Optionz initialized: true, keys: 11"
time=2025-12-10T19:35:56.245+03:00 level=INFO msg="DEBUG: Optionz[yn] has 3 items"
time=2025-12-10T19:35:56.245+03:00 level=INFO msg="DEBUG: Optionz[sex] has 3 items"
time=2025-12-10T19:35:56.245+03:00 level=INFO msg="DEBUG: Optionz[nationality] has 4 items"
time=2025-12-10T19:35:56.245+03:00 level=INFO msg="DEBUG: Optionz[mental] has 5 items"
time=2025-12-10T19:35:56.245+03:00 level=INFO msg="DEBUG: Optionz[preg] has 4 items"
time=2025-12-10T19:35:56.245+03:00 level=INFO msg="DEBUG: Optionz[result2] has 4 items"
time=2025-12-10T19:35:56.245+03:00 level=INFO msg="DEBUG: Optionz[has_case_role] has 1 items"
time=2025-12-10T19:35:56.245+03:00 level=INFO msg="DEBUG: Optionz[yn_extra] has 4 items"
time=2025-12-10T19:35:56.245+03:00 level=INFO msg="DEBUG: Optionz[marital] has 7 items"
time=2025-12-10T19:35:56.245+03:00 level=INFO msg="DEBUG: Optionz[ward] has 3 items"
time=2025-12-10T19:35:56.245+03:00 level=INFO msg="DEBUG: Optionz[result1] has 4 items"
time=2025-12-10T19:35:56.245+03:00 level=INFO msg="DEBUG: TemplateData.UserPermissions initialized: true, keys: 47"
time=2025-12-10T19:35:56.245+03:00 level=INFO msg="DEBUG: UserPermissions[mpox_outbreak] has actions: [read]"
time=2025-12-10T19:35:56.245+03:00 level=INFO msg="DEBUG: UserPermissions[vhf_lab] has actions: [create read update]"
time=2025-12-10T19:35:56.245+03:00 level=INFO msg="DEBUG: UserPermissions[demographic_reports] has actions: [read]"
time=2025-12-10T19:35:56.245+03:00 level=INFO msg="DEBUG: UserPermissions[analytics_dashboards] has actions: [manage]"
time=2025-12-10T19:35:56.245+03:00 level=INFO msg="DEBUG: UserPermissions[demographic_data] has actions: [export]"
time=2025-12-10T19:35:56.245+03:00 level=INFO msg="DEBUG: UserPermissions[outbreak_assignments] has actions: [create]"
time=2025-12-10T19:35:56.245+03:00 level=INFO msg="DEBUG: UserPermissions[patient_admission] has actions: [create delete read update]"
time=2025-12-10T19:35:56.245+03:00 level=INFO msg="DEBUG: UserPermissions[vhf_cif_reports] has actions: [read]"
time=2025-12-10T19:35:56.245+03:00 level=INFO msg="DEBUG: UserPermissions[advanced_analytics] has actions: [export read]"
time=2025-12-10T19:35:56.245+03:00 level=INFO msg="DEBUG: UserPermissions[advanced_reports] has actions: [create]"
time=2025-12-10T19:35:56.245+03:00 level=INFO msg="DEBUG: UserPermissions[case_encounters] has actions: [create read update]"
time=2025-12-10T19:35:56.245+03:00 level=INFO msg="DEBUG: UserPermissions[measles_cif_reports] has actions: [read]"
time=2025-12-10T19:35:56.245+03:00 level=INFO msg="DEBUG: UserPermissions[patients] has actions: [read]"
time=2025-12-10T19:35:56.245+03:00 level=INFO msg="DEBUG: UserPermissions[users] has actions: [create delete read update]"
time=2025-12-10T19:35:56.245+03:00 level=INFO msg="DEBUG: UserPermissions[cases] has actions: [create delete read update]"
time=2025-12-10T19:35:56.245+03:00 level=INFO msg="DEBUG: UserPermissions[cif] has actions: [read]"
time=2025-12-10T19:35:56.245+03:00 level=INFO msg="DEBUG: UserPermissions[facilities] has actions: [create delete read update]"
time=2025-12-10T19:35:56.245+03:00 level=INFO msg="DEBUG: UserPermissions[vhf_patients] has actions: [create delete export read update]"
time=2025-12-10T19:35:56.245+03:00 level=INFO msg="DEBUG: UserPermissions[alerts] has actions: [create delete read update]"
time=2025-12-10T19:35:56.246+03:00 level=INFO msg="DEBUG: UserPermissions[contacts] has actions: [create read update]"
time=2025-12-10T19:35:56.246+03:00 level=INFO msg="DEBUG: UserPermissions[quaratine] has actions: [read]"
time=2025-12-10T19:35:56.246+03:00 level=INFO msg="DEBUG: UserPermissions[vhf_cases] has actions: [read]"
time=2025-12-10T19:35:56.246+03:00 level=INFO msg="DEBUG: UserPermissions[analytics] has actions: [create export read]"
time=2025-12-10T19:35:56.246+03:00 level=INFO msg="DEBUG: UserPermissions[case_management_reports] has actions: [read]"
time=2025-12-10T19:35:56.246+03:00 level=INFO msg="DEBUG: UserPermissions[polio_cif_reports] has actions: [read]"
time=2025-12-10T19:35:56.246+03:00 level=INFO msg="DEBUG: UserPermissions[setting] has actions: [create read]"
time=2025-12-10T19:35:56.246+03:00 level=INFO msg="DEBUG: UserPermissions[mpox_cif_reports] has actions: [read]"
time=2025-12-10T19:35:56.246+03:00 level=INFO msg="DEBUG: UserPermissions[mpox_followup] has actions: [manage]"
time=2025-12-10T19:35:56.246+03:00 level=INFO msg="DEBUG: UserPermissions[outbreak_assignment] has actions: [create delete read update]"
time=2025-12-10T19:35:56.246+03:00 level=INFO msg="DEBUG: UserPermissions[patient_care] has actions: [create delete read update]"
time=2025-12-10T19:35:56.246+03:00 level=INFO msg="DEBUG: UserPermissions[patient_registration] has actions: [create delete read update]"
time=2025-12-10T19:35:56.246+03:00 level=INFO msg="DEBUG: UserPermissions[reports] has actions: [create export manage read]"
time=2025-12-10T19:35:56.246+03:00 level=INFO msg="DEBUG: UserPermissions[surveillance] has actions: [create delete read update]"
time=2025-12-10T19:35:56.246+03:00 level=INFO msg="DEBUG: UserPermissions[treatment] has actions: [read]"
time=2025-12-10T19:35:56.246+03:00 level=INFO msg="DEBUG: UserPermissions[admin] has actions: [create delete read update]"
time=2025-12-10T19:35:56.246+03:00 level=INFO msg="DEBUG: UserPermissions[case_management_data] has actions: [export]"
time=2025-12-10T19:35:56.246+03:00 level=INFO msg="DEBUG: UserPermissions[deployment] has actions: [create read]"
time=2025-12-10T19:35:56.246+03:00 level=INFO msg="DEBUG: UserPermissions[laboratory] has actions: [create delete read update]"
time=2025-12-10T19:35:56.246+03:00 level=INFO msg="DEBUG: UserPermissions[mpox_cases] has actions: [create read update]"
time=2025-12-10T19:35:56.246+03:00 level=INFO msg="DEBUG: UserPermissions[outbreaks] has actions: [close create delete manage_assigned read read_assigned update]"
time=2025-12-10T19:35:56.246+03:00 level=INFO msg="DEBUG: UserPermissions[password] has actions: [approve change_own reset_others]"
time=2025-12-10T19:35:56.246+03:00 level=INFO msg="DEBUG: UserPermissions[patient_discharge] has actions: [create delete read update]"
time=2025-12-10T19:35:56.246+03:00 level=INFO msg="DEBUG: UserPermissions[district_vhf_cif_data] has actions: [export]"
time=2025-12-10T19:35:56.246+03:00 level=INFO msg="DEBUG: UserPermissions[district_vhf_cif_reports] has actions: [read]"
time=2025-12-10T19:35:56.246+03:00 level=INFO msg="DEBUG: UserPermissions[employees] has actions: [assign create delete read update]"
time=2025-12-10T19:35:56.246+03:00 level=INFO msg="DEBUG: UserPermissions[geographic_data] has actions: [export]"
time=2025-12-10T19:35:56.246+03:00 level=INFO msg="DEBUG: UserPermissions[geographic_reports] has actions: [read]"
time=2025-12-10T19:35:56.275+03:00 level=INFO msg="DEBUG: Incoming request session cookie: e85bab56-e5eb-44c5-ac6f-2e2386f1a7cd"
time=2025-12-10T19:35:56.275+03:00 level=INFO msg="DEBUG: Request path: /static/app/cdn/css/flatpickr.min.css"
time=2025-12-10T19:35:56.275+03:00 level=INFO msg="DEBUG: Session keys: [authenticated user user_id userID username isAuthenticated selected_outbreak outbreak_id]"
time=2025-12-10T19:35:56.275+03:00 level=INFO msg="DEBUG: Session isAuthenticated: true"
time=2025-12-10T19:35:56.275+03:00 level=INFO msg="DEBUG: Session user: 1"
time=2025-12-10T19:35:56.275+03:00 level=INFO msg="DEBUG: Session user_id: 1"
time=2025-12-10T19:35:56.275+03:00 level=INFO msg="DEBUG: Session username: paul.mbaka@gmail.com"
time=2025-12-10T19:35:56.275+03:00 level=INFO msg="DEBUG: AuthRequired checking path: /static/app/cdn/css/flatpickr.min.css"
time=2025-12-10T19:35:56.275+03:00 level=INFO msg="DEBUG: Path /static/app/cdn/css/flatpickr.min.css requires authentication"
time=2025-12-10T19:35:56.278+03:00 level=INFO msg="DEBUG: Incoming request session cookie: e85bab56-e5eb-44c5-ac6f-2e2386f1a7cd"
time=2025-12-10T19:35:56.278+03:00 level=INFO msg="DEBUG: Request path: /static/app/cdn/js/flatpickr.min.js"
time=2025-12-10T19:35:56.278+03:00 level=INFO msg="DEBUG: Session keys: [selected_outbreak outbreak_id authenticated user user_id userID username isAuthenticated]"
time=2025-12-10T19:35:56.278+03:00 level=INFO msg="DEBUG: Session isAuthenticated: true"
time=2025-12-10T19:35:56.278+03:00 level=INFO msg="DEBUG: Session user: 1"
time=2025-12-10T19:35:56.278+03:00 level=INFO msg="DEBUG: Session user_id: 1"
time=2025-12-10T19:35:56.278+03:00 level=INFO msg="DEBUG: Session username: paul.mbaka@gmail.com"
time=2025-12-10T19:35:56.279+03:00 level=INFO msg="DEBUG: AuthRequired checking path: /static/app/cdn/js/flatpickr.min.js"
time=2025-12-10T19:35:56.279+03:00 level=INFO msg="DEBUG: Path /static/app/cdn/js/flatpickr.min.js requires authentication"
time=2025-12-10T19:36:02.066+03:00 level=INFO msg="DEBUG: Incoming request session cookie: e85bab56-e5eb-44c5-ac6f-2e2386f1a7cd"
time=2025-12-10T19:36:02.066+03:00 level=INFO msg="DEBUG: Request path: /cases"
time=2025-12-10T19:36:02.066+03:00 level=INFO msg="DEBUG: Session keys: [user user_id userID username isAuthenticated selected_outbreak outbreak_id authenticated]"
time=2025-12-10T19:36:02.066+03:00 level=INFO msg="DEBUG: Session isAuthenticated: true"
time=2025-12-10T19:36:02.066+03:00 level=INFO msg="DEBUG: Session user: 1"
time=2025-12-10T19:36:02.066+03:00 level=INFO msg="DEBUG: Session user_id: 1"
time=2025-12-10T19:36:02.066+03:00 level=INFO msg="DEBUG: Session username: paul.mbaka@gmail.com"
time=2025-12-10T19:36:02.066+03:00 level=INFO msg="DEBUG: AuthRequired checking path: /cases"
time=2025-12-10T19:36:02.066+03:00 level=INFO msg="DEBUG: Path /cases requires authentication"
time=2025-12-10T19:36:02.071+03:00 level=INFO msg="Session debug" user_key_value=1 user_key_type=int
time=2025-12-10T19:36:02.073+03:00 level=INFO msg="Loading cases for outbreak" user_id=1 outbreak_id=6
time=2025-12-10T19:36:02.074+03:00 level=INFO msg="Admin user - bypassing facility filter" user_id=1
time=2025-12-10T19:36:02.074+03:00 level=INFO msg="SELECT \n\t\tid, uuid, firstname, lastname, othername, gender, date_of_birth, age, marital, nin, nationality, adm_date, adm_from, lab_no, cif_no, etu_no, case_no, occupation, occupation_aza, date_symptom_onset, date_isolation, pregnant, adm_ward, tb, asplenia, hep, diabetes, hiv, liver, malignancy, heart, pulmonary, kidney, neurologic, other, status, enter_on, enter_by, edit_on, edit_by, transfer, site \n\tFROM public.clients WHERE outbreak_id = 6"
time=2025-12-10T19:36:02.075+03:00 level=INFO msg="Using template directory: D:\\Development\\ios\\ui\\html"
time=2025-12-10T19:36:02.076+03:00 level=INFO msg="Loading navigation template: D:\\Development\\ios\\ui\\html\\navigation.html"
time=2025-12-10T19:36:02.076+03:00 level=INFO msg="Loading template file: D:\\Development\\ios\\ui\\html\\list_patients.html"
time=2025-12-10T19:36:02.076+03:00 level=INFO msg="DEBUG: Executing template with data type: *handlers.TemplateData"
time=2025-12-10T19:36:02.076+03:00 level=INFO msg="DEBUG: TemplateData.Optionz initialized: true, keys: 10"
time=2025-12-10T19:36:02.076+03:00 level=INFO msg="DEBUG: Optionz[yn] has 3 items"
time=2025-12-10T19:36:02.076+03:00 level=INFO msg="DEBUG: Optionz[yn_extra] has 4 items"
time=2025-12-10T19:36:02.076+03:00 level=INFO msg="DEBUG: Optionz[sex] has 3 items"
time=2025-12-10T19:36:02.076+03:00 level=INFO msg="DEBUG: Optionz[marital] has 7 items"
time=2025-12-10T19:36:02.076+03:00 level=INFO msg="DEBUG: Optionz[nationality] has 4 items"
time=2025-12-10T19:36:02.076+03:00 level=INFO msg="DEBUG: Optionz[ward] has 3 items"
time=2025-12-10T19:36:02.076+03:00 level=INFO msg="DEBUG: Optionz[mental] has 5 items"
time=2025-12-10T19:36:02.076+03:00 level=INFO msg="DEBUG: Optionz[preg] has 4 items"
time=2025-12-10T19:36:02.076+03:00 level=INFO msg="DEBUG: Optionz[result1] has 4 items"
time=2025-12-10T19:36:02.076+03:00 level=INFO msg="DEBUG: Optionz[result2] has 4 items"
time=2025-12-10T19:36:02.076+03:00 level=INFO msg="DEBUG: TemplateData.UserPermissions initialized: true, keys: 0"
time=2025-12-10T19:36:05.004+03:00 level=INFO msg="DEBUG: Incoming request session cookie: e85bab56-e5eb-44c5-ac6f-2e2386f1a7cd"
time=2025-12-10T19:36:05.004+03:00 level=INFO msg="DEBUG: Request path: /cases/profile/52"
time=2025-12-10T19:36:05.004+03:00 level=INFO msg="DEBUG: Session keys: [outbreak_id authenticated user user_id userID username isAuthenticated selected_outbreak]"
time=2025-12-10T19:36:05.004+03:00 level=INFO msg="DEBUG: Session isAuthenticated: true"
time=2025-12-10T19:36:05.004+03:00 level=INFO msg="DEBUG: Session user: 1"
time=2025-12-10T19:36:05.004+03:00 level=INFO msg="DEBUG: Session user_id: 1"
time=2025-12-10T19:36:05.004+03:00 level=INFO msg="DEBUG: Session username: paul.mbaka@gmail.com"
time=2025-12-10T19:36:05.004+03:00 level=INFO msg="DEBUG: AuthRequired checking path: /cases/profile/52"
time=2025-12-10T19:36:05.004+03:00 level=INFO msg="DEBUG: Path /cases/profile/52 requires authentication"
time=2025-12-10T19:36:05.008+03:00 level=INFO msg="INFO: Starting Patient Profile"
time=2025-12-10T19:36:05.008+03:00 level=INFO msg="Session debug" user_key_value=1 user_key_type=int
time=2025-12-10T19:36:05.010+03:00 level=INFO msg="SELECT id, uuid, firstname, lastname, othername, gender, date_of_birth, age, marital, nin, nationality, adm_date, adm_from, lab_no, cif_no, etu_no, case_no, occupation, occupation_aza, date_symptom_onset, date_isolation, pregnant, adm_ward, tb, asplenia, hep, diabetes, hiv, liver, malignancy, heart, pulmonary, kidney, neurologic, other, status, enter_on, enter_by, edit_on, edit_by, transfer, site, outbreak_id, hbc_phone, hbc_followup FROM public.clients WHERE id = $1%!(EXTRA int=52)"
time=2025-12-10T19:36:05.011+03:00 level=INFO msg="Patient found" client_id=52 patient_id=52
time=2025-12-10T19:36:05.013+03:00 level=INFO msg="SELECT id, name, description, start_date, end_date, status, outbreak_type, outbreak_category, enter_on, enter_by, edit_on, edit_by FROM public.outbreaks WHERE id = $1%!(EXTRA int=6)"
time=2025-12-10T19:36:05.013+03:00 level=INFO msg=" SELECT DISTINCT \n\t\t\t\t\temployee_fname, employee_lname, encounter_date, client_id, clinical_team\n\t\t\t\tFROM encounter \n\t\t\t\tLEFT JOIN employee ON employee.employee_id = encounter.managed_by \n\t\t\t\tWHERE (encounter.outbreak_id = $1 OR encounter.outbreak_id IS NULL) AND client_id=52"
time=2025-12-10T19:36:05.014+03:00 level=INFO msg=" SELECT \n\t\t\t\t\tstatus_id, client_id, status_date, status, status_notes, updated_by, updated_on\n\t\t\t\tFROM status  WHERE client_id=52"
time=2025-12-10T19:36:05.014+03:00 level=INFO msg="SELECT id, client_id, call_session_id, platform, phone_number, patient_condition, pain_level, new_lesions, comorbidities, lesions_dry, exposure_alert, created_at FROM public.mpox_assessments WHERE client_id = $1 ORDER BY created_at DESC%!(EXTRA int=52)"
time=2025-12-10T19:36:05.015+03:00 level=INFO msg="ERROR: Failed to get Mpox assessments - pq: relation \"public.mpox_assessments\" does not exist"
time=2025-12-10T19:36:05.016+03:00 level=INFO msg="Found admission record" client_id=52 admission_id=1
time=2025-12-10T19:36:05.016+03:00 level=INFO msg="Loaded admission demographics" admission_id=1
time=2025-12-10T19:36:05.018+03:00 level=INFO msg="Admission data prepared" has_admission=true has_demo=true
time=2025-12-10T19:36:05.018+03:00 level=INFO msg="Admission data status" has_demo=true has_exposure=false has_vitals=false admission_id=1
time=2025-12-10T19:36:05.018+03:00 level=INFO msg="INFO: Load Patient Profile"
time=2025-12-10T19:36:05.019+03:00 level=INFO msg="Using template directory: D:\\Development\\ios\\ui\\html"
time=2025-12-10T19:36:05.020+03:00 level=INFO msg="Loading navigation template: D:\\Development\\ios\\ui\\html\\navigation.html"
time=2025-12-10T19:36:05.021+03:00 level=INFO msg="Loading template file: D:\\Development\\ios\\ui\\html\\patient_profile.html"
time=2025-12-10T19:36:05.023+03:00 level=INFO msg="DEBUG: Executing template with data type: *handlers.TemplateData"
time=2025-12-10T19:36:05.023+03:00 level=INFO msg="DEBUG: TemplateData.Optionz initialized: true, keys: 13"
time=2025-12-10T19:36:05.023+03:00 level=INFO msg="DEBUG: Optionz[result1] has 4 items"
time=2025-12-10T19:36:05.023+03:00 level=INFO msg="DEBUG: Optionz[sex] has 3 items"
time=2025-12-10T19:36:05.023+03:00 level=INFO msg="DEBUG: Optionz[occup] has 3 items"
time=2025-12-10T19:36:05.023+03:00 level=INFO msg="DEBUG: Optionz[yn] has 3 items"
time=2025-12-10T19:36:05.023+03:00 level=INFO msg="DEBUG: Optionz[nationality] has 4 items"
time=2025-12-10T19:36:05.023+03:00 level=INFO msg="DEBUG: Optionz[ethnicity] has 3 items"
time=2025-12-10T19:36:05.023+03:00 level=INFO msg="DEBUG: Optionz[ward] has 4 items"
time=2025-12-10T19:36:05.023+03:00 level=INFO msg="DEBUG: Optionz[result2] has 4 items"
time=2025-12-10T19:36:05.023+03:00 level=INFO msg="DEBUG: Optionz[sex2] has 3 items"
time=2025-12-10T19:36:05.023+03:00 level=INFO msg="DEBUG: Optionz[yn_extra] has 4 items"
time=2025-12-10T19:36:05.023+03:00 level=INFO msg="DEBUG: Optionz[marital] has 7 items"
time=2025-12-10T19:36:05.023+03:00 level=INFO msg="DEBUG: Optionz[mental] has 5 items"
time=2025-12-10T19:36:05.023+03:00 level=INFO msg="DEBUG: Optionz[preg] has 4 items"
time=2025-12-10T19:36:05.023+03:00 level=INFO msg="DEBUG: TemplateData.UserPermissions initialized: true, keys: 0"
time=2025-12-10T19:36:05.027+03:00 level=INFO msg="Error executing query: pq: relation \"facilities\" does not exist"
time=2025-12-10T19:36:25.899+03:00 level=INFO msg="DEBUG: Incoming request session cookie: e85bab56-e5eb-44c5-ac6f-2e2386f1a7cd"
time=2025-12-10T19:36:25.899+03:00 level=INFO msg="DEBUG: Request path: /outbreaks"
time=2025-12-10T19:36:25.899+03:00 level=INFO msg="DEBUG: Session keys: [isAuthenticated selected_outbreak outbreak_id authenticated user user_id userID username]"
time=2025-12-10T19:36:25.899+03:00 level=INFO msg="DEBUG: Session isAuthenticated: true"
time=2025-12-10T19:36:25.899+03:00 level=INFO msg="DEBUG: Session user: 1"
time=2025-12-10T19:36:25.899+03:00 level=INFO msg="DEBUG: Session user_id: 1"
time=2025-12-10T19:36:25.899+03:00 level=INFO msg="DEBUG: Session username: paul.mbaka@gmail.com"
time=2025-12-10T19:36:25.899+03:00 level=INFO msg="DEBUG: AuthRequired checking path: /outbreaks"
time=2025-12-10T19:36:25.899+03:00 level=INFO msg="DEBUG: Path /outbreaks requires authentication"
time=2025-12-10T19:36:25.904+03:00 level=INFO msg="Template data debug" optionz_initialized=true optionz_keys=2 has_case_role_value=true
time=2025-12-10T19:36:25.904+03:00 level=INFO msg="Using template directory: D:\\Development\\ios\\ui\\html"
time=2025-12-10T19:36:25.904+03:00 level=INFO msg="Loading navigation template: D:\\Development\\ios\\ui\\html\\navigation.html"
time=2025-12-10T19:36:25.905+03:00 level=INFO msg="Loading template file: D:\\Development\\ios\\ui\\html\\outbreaks.html"
time=2025-12-10T19:36:25.905+03:00 level=INFO msg="DEBUG: Executing template with data type: *handlers.TemplateData"
time=2025-12-10T19:36:25.905+03:00 level=INFO msg="DEBUG: TemplateData.Optionz initialized: true, keys: 2"
time=2025-12-10T19:36:25.905+03:00 level=INFO msg="DEBUG: Optionz[can_manage_outbreak] has 3 items"
time=2025-12-10T19:36:25.905+03:00 level=INFO msg="DEBUG: Optionz[has_case_role] has 1 items"
time=2025-12-10T19:36:25.905+03:00 level=INFO msg="DEBUG: TemplateData.UserPermissions initialized: true, keys: 0"
time=2025-12-10T19:36:25.923+03:00 level=INFO msg="DEBUG: Incoming request session cookie: e85bab56-e5eb-44c5-ac6f-2e2386f1a7cd"
time=2025-12-10T19:36:25.923+03:00 level=INFO msg="DEBUG: Request path: /static/app/cdn/css/flatpickr.min.css"
time=2025-12-10T19:36:25.923+03:00 level=INFO msg="DEBUG: Session keys: [selected_outbreak outbreak_id authenticated user user_id userID username isAuthenticated]"
time=2025-12-10T19:36:25.923+03:00 level=INFO msg="DEBUG: Session isAuthenticated: true"
time=2025-12-10T19:36:25.923+03:00 level=INFO msg="DEBUG: Session user: 1"
time=2025-12-10T19:36:25.923+03:00 level=INFO msg="DEBUG: Session user_id: 1"
time=2025-12-10T19:36:25.923+03:00 level=INFO msg="DEBUG: Session username: paul.mbaka@gmail.com"
time=2025-12-10T19:36:25.923+03:00 level=INFO msg="DEBUG: AuthRequired checking path: /static/app/cdn/css/flatpickr.min.css"
time=2025-12-10T19:36:25.923+03:00 level=INFO msg="DEBUG: Path /static/app/cdn/css/flatpickr.min.css requires authentication"
time=2025-12-10T19:36:25.926+03:00 level=INFO msg="DEBUG: Incoming request session cookie: e85bab56-e5eb-44c5-ac6f-2e2386f1a7cd"
time=2025-12-10T19:36:25.926+03:00 level=INFO msg="DEBUG: Request path: /static/app/cdn/js/flatpickr.min.js"
time=2025-12-10T19:36:25.926+03:00 level=INFO msg="DEBUG: Session keys: [outbreak_id authenticated user user_id userID username isAuthenticated selected_outbreak]"
time=2025-12-10T19:36:25.927+03:00 level=INFO msg="DEBUG: Session isAuthenticated: true"
time=2025-12-10T19:36:25.928+03:00 level=INFO msg="DEBUG: Session user: 1"
time=2025-12-10T19:36:25.928+03:00 level=INFO msg="DEBUG: Session user_id: 1"
time=2025-12-10T19:36:25.928+03:00 level=INFO msg="DEBUG: Session username: paul.mbaka@gmail.com"
time=2025-12-10T19:36:25.928+03:00 level=INFO msg="DEBUG: AuthRequired checking path: /static/app/cdn/js/flatpickr.min.js"
time=2025-12-10T19:36:25.928+03:00 level=INFO msg="DEBUG: Path /static/app/cdn/js/flatpickr.min.js requires authentication"
time=2025-12-11T05:38:12.637+03:00 level=INFO msg="DEBUG: Incoming request session cookie: aa20556a-c8b0-468f-a230-b4ae4fddbb1f"
time=2025-12-11T05:38:12.637+03:00 level=INFO msg="DEBUG: Request path: /home"
time=2025-12-11T05:38:12.637+03:00 level=INFO msg="DEBUG: Session keys: []"
time=2025-12-11T05:38:12.637+03:00 level=INFO msg="DEBUG: Session isAuthenticated: <nil>"
time=2025-12-11T05:38:12.637+03:00 level=INFO msg="DEBUG: Session user: <nil>"
time=2025-12-11T05:38:12.637+03:00 level=INFO msg="DEBUG: Session user_id: <nil>"
time=2025-12-11T05:38:12.637+03:00 level=INFO msg="DEBUG: Session username: <nil>"
time=2025-12-11T05:38:12.637+03:00 level=INFO msg="DEBUG: AuthRequired checking path: /home"
time=2025-12-11T05:38:12.637+03:00 level=INFO msg="DEBUG: Path /home requires authentication"
time=2025-12-11T05:38:12.659+03:00 level=INFO msg="DEBUG: Incoming request session cookie: aa20556a-c8b0-468f-a230-b4ae4fddbb1f"
time=2025-12-11T05:38:12.659+03:00 level=INFO msg="DEBUG: Request path: /login"
time=2025-12-11T05:38:12.659+03:00 level=INFO msg="DEBUG: Session keys: []"
time=2025-12-11T05:38:12.659+03:00 level=INFO msg="DEBUG: Session isAuthenticated: <nil>"
time=2025-12-11T05:38:12.659+03:00 level=INFO msg="DEBUG: Session user: <nil>"
time=2025-12-11T05:38:12.659+03:00 level=INFO msg="DEBUG: Session user_id: <nil>"
time=2025-12-11T05:38:12.659+03:00 level=INFO msg="DEBUG: Session username: <nil>"
time=2025-12-11T05:38:12.659+03:00 level=INFO msg="No active session"
time=2025-12-11T05:38:12.659+03:00 level=INFO msg="No active session"
time=2025-12-11T05:38:12.659+03:00 level=INFO msg="Using template directory: D:\\Development\\ios\\ui\\html"
time=2025-12-11T05:38:12.660+03:00 level=INFO msg="Loading navigation template: D:\\Development\\ios\\ui\\html\\navigation.html"
time=2025-12-11T05:38:12.661+03:00 level=INFO msg="Loading template file: D:\\Development\\ios\\ui\\html\\login.html"
time=2025-12-11T05:38:12.662+03:00 level=INFO msg="DEBUG: Executing template with data type: *handlers.TemplateData"
time=2025-12-11T05:38:12.662+03:00 level=INFO msg="DEBUG: TemplateData.Optionz initialized: true, keys: 10"
time=2025-12-11T05:38:12.662+03:00 level=INFO msg="DEBUG: Optionz[sex] has 3 items"
time=2025-12-11T05:38:12.663+03:00 level=INFO msg="DEBUG: Optionz[result1] has 4 items"
time=2025-12-11T05:38:12.663+03:00 level=INFO msg="DEBUG: Optionz[result2] has 4 items"
time=2025-12-11T05:38:12.663+03:00 level=INFO msg="DEBUG: Optionz[yn_extra] has 4 items"
time=2025-12-11T05:38:12.663+03:00 level=INFO msg="DEBUG: Optionz[marital] has 7 items"
time=2025-12-11T05:38:12.663+03:00 level=INFO msg="DEBUG: Optionz[nationality] has 4 items"
time=2025-12-11T05:38:12.663+03:00 level=INFO msg="DEBUG: Optionz[mental] has 5 items"
time=2025-12-11T05:38:12.663+03:00 level=INFO msg="DEBUG: Optionz[preg] has 4 items"
time=2025-12-11T05:38:12.663+03:00 level=INFO msg="DEBUG: Optionz[ward] has 3 items"
time=2025-12-11T05:38:12.663+03:00 level=INFO msg="DEBUG: Optionz[yn] has 3 items"
time=2025-12-11T05:38:12.663+03:00 level=INFO msg="DEBUG: TemplateData.UserPermissions initialized: true, keys: 0"
time=2025-12-11T05:38:30.187+03:00 level=INFO msg="DEBUG: Incoming request session cookie: aa20556a-c8b0-468f-a230-b4ae4fddbb1f"
time=2025-12-11T05:38:30.187+03:00 level=INFO msg="DEBUG: Request path: /login"
time=2025-12-11T05:38:30.187+03:00 level=INFO msg="DEBUG: Session keys: []"
time=2025-12-11T05:38:30.187+03:00 level=INFO msg="DEBUG: Session isAuthenticated: <nil>"
time=2025-12-11T05:38:30.187+03:00 level=INFO msg="DEBUG: Session user: <nil>"
time=2025-12-11T05:38:30.187+03:00 level=INFO msg="DEBUG: Session user_id: <nil>"
time=2025-12-11T05:38:30.187+03:00 level=INFO msg="DEBUG: Session username: <nil>"
time=2025-12-11T05:38:30.194+03:00 level=INFO msg="Setting session variables" user_id=1 username=paul.mbaka@gmail.com session_keys="[user user_id userID username isAuthenticated]"
time=2025-12-11T05:38:30.195+03:00 level=INFO msg="User has multiple outbreaks or no outbreaks - outbreak selection required" user_id=1
time=2025-12-11T05:38:30.195+03:00 level=ERROR msg="Failed to get user facility for session" error="pq: relation \"employees\" does not exist" user_id=1
time=2025-12-11T05:38:30.195+03:00 level=INFO msg="Session saved successfully for user" user_id=1
time=2025-12-11T05:38:30.195+03:00 level=INFO msg="Session cookie after login" cookie=aa20556a-c8b0-468f-a230-b4ae4fddbb1f
time=2025-12-11T05:38:30.197+03:00 level=INFO msg="Redirecting admin user to home" user_id=1 role=super_admin
time=2025-12-11T05:38:30.201+03:00 level=INFO msg="DEBUG: Incoming request session cookie: e342ba78-c076-4ba7-ab48-131b7c5dec6b"
time=2025-12-11T05:38:30.201+03:00 level=INFO msg="DEBUG: Request path: /home"
time=2025-12-11T05:38:30.201+03:00 level=INFO msg="DEBUG: Session keys: [authenticated user user_id userID username isAuthenticated]"
time=2025-12-11T05:38:30.201+03:00 level=INFO msg="DEBUG: Session isAuthenticated: true"
time=2025-12-11T05:38:30.201+03:00 level=INFO msg="DEBUG: Session user: 1"
time=2025-12-11T05:38:30.201+03:00 level=INFO msg="DEBUG: Session user_id: 1"
time=2025-12-11T05:38:30.201+03:00 level=INFO msg="DEBUG: Session username: paul.mbaka@gmail.com"
time=2025-12-11T05:38:30.201+03:00 level=INFO msg="DEBUG: AuthRequired checking path: /home"
time=2025-12-11T05:38:30.201+03:00 level=INFO msg="DEBUG: Path /home requires authentication"
time=2025-12-11T05:38:30.202+03:00 level=INFO msg="Session debug" user_key_value=1 user_key_type=int
time=2025-12-11T05:38:30.213+03:00 level=INFO msg="Using template directory: D:\\Development\\ios\\ui\\html"
time=2025-12-11T05:38:30.213+03:00 level=INFO msg="Loading navigation template: D:\\Development\\ios\\ui\\html\\navigation.html"
time=2025-12-11T05:38:30.214+03:00 level=INFO msg="Loading template file: D:\\Development\\ios\\ui\\html\\home.html"
time=2025-12-11T05:38:30.216+03:00 level=INFO msg="DEBUG: Executing template with data type: *handlers.TemplateData"
time=2025-12-11T05:38:30.216+03:00 level=INFO msg="DEBUG: TemplateData.Optionz initialized: true, keys: 11"
time=2025-12-11T05:38:30.216+03:00 level=INFO msg="DEBUG: Optionz[yn] has 3 items"
time=2025-12-11T05:38:30.216+03:00 level=INFO msg="DEBUG: Optionz[yn_extra] has 4 items"
time=2025-12-11T05:38:30.217+03:00 level=INFO msg="DEBUG: Optionz[sex] has 3 items"
time=2025-12-11T05:38:30.217+03:00 level=INFO msg="DEBUG: Optionz[marital] has 7 items"
time=2025-12-11T05:38:30.217+03:00 level=INFO msg="DEBUG: Optionz[nationality] has 4 items"
time=2025-12-11T05:38:30.217+03:00 level=INFO msg="DEBUG: Optionz[mental] has 5 items"
time=2025-12-11T05:38:30.217+03:00 level=INFO msg="DEBUG: Optionz[result1] has 4 items"
time=2025-12-11T05:38:30.217+03:00 level=INFO msg="DEBUG: Optionz[result2] has 4 items"
time=2025-12-11T05:38:30.217+03:00 level=INFO msg="DEBUG: Optionz[preg] has 4 items"
time=2025-12-11T05:38:30.217+03:00 level=INFO msg="DEBUG: Optionz[ward] has 3 items"
time=2025-12-11T05:38:30.217+03:00 level=INFO msg="DEBUG: Optionz[has_case_role] has 1 items"
time=2025-12-11T05:38:30.217+03:00 level=INFO msg="DEBUG: TemplateData.UserPermissions initialized: true, keys: 47"
time=2025-12-11T05:38:30.217+03:00 level=INFO msg="DEBUG: UserPermissions[outbreaks] has actions: [close create delete manage_assigned read read_assigned update]"
time=2025-12-11T05:38:30.217+03:00 level=INFO msg="DEBUG: UserPermissions[outbreak_assignment] has actions: [create delete read update]"
time=2025-12-11T05:38:30.217+03:00 level=INFO msg="DEBUG: UserPermissions[analytics_dashboards] has actions: [manage]"
time=2025-12-11T05:38:30.217+03:00 level=INFO msg="DEBUG: UserPermissions[cases] has actions: [create delete read update]"
time=2025-12-11T05:38:30.217+03:00 level=INFO msg="DEBUG: UserPermissions[geographic_data] has actions: [export]"
time=2025-12-11T05:38:30.217+03:00 level=INFO msg="DEBUG: UserPermissions[mpox_cif_reports] has actions: [read]"
time=2025-12-11T05:38:30.217+03:00 level=INFO msg="DEBUG: UserPermissions[password] has actions: [approve change_own reset_others]"
time=2025-12-11T05:38:30.217+03:00 level=INFO msg="DEBUG: UserPermissions[vhf_patients] has actions: [create delete export read update]"
time=2025-12-11T05:38:30.217+03:00 level=INFO msg="DEBUG: UserPermissions[facilities] has actions: [create delete read update]"
time=2025-12-11T05:38:30.217+03:00 level=INFO msg="DEBUG: UserPermissions[patient_registration] has actions: [create delete read update]"
time=2025-12-11T05:38:30.217+03:00 level=INFO msg="DEBUG: UserPermissions[surveillance] has actions: [create delete read update]"
time=2025-12-11T05:38:30.217+03:00 level=INFO msg="DEBUG: UserPermissions[case_management_data] has actions: [export]"
time=2025-12-11T05:38:30.217+03:00 level=INFO msg="DEBUG: UserPermissions[employees] has actions: [assign create delete read update]"
time=2025-12-11T05:38:30.217+03:00 level=INFO msg="DEBUG: UserPermissions[outbreak_assignments] has actions: [create]"
time=2025-12-11T05:38:30.217+03:00 level=INFO msg="DEBUG: UserPermissions[patient_care] has actions: [create delete read update]"
time=2025-12-11T05:38:30.217+03:00 level=INFO msg="DEBUG: UserPermissions[patients] has actions: [read]"
time=2025-12-11T05:38:30.217+03:00 level=INFO msg="DEBUG: UserPermissions[vhf_cases] has actions: [read]"
time=2025-12-11T05:38:30.217+03:00 level=INFO msg="DEBUG: UserPermissions[advanced_reports] has actions: [create]"
time=2025-12-11T05:38:30.217+03:00 level=INFO msg="DEBUG: UserPermissions[cif] has actions: [read]"
time=2025-12-11T05:38:30.217+03:00 level=INFO msg="DEBUG: UserPermissions[patient_discharge] has actions: [create delete read update]"
time=2025-12-11T05:38:30.217+03:00 level=INFO msg="DEBUG: UserPermissions[deployment] has actions: [create read]"
time=2025-12-11T05:38:30.217+03:00 level=INFO msg="DEBUG: UserPermissions[laboratory] has actions: [create delete read update]"
time=2025-12-11T05:38:30.217+03:00 level=INFO msg="DEBUG: UserPermissions[mpox_followup] has actions: [manage]"
time=2025-12-11T05:38:30.217+03:00 level=INFO msg="DEBUG: UserPermissions[patient_admission] has actions: [create delete read update]"
time=2025-12-11T05:38:30.217+03:00 level=INFO msg="DEBUG: UserPermissions[quaratine] has actions: [read]"
time=2025-12-11T05:38:30.217+03:00 level=INFO msg="DEBUG: UserPermissions[setting] has actions: [create read]"
time=2025-12-11T05:38:30.217+03:00 level=INFO msg="DEBUG: UserPermissions[users] has actions: [create delete read update]"
time=2025-12-11T05:38:30.217+03:00 level=INFO msg="DEBUG: UserPermissions[vhf_cif_reports] has actions: [read]"
time=2025-12-11T05:38:30.217+03:00 level=INFO msg="DEBUG: UserPermissions[admin] has actions: [create delete read update]"
time=2025-12-11T05:38:30.217+03:00 level=INFO msg="DEBUG: UserPermissions[case_encounters] has actions: [create read update]"
time=2025-12-11T05:38:30.217+03:00 level=INFO msg="DEBUG: UserPermissions[geographic_reports] has actions: [read]"
time=2025-12-11T05:38:30.218+03:00 level=INFO msg="DEBUG: UserPermissions[mpox_cases] has actions: [create read update]"
time=2025-12-11T05:38:30.218+03:00 level=INFO msg="DEBUG: UserPermissions[reports] has actions: [create export manage read]"
time=2025-12-11T05:38:30.218+03:00 level=INFO msg="DEBUG: UserPermissions[treatment] has actions: [read]"
time=2025-12-11T05:38:30.218+03:00 level=INFO msg="DEBUG: UserPermissions[alerts] has actions: [create delete read update]"
time=2025-12-11T05:38:30.218+03:00 level=INFO msg="DEBUG: UserPermissions[demographic_data] has actions: [export]"
time=2025-12-11T05:38:30.218+03:00 level=INFO msg="DEBUG: UserPermissions[measles_cif_reports] has actions: [read]"
time=2025-12-11T05:38:30.218+03:00 level=INFO msg="DEBUG: UserPermissions[mpox_outbreak] has actions: [read]"
time=2025-12-11T05:38:30.219+03:00 level=INFO msg="DEBUG: UserPermissions[polio_cif_reports] has actions: [read]"
time=2025-12-11T05:38:30.219+03:00 level=INFO msg="DEBUG: UserPermissions[vhf_lab] has actions: [create read update]"
time=2025-12-11T05:38:30.219+03:00 level=INFO msg="DEBUG: UserPermissions[advanced_analytics] has actions: [export read]"
time=2025-12-11T05:38:30.219+03:00 level=INFO msg="DEBUG: UserPermissions[analytics] has actions: [create export read]"
time=2025-12-11T05:38:30.219+03:00 level=INFO msg="DEBUG: UserPermissions[case_management_reports] has actions: [read]"
time=2025-12-11T05:38:30.219+03:00 level=INFO msg="DEBUG: UserPermissions[contacts] has actions: [create read update]"
time=2025-12-11T05:38:30.219+03:00 level=INFO msg="DEBUG: UserPermissions[demographic_reports] has actions: [read]"
time=2025-12-11T05:38:30.219+03:00 level=INFO msg="DEBUG: UserPermissions[district_vhf_cif_data] has actions: [export]"
time=2025-12-11T05:38:30.219+03:00 level=INFO msg="DEBUG: UserPermissions[district_vhf_cif_reports] has actions: [read]"
time=2025-12-11T05:38:30.261+03:00 level=INFO msg="DEBUG: Incoming request session cookie: e342ba78-c076-4ba7-ab48-131b7c5dec6b"
time=2025-12-11T05:38:30.261+03:00 level=INFO msg="DEBUG: Request path: /static/app/cdn/css/flatpickr.min.css"
time=2025-12-11T05:38:30.261+03:00 level=INFO msg="DEBUG: Session keys: [user user_id userID username isAuthenticated authenticated]"
time=2025-12-11T05:38:30.261+03:00 level=INFO msg="DEBUG: Session isAuthenticated: true"
time=2025-12-11T05:38:30.261+03:00 level=INFO msg="DEBUG: Session user: 1"
time=2025-12-11T05:38:30.261+03:00 level=INFO msg="DEBUG: Session user_id: 1"
time=2025-12-11T05:38:30.261+03:00 level=INFO msg="DEBUG: Session username: paul.mbaka@gmail.com"
time=2025-12-11T05:38:30.262+03:00 level=INFO msg="DEBUG: AuthRequired checking path: /static/app/cdn/css/flatpickr.min.css"
time=2025-12-11T05:38:30.262+03:00 level=INFO msg="DEBUG: Path /static/app/cdn/css/flatpickr.min.css requires authentication"
time=2025-12-11T05:38:30.263+03:00 level=INFO msg="DEBUG: Incoming request session cookie: e342ba78-c076-4ba7-ab48-131b7c5dec6b"
time=2025-12-11T05:38:30.263+03:00 level=INFO msg="DEBUG: Request path: /static/app/cdn/js/flatpickr.min.js"
time=2025-12-11T05:38:30.263+03:00 level=INFO msg="DEBUG: Session keys: [userID username isAuthenticated authenticated user user_id]"
time=2025-12-11T05:38:30.263+03:00 level=INFO msg="DEBUG: Session isAuthenticated: true"
time=2025-12-11T05:38:30.263+03:00 level=INFO msg="DEBUG: Session user: 1"
time=2025-12-11T05:38:30.263+03:00 level=INFO msg="DEBUG: Session user_id: 1"
time=2025-12-11T05:38:30.263+03:00 level=INFO msg="DEBUG: Session username: paul.mbaka@gmail.com"
time=2025-12-11T05:38:30.263+03:00 level=INFO msg="DEBUG: AuthRequired checking path: /static/app/cdn/js/flatpickr.min.js"
time=2025-12-11T05:38:30.263+03:00 level=INFO msg="DEBUG: Path /static/app/cdn/js/flatpickr.min.js requires authentication"
time=2026-01-21T11:27:58.918+03:00 level=INFO msg="Connecting to database" host=localhost user=postgres database=ios
time=2026-01-21T11:27:59.017+03:00 level=INFO msg="Successfully connected to database"
time=2026-01-21T11:27:59.017+03:00 level=INFO msg="Initializing SMS service" base_url=https://dispatcher2-mtracpro.health.go.ug username=case_management
time=2026-01-21T11:27:59.017+03:00 level=INFO msg="Initializing Voice service" voice_url=https://voice.africastalking.com/call
time=2026-01-21T11:27:59.017+03:00 level=INFO msg="starting server..."
time=2026-01-21T11:28:05.958+03:00 level=INFO msg="DEBUG: Incoming request session cookie: "
time=2026-01-21T11:28:05.958+03:00 level=INFO msg="DEBUG: Request path: /"
time=2026-01-21T11:28:05.958+03:00 level=INFO msg="DEBUG: Session keys: []"
time=2026-01-21T11:28:05.958+03:00 level=INFO msg="DEBUG: Session isAuthenticated: <nil>"
time=2026-01-21T11:28:05.958+03:00 level=INFO msg="DEBUG: Session user: <nil>"
time=2026-01-21T11:28:05.958+03:00 level=INFO msg="DEBUG: Session user_id: <nil>"
time=2026-01-21T11:28:05.958+03:00 level=INFO msg="DEBUG: Session username: <nil>"
time=2026-01-21T11:28:05.961+03:00 level=INFO msg="No active session"
time=2026-01-21T11:28:05.962+03:00 level=INFO msg="No active session"
time=2026-01-21T11:28:05.963+03:00 level=INFO msg="Using template directory: D:\\Development\\ios\\ui\\html"
time=2026-01-21T11:28:05.965+03:00 level=INFO msg="Loading navigation template: D:\\Development\\ios\\ui\\html\\navigation.html"
time=2026-01-21T11:28:05.966+03:00 level=INFO msg="Loading template file: D:\\Development\\ios\\ui\\html\\landing.html"
time=2026-01-21T11:28:05.968+03:00 level=INFO msg="DEBUG: Executing template with data type: *handlers.TemplateData"
time=2026-01-21T11:28:05.968+03:00 level=INFO msg="DEBUG: TemplateData.Optionz initialized: true, keys: 10"
time=2026-01-21T11:28:05.968+03:00 level=INFO msg="DEBUG: Optionz[marital] has 7 items"
time=2026-01-21T11:28:05.968+03:00 level=INFO msg="DEBUG: Optionz[ward] has 3 items"
time=2026-01-21T11:28:05.968+03:00 level=INFO msg="DEBUG: Optionz[yn] has 3 items"
time=2026-01-21T11:28:05.968+03:00 level=INFO msg="DEBUG: Optionz[nationality] has 4 items"
time=2026-01-21T11:28:05.968+03:00 level=INFO msg="DEBUG: Optionz[mental] has 5 items"
time=2026-01-21T11:28:05.968+03:00 level=INFO msg="DEBUG: Optionz[preg] has 4 items"
time=2026-01-21T11:28:05.968+03:00 level=INFO msg="DEBUG: Optionz[result1] has 4 items"
time=2026-01-21T11:28:05.968+03:00 level=INFO msg="DEBUG: Optionz[result2] has 4 items"
time=2026-01-21T11:28:05.968+03:00 level=INFO msg="DEBUG: Optionz[yn_extra] has 4 items"
time=2026-01-21T11:28:05.968+03:00 level=INFO msg="DEBUG: Optionz[sex] has 3 items"
time=2026-01-21T11:28:05.968+03:00 level=INFO msg="DEBUG: TemplateData.UserPermissions initialized: true, keys: 0"
time=2026-01-21T11:28:05.985+03:00 level=INFO msg="DEBUG: Incoming request session cookie: "
time=2026-01-21T11:28:05.985+03:00 level=INFO msg="DEBUG: Request path: /static/css/bootstrap.min.css"
time=2026-01-21T11:28:05.985+03:00 level=INFO msg="DEBUG: Session keys: []"
time=2026-01-21T11:28:05.985+03:00 level=INFO msg="DEBUG: Session isAuthenticated: <nil>"
time=2026-01-21T11:28:05.985+03:00 level=INFO msg="DEBUG: Session user: <nil>"
time=2026-01-21T11:28:05.985+03:00 level=INFO msg="DEBUG: Session user_id: <nil>"
time=2026-01-21T11:28:05.985+03:00 level=INFO msg="DEBUG: Session username: <nil>"
time=2026-01-21T11:28:05.986+03:00 level=INFO msg="DEBUG: AuthRequired checking path: /static/css/bootstrap.min.css"
time=2026-01-21T11:28:05.986+03:00 level=INFO msg="DEBUG: Path /static/css/bootstrap.min.css requires authentication"
time=2026-01-21T11:28:05.992+03:00 level=INFO msg="DEBUG: Incoming request session cookie: "
time=2026-01-21T11:28:05.992+03:00 level=INFO msg="DEBUG: Request path: /static/js/bootstrap-fallback.js"
time=2026-01-21T11:28:05.992+03:00 level=INFO msg="DEBUG: Session keys: []"
time=2026-01-21T11:28:05.992+03:00 level=INFO msg="DEBUG: Session isAuthenticated: <nil>"
time=2026-01-21T11:28:05.992+03:00 level=INFO msg="DEBUG: Session user: <nil>"
time=2026-01-21T11:28:05.992+03:00 level=INFO msg="DEBUG: Session user_id: <nil>"
time=2026-01-21T11:28:05.992+03:00 level=INFO msg="DEBUG: Session username: <nil>"
time=2026-01-21T11:28:05.992+03:00 level=INFO msg="DEBUG: AuthRequired checking path: /static/js/bootstrap-fallback.js"
time=2026-01-21T11:28:05.992+03:00 level=INFO msg="DEBUG: Path /static/js/bootstrap-fallback.js requires authentication"
time=2026-01-21T11:28:06.028+03:00 level=INFO msg="DEBUG: Incoming request session cookie: "
time=2026-01-21T11:28:06.028+03:00 level=INFO msg="DEBUG: Request path: /login"
time=2026-01-21T11:28:06.028+03:00 level=INFO msg="DEBUG: Session keys: []"
time=2026-01-21T11:28:06.028+03:00 level=INFO msg="DEBUG: Session isAuthenticated: <nil>"
time=2026-01-21T11:28:06.028+03:00 level=INFO msg="DEBUG: Session user: <nil>"
time=2026-01-21T11:28:06.028+03:00 level=INFO msg="DEBUG: Session user_id: <nil>"
time=2026-01-21T11:28:06.028+03:00 level=INFO msg="DEBUG: Session username: <nil>"
time=2026-01-21T11:28:06.029+03:00 level=INFO msg="No active session"
time=2026-01-21T11:28:06.029+03:00 level=INFO msg="No active session"
time=2026-01-21T11:28:06.029+03:00 level=INFO msg="Using template directory: D:\\Development\\ios\\ui\\html"
time=2026-01-21T11:28:06.030+03:00 level=INFO msg="Loading navigation template: D:\\Development\\ios\\ui\\html\\navigation.html"
time=2026-01-21T11:28:06.030+03:00 level=INFO msg="Loading template file: D:\\Development\\ios\\ui\\html\\login.html"
time=2026-01-21T11:28:06.031+03:00 level=INFO msg="DEBUG: Executing template with data type: *handlers.TemplateData"
time=2026-01-21T11:28:06.031+03:00 level=INFO msg="DEBUG: TemplateData.Optionz initialized: true, keys: 10"
time=2026-01-21T11:28:06.031+03:00 level=INFO msg="DEBUG: Optionz[result1] has 4 items"
time=2026-01-21T11:28:06.031+03:00 level=INFO msg="DEBUG: Optionz[result2] has 4 items"
time=2026-01-21T11:28:06.031+03:00 level=INFO msg="DEBUG: Optionz[sex] has 3 items"
time=2026-01-21T11:28:06.031+03:00 level=INFO msg="DEBUG: Optionz[nationality] has 4 items"
time=2026-01-21T11:28:06.031+03:00 level=INFO msg="DEBUG: Optionz[mental] has 5 items"
time=2026-01-21T11:28:06.031+03:00 level=INFO msg="DEBUG: Optionz[preg] has 4 items"
time=2026-01-21T11:28:06.031+03:00 level=INFO msg="DEBUG: Optionz[ward] has 3 items"
time=2026-01-21T11:28:06.031+03:00 level=INFO msg="DEBUG: Optionz[yn] has 3 items"
time=2026-01-21T11:28:06.031+03:00 level=INFO msg="DEBUG: Optionz[yn_extra] has 4 items"
time=2026-01-21T11:28:06.031+03:00 level=INFO msg="DEBUG: Optionz[marital] has 7 items"
time=2026-01-21T11:28:06.031+03:00 level=INFO msg="DEBUG: TemplateData.UserPermissions initialized: true, keys: 0"
time=2026-01-21T11:28:06.037+03:00 level=INFO msg="DEBUG: Incoming request session cookie: "
time=2026-01-21T11:28:06.037+03:00 level=INFO msg="DEBUG: Request path: /login"
time=2026-01-21T11:28:06.037+03:00 level=INFO msg="DEBUG: Session keys: []"
time=2026-01-21T11:28:06.037+03:00 level=INFO msg="DEBUG: Session isAuthenticated: <nil>"
time=2026-01-21T11:28:06.037+03:00 level=INFO msg="DEBUG: Session user: <nil>"
time=2026-01-21T11:28:06.037+03:00 level=INFO msg="DEBUG: Session user_id: <nil>"
time=2026-01-21T11:28:06.037+03:00 level=INFO msg="DEBUG: Session username: <nil>"
time=2026-01-21T11:28:06.037+03:00 level=INFO msg="No active session"
time=2026-01-21T11:28:06.037+03:00 level=INFO msg="No active session"
time=2026-01-21T11:28:06.037+03:00 level=INFO msg="Using template directory: D:\\Development\\ios\\ui\\html"
time=2026-01-21T11:28:06.038+03:00 level=INFO msg="Loading navigation template: D:\\Development\\ios\\ui\\html\\navigation.html"
time=2026-01-21T11:28:06.039+03:00 level=INFO msg="Loading template file: D:\\Development\\ios\\ui\\html\\login.html"
time=2026-01-21T11:28:06.039+03:00 level=INFO msg="DEBUG: Executing template with data type: *handlers.TemplateData"
time=2026-01-21T11:28:06.039+03:00 level=INFO msg="DEBUG: TemplateData.Optionz initialized: true, keys: 10"
time=2026-01-21T11:28:06.039+03:00 level=INFO msg="DEBUG: Optionz[ward] has 3 items"
time=2026-01-21T11:28:06.039+03:00 level=INFO msg="DEBUG: Optionz[result1] has 4 items"
time=2026-01-21T11:28:06.039+03:00 level=INFO msg="DEBUG: Optionz[result2] has 4 items"
time=2026-01-21T11:28:06.039+03:00 level=INFO msg="DEBUG: Optionz[yn] has 3 items"
time=2026-01-21T11:28:06.039+03:00 level=INFO msg="DEBUG: Optionz[yn_extra] has 4 items"
time=2026-01-21T11:28:06.039+03:00 level=INFO msg="DEBUG: Optionz[sex] has 3 items"
time=2026-01-21T11:28:06.039+03:00 level=INFO msg="DEBUG: Optionz[nationality] has 4 items"
time=2026-01-21T11:28:06.039+03:00 level=INFO msg="DEBUG: Optionz[preg] has 4 items"
time=2026-01-21T11:28:06.039+03:00 level=INFO msg="DEBUG: Optionz[marital] has 7 items"
time=2026-01-21T11:28:06.039+03:00 level=INFO msg="DEBUG: Optionz[mental] has 5 items"
time=2026-01-21T11:28:06.039+03:00 level=INFO msg="DEBUG: TemplateData.UserPermissions initialized: true, keys: 0"
time=2026-01-21T11:28:07.275+03:00 level=INFO msg="DEBUG: Incoming request session cookie: "
time=2026-01-21T11:28:07.275+03:00 level=INFO msg="DEBUG: Request path: /favicon.ico"
time=2026-01-21T11:28:07.275+03:00 level=INFO msg="DEBUG: Session keys: []"
time=2026-01-21T11:28:07.275+03:00 level=INFO msg="DEBUG: Session isAuthenticated: <nil>"
time=2026-01-21T11:28:07.275+03:00 level=INFO msg="DEBUG: Session user: <nil>"
time=2026-01-21T11:28:07.275+03:00 level=INFO msg="DEBUG: Session user_id: <nil>"
time=2026-01-21T11:28:07.275+03:00 level=INFO msg="DEBUG: Session username: <nil>"
time=2026-01-21T11:28:07.275+03:00 level=INFO msg="DEBUG: AuthRequired checking path: /favicon.ico"
time=2026-01-21T11:28:07.275+03:00 level=INFO msg="DEBUG: Path /favicon.ico requires authentication"
time=2026-01-21T11:28:07.277+03:00 level=INFO msg="DEBUG: Incoming request session cookie: "
time=2026-01-21T11:28:07.278+03:00 level=INFO msg="DEBUG: Request path: /login"
time=2026-01-21T11:28:07.278+03:00 level=INFO msg="DEBUG: Session keys: []"
time=2026-01-21T11:28:07.278+03:00 level=INFO msg="DEBUG: Session isAuthenticated: <nil>"
time=2026-01-21T11:28:07.278+03:00 level=INFO msg="DEBUG: Session user: <nil>"
time=2026-01-21T11:28:07.278+03:00 level=INFO msg="DEBUG: Session user_id: <nil>"
time=2026-01-21T11:28:07.278+03:00 level=INFO msg="DEBUG: Session username: <nil>"
time=2026-01-21T11:28:07.278+03:00 level=INFO msg="No active session"
time=2026-01-21T11:28:07.278+03:00 level=INFO msg="No active session"
time=2026-01-21T11:28:07.278+03:00 level=INFO msg="Using template directory: D:\\Development\\ios\\ui\\html"
time=2026-01-21T11:28:07.279+03:00 level=INFO msg="Loading navigation template: D:\\Development\\ios\\ui\\html\\navigation.html"
time=2026-01-21T11:28:07.279+03:00 level=INFO msg="Loading template file: D:\\Development\\ios\\ui\\html\\login.html"
time=2026-01-21T11:28:07.279+03:00 level=INFO msg="DEBUG: Executing template with data type: *handlers.TemplateData"
time=2026-01-21T11:28:07.279+03:00 level=INFO msg="DEBUG: TemplateData.Optionz initialized: true, keys: 10"
time=2026-01-21T11:28:07.279+03:00 level=INFO msg="DEBUG: Optionz[nationality] has 4 items"
time=2026-01-21T11:28:07.279+03:00 level=INFO msg="DEBUG: Optionz[preg] has 4 items"
time=2026-01-21T11:28:07.279+03:00 level=INFO msg="DEBUG: Optionz[result1] has 4 items"
time=2026-01-21T11:28:07.279+03:00 level=INFO msg="DEBUG: Optionz[result2] has 4 items"
time=2026-01-21T11:28:07.279+03:00 level=INFO msg="DEBUG: Optionz[yn] has 3 items"
time=2026-01-21T11:28:07.279+03:00 level=INFO msg="DEBUG: Optionz[sex] has 3 items"
time=2026-01-21T11:28:07.279+03:00 level=INFO msg="DEBUG: Optionz[marital] has 7 items"
time=2026-01-21T11:28:07.279+03:00 level=INFO msg="DEBUG: Optionz[mental] has 5 items"
time=2026-01-21T11:28:07.279+03:00 level=INFO msg="DEBUG: Optionz[ward] has 3 items"
time=2026-01-21T11:28:07.279+03:00 level=INFO msg="DEBUG: Optionz[yn_extra] has 4 items"
time=2026-01-21T11:28:07.280+03:00 level=INFO msg="DEBUG: TemplateData.UserPermissions initialized: true, keys: 0"
time=2026-01-21T11:28:09.539+03:00 level=INFO msg="DEBUG: Incoming request session cookie: "
time=2026-01-21T11:28:09.539+03:00 level=INFO msg="DEBUG: Request path: /login"
time=2026-01-21T11:28:09.539+03:00 level=INFO msg="DEBUG: Session keys: []"
time=2026-01-21T11:28:09.539+03:00 level=INFO msg="DEBUG: Session isAuthenticated: <nil>"
time=2026-01-21T11:28:09.539+03:00 level=INFO msg="DEBUG: Session user: <nil>"
time=2026-01-21T11:28:09.539+03:00 level=INFO msg="DEBUG: Session user_id: <nil>"
time=2026-01-21T11:28:09.539+03:00 level=INFO msg="DEBUG: Session username: <nil>"
time=2026-01-21T11:28:09.540+03:00 level=INFO msg="No active session"
time=2026-01-21T11:28:09.540+03:00 level=INFO msg="No active session"
time=2026-01-21T11:28:09.541+03:00 level=INFO msg="Using template directory: D:\\Development\\ios\\ui\\html"
time=2026-01-21T11:28:09.543+03:00 level=INFO msg="Loading navigation template: D:\\Development\\ios\\ui\\html\\navigation.html"
time=2026-01-21T11:28:09.546+03:00 level=INFO msg="Loading template file: D:\\Development\\ios\\ui\\html\\login.html"
time=2026-01-21T11:28:09.546+03:00 level=INFO msg="DEBUG: Executing template with data type: *handlers.TemplateData"
time=2026-01-21T11:28:09.546+03:00 level=INFO msg="DEBUG: TemplateData.Optionz initialized: true, keys: 10"
time=2026-01-21T11:28:09.546+03:00 level=INFO msg="DEBUG: Optionz[yn_extra] has 4 items"
time=2026-01-21T11:28:09.546+03:00 level=INFO msg="DEBUG: Optionz[sex] has 3 items"
time=2026-01-21T11:28:09.546+03:00 level=INFO msg="DEBUG: Optionz[mental] has 5 items"
time=2026-01-21T11:28:09.547+03:00 level=INFO msg="DEBUG: Optionz[ward] has 3 items"
time=2026-01-21T11:28:09.547+03:00 level=INFO msg="DEBUG: Optionz[result1] has 4 items"
time=2026-01-21T11:28:09.547+03:00 level=INFO msg="DEBUG: Optionz[result2] has 4 items"
time=2026-01-21T11:28:09.547+03:00 level=INFO msg="DEBUG: Optionz[marital] has 7 items"
time=2026-01-21T11:28:09.547+03:00 level=INFO msg="DEBUG: Optionz[nationality] has 4 items"
time=2026-01-21T11:28:09.547+03:00 level=INFO msg="DEBUG: Optionz[preg] has 4 items"
time=2026-01-21T11:28:09.547+03:00 level=INFO msg="DEBUG: Optionz[yn] has 3 items"
time=2026-01-21T11:28:09.547+03:00 level=INFO msg="DEBUG: TemplateData.UserPermissions initialized: true, keys: 0"
time=2026-01-21T11:28:10.655+03:00 level=INFO msg="DEBUG: Incoming request session cookie: "
time=2026-01-21T11:28:10.655+03:00 level=INFO msg="DEBUG: Request path: /favicon.ico"
time=2026-01-21T11:28:10.655+03:00 level=INFO msg="DEBUG: Session keys: []"
time=2026-01-21T11:28:10.655+03:00 level=INFO msg="DEBUG: Session isAuthenticated: <nil>"
time=2026-01-21T11:28:10.655+03:00 level=INFO msg="DEBUG: Session user: <nil>"
time=2026-01-21T11:28:10.655+03:00 level=INFO msg="DEBUG: Session user_id: <nil>"
time=2026-01-21T11:28:10.655+03:00 level=INFO msg="DEBUG: Session username: <nil>"
time=2026-01-21T11:28:10.655+03:00 level=INFO msg="DEBUG: AuthRequired checking path: /favicon.ico"
time=2026-01-21T11:28:10.655+03:00 level=INFO msg="DEBUG: Path /favicon.ico requires authentication"
time=2026-01-21T11:28:10.678+03:00 level=INFO msg="DEBUG: Incoming request session cookie: "
time=2026-01-21T11:28:10.678+03:00 level=INFO msg="DEBUG: Request path: /login"
time=2026-01-21T11:28:10.678+03:00 level=INFO msg="DEBUG: Session keys: []"
time=2026-01-21T11:28:10.678+03:00 level=INFO msg="DEBUG: Session isAuthenticated: <nil>"
time=2026-01-21T11:28:10.678+03:00 level=INFO msg="DEBUG: Session user: <nil>"
time=2026-01-21T11:28:10.678+03:00 level=INFO msg="DEBUG: Session user_id: <nil>"
time=2026-01-21T11:28:10.678+03:00 level=INFO msg="DEBUG: Session username: <nil>"
time=2026-01-21T11:28:10.678+03:00 level=INFO msg="No active session"
time=2026-01-21T11:28:10.678+03:00 level=INFO msg="No active session"
time=2026-01-21T11:28:10.679+03:00 level=INFO msg="Using template directory: D:\\Development\\ios\\ui\\html"
time=2026-01-21T11:28:10.680+03:00 level=INFO msg="Loading navigation template: D:\\Development\\ios\\ui\\html\\navigation.html"
time=2026-01-21T11:28:10.681+03:00 level=INFO msg="Loading template file: D:\\Development\\ios\\ui\\html\\login.html"
time=2026-01-21T11:28:10.682+03:00 level=INFO msg="DEBUG: Executing template with data type: *handlers.TemplateData"
time=2026-01-21T11:28:10.682+03:00 level=INFO msg="DEBUG: TemplateData.Optionz initialized: true, keys: 10"
time=2026-01-21T11:28:10.682+03:00 level=INFO msg="DEBUG: Optionz[sex] has 3 items"
time=2026-01-21T11:28:10.682+03:00 level=INFO msg="DEBUG: Optionz[marital] has 7 items"
time=2026-01-21T11:28:10.682+03:00 level=INFO msg="DEBUG: Optionz[mental] has 5 items"
time=2026-01-21T11:28:10.682+03:00 level=INFO msg="DEBUG: Optionz[result1] has 4 items"
time=2026-01-21T11:28:10.682+03:00 level=INFO msg="DEBUG: Optionz[result2] has 4 items"
time=2026-01-21T11:28:10.682+03:00 level=INFO msg="DEBUG: Optionz[yn] has 3 items"
time=2026-01-21T11:28:10.682+03:00 level=INFO msg="DEBUG: Optionz[nationality] has 4 items"
time=2026-01-21T11:28:10.682+03:00 level=INFO msg="DEBUG: Optionz[preg] has 4 items"
time=2026-01-21T11:28:10.682+03:00 level=INFO msg="DEBUG: Optionz[ward] has 3 items"
time=2026-01-21T11:28:10.682+03:00 level=INFO msg="DEBUG: Optionz[yn_extra] has 4 items"
time=2026-01-21T11:28:10.682+03:00 level=INFO msg="DEBUG: TemplateData.UserPermissions initialized: true, keys: 0"
time=2026-01-21T11:28:14.764+03:00 level=INFO msg="DEBUG: Incoming request session cookie: "
time=2026-01-21T11:28:14.764+03:00 level=INFO msg="DEBUG: Request path: /favicon.ico"
time=2026-01-21T11:28:14.764+03:00 level=INFO msg="DEBUG: Session keys: []"
time=2026-01-21T11:28:14.764+03:00 level=INFO msg="DEBUG: Session isAuthenticated: <nil>"
time=2026-01-21T11:28:14.764+03:00 level=INFO msg="DEBUG: Session user: <nil>"
time=2026-01-21T11:28:14.764+03:00 level=INFO msg="DEBUG: Session user_id: <nil>"
time=2026-01-21T11:28:14.764+03:00 level=INFO msg="DEBUG: Session username: <nil>"
time=2026-01-21T11:28:14.764+03:00 level=INFO msg="DEBUG: AuthRequired checking path: /favicon.ico"
time=2026-01-21T11:28:14.764+03:00 level=INFO msg="DEBUG: Path /favicon.ico requires authentication"
time=2026-01-21T11:28:14.779+03:00 level=INFO msg="DEBUG: Incoming request session cookie: "
time=2026-01-21T11:28:14.779+03:00 level=INFO msg="DEBUG: Request path: /login"
time=2026-01-21T11:28:14.779+03:00 level=INFO msg="DEBUG: Session keys: []"
time=2026-01-21T11:28:14.779+03:00 level=INFO msg="DEBUG: Session isAuthenticated: <nil>"
time=2026-01-21T11:28:14.779+03:00 level=INFO msg="DEBUG: Session user: <nil>"
time=2026-01-21T11:28:14.779+03:00 level=INFO msg="DEBUG: Session user_id: <nil>"
time=2026-01-21T11:28:14.779+03:00 level=INFO msg="DEBUG: Session username: <nil>"
time=2026-01-21T11:28:14.779+03:00 level=INFO msg="No active session"
time=2026-01-21T11:28:14.779+03:00 level=INFO msg="No active session"
time=2026-01-21T11:28:14.779+03:00 level=INFO msg="Using template directory: D:\\Development\\ios\\ui\\html"
time=2026-01-21T11:28:14.779+03:00 level=INFO msg="Loading navigation template: D:\\Development\\ios\\ui\\html\\navigation.html"
time=2026-01-21T11:28:14.780+03:00 level=INFO msg="Loading template file: D:\\Development\\ios\\ui\\html\\login.html"
time=2026-01-21T11:28:14.781+03:00 level=INFO msg="DEBUG: Executing template with data type: *handlers.TemplateData"
time=2026-01-21T11:28:14.781+03:00 level=INFO msg="DEBUG: TemplateData.Optionz initialized: true, keys: 10"
time=2026-01-21T11:28:14.781+03:00 level=INFO msg="DEBUG: Optionz[ward] has 3 items"
time=2026-01-21T11:28:14.781+03:00 level=INFO msg="DEBUG: Optionz[result1] has 4 items"
time=2026-01-21T11:28:14.781+03:00 level=INFO msg="DEBUG: Optionz[yn] has 3 items"
time=2026-01-21T11:28:14.781+03:00 level=INFO msg="DEBUG: Optionz[yn_extra] has 4 items"
time=2026-01-21T11:28:14.781+03:00 level=INFO msg="DEBUG: Optionz[sex] has 3 items"
time=2026-01-21T11:28:14.781+03:00 level=INFO msg="DEBUG: Optionz[nationality] has 4 items"
time=2026-01-21T11:28:14.781+03:00 level=INFO msg="DEBUG: Optionz[mental] has 5 items"
time=2026-01-21T11:28:14.781+03:00 level=INFO msg="DEBUG: Optionz[preg] has 4 items"
time=2026-01-21T11:28:14.781+03:00 level=INFO msg="DEBUG: Optionz[result2] has 4 items"
time=2026-01-21T11:28:14.781+03:00 level=INFO msg="DEBUG: Optionz[marital] has 7 items"
time=2026-01-21T11:28:14.781+03:00 level=INFO msg="DEBUG: TemplateData.UserPermissions initialized: true, keys: 0"
time=2026-01-21T11:28:16.032+03:00 level=INFO msg="DEBUG: Incoming request session cookie: "
time=2026-01-21T11:28:16.032+03:00 level=INFO msg="DEBUG: Request path: /vhf-cif"
time=2026-01-21T11:28:16.033+03:00 level=INFO msg="DEBUG: Session keys: []"
time=2026-01-21T11:28:16.033+03:00 level=INFO msg="DEBUG: Session isAuthenticated: <nil>"
time=2026-01-21T11:28:16.033+03:00 level=INFO msg="DEBUG: Session user: <nil>"
time=2026-01-21T11:28:16.033+03:00 level=INFO msg="DEBUG: Session user_id: <nil>"
time=2026-01-21T11:28:16.033+03:00 level=INFO msg="DEBUG: Session username: <nil>"
time=2026-01-21T11:28:16.033+03:00 level=INFO msg="No active session"
time=2026-01-21T11:28:16.033+03:00 level=INFO msg="No active session"
time=2026-01-21T11:28:16.033+03:00 level=INFO msg="Using template directory: D:\\Development\\ios\\ui\\html"
time=2026-01-21T11:28:16.033+03:00 level=INFO msg="Loading navigation template: D:\\Development\\ios\\ui\\html\\navigation.html"
time=2026-01-21T11:28:16.034+03:00 level=INFO msg="Loading template file: D:\\Development\\ios\\ui\\html\\vhf_cif.html"
time=2026-01-21T11:28:16.035+03:00 level=INFO msg="DEBUG: Executing template with data type: *handlers.TemplateData"
time=2026-01-21T11:28:16.035+03:00 level=INFO msg="DEBUG: TemplateData.Optionz initialized: true, keys: 10"
time=2026-01-21T11:28:16.035+03:00 level=INFO msg="DEBUG: Optionz[yn_extra] has 4 items"
time=2026-01-21T11:28:16.035+03:00 level=INFO msg="DEBUG: Optionz[sex] has 3 items"
time=2026-01-21T11:28:16.035+03:00 level=INFO msg="DEBUG: Optionz[nationality] has 4 items"
time=2026-01-21T11:28:16.035+03:00 level=INFO msg="DEBUG: Optionz[mental] has 5 items"
time=2026-01-21T11:28:16.035+03:00 level=INFO msg="DEBUG: Optionz[ward] has 3 items"
time=2026-01-21T11:28:16.035+03:00 level=INFO msg="DEBUG: Optionz[result1] has 4 items"
time=2026-01-21T11:28:16.035+03:00 level=INFO msg="DEBUG: Optionz[yn] has 3 items"
time=2026-01-21T11:28:16.035+03:00 level=INFO msg="DEBUG: Optionz[marital] has 7 items"
time=2026-01-21T11:28:16.035+03:00 level=INFO msg="DEBUG: Optionz[preg] has 4 items"
time=2026-01-21T11:28:16.035+03:00 level=INFO msg="DEBUG: Optionz[result2] has 4 items"
time=2026-01-21T11:28:16.035+03:00 level=INFO msg="DEBUG: TemplateData.UserPermissions initialized: true, keys: 0"
time=2026-01-21T11:28:16.097+03:00 level=INFO msg="DEBUG: Incoming request session cookie: "
time=2026-01-21T11:28:16.097+03:00 level=INFO msg="DEBUG: Request path: /static/css/bootstrap.min.css"
time=2026-01-21T11:28:16.097+03:00 level=INFO msg="DEBUG: Session keys: []"
time=2026-01-21T11:28:16.097+03:00 level=INFO msg="DEBUG: Session isAuthenticated: <nil>"
time=2026-01-21T11:28:16.097+03:00 level=INFO msg="DEBUG: Session user: <nil>"
time=2026-01-21T11:28:16.097+03:00 level=INFO msg="DEBUG: Session user_id: <nil>"
time=2026-01-21T11:28:16.097+03:00 level=INFO msg="DEBUG: Session username: <nil>"
time=2026-01-21T11:28:16.098+03:00 level=INFO msg="DEBUG: AuthRequired checking path: /static/css/bootstrap.min.css"
time=2026-01-21T11:28:16.098+03:00 level=INFO msg="DEBUG: Path /static/css/bootstrap.min.css requires authentication"
time=2026-01-21T11:28:16.100+03:00 level=INFO msg="DEBUG: Incoming request session cookie: "
time=2026-01-21T11:28:16.100+03:00 level=INFO msg="DEBUG: Request path: /static/js/bootstrap-fallback.js"
time=2026-01-21T11:28:16.100+03:00 level=INFO msg="DEBUG: Session keys: []"
time=2026-01-21T11:28:16.100+03:00 level=INFO msg="DEBUG: Session isAuthenticated: <nil>"
time=2026-01-21T11:28:16.100+03:00 level=INFO msg="DEBUG: Session user: <nil>"
time=2026-01-21T11:28:16.100+03:00 level=INFO msg="DEBUG: Session user_id: <nil>"
time=2026-01-21T11:28:16.100+03:00 level=INFO msg="DEBUG: Session username: <nil>"
time=2026-01-21T11:28:16.100+03:00 level=INFO msg="DEBUG: AuthRequired checking path: /static/js/bootstrap-fallback.js"
time=2026-01-21T11:28:16.100+03:00 level=INFO msg="DEBUG: Path /static/js/bootstrap-fallback.js requires authentication"
time=2026-01-21T11:28:16.110+03:00 level=INFO msg="DEBUG: Incoming request session cookie: "
time=2026-01-21T11:28:16.110+03:00 level=INFO msg="DEBUG: Request path: /login"
time=2026-01-21T11:28:16.110+03:00 level=INFO msg="DEBUG: Session keys: []"
time=2026-01-21T11:28:16.110+03:00 level=INFO msg="DEBUG: Session isAuthenticated: <nil>"
time=2026-01-21T11:28:16.110+03:00 level=INFO msg="DEBUG: Session user: <nil>"
time=2026-01-21T11:28:16.110+03:00 level=INFO msg="DEBUG: Session user_id: <nil>"
time=2026-01-21T11:28:16.110+03:00 level=INFO msg="DEBUG: Session username: <nil>"
time=2026-01-21T11:28:16.110+03:00 level=INFO msg="No active session"
time=2026-01-21T11:28:16.110+03:00 level=INFO msg="No active session"
time=2026-01-21T11:28:16.110+03:00 level=INFO msg="Using template directory: D:\\Development\\ios\\ui\\html"
time=2026-01-21T11:28:16.111+03:00 level=INFO msg="Loading navigation template: D:\\Development\\ios\\ui\\html\\navigation.html"
time=2026-01-21T11:28:16.111+03:00 level=INFO msg="Loading template file: D:\\Development\\ios\\ui\\html\\login.html"
time=2026-01-21T11:28:16.111+03:00 level=INFO msg="DEBUG: Executing template with data type: *handlers.TemplateData"
time=2026-01-21T11:28:16.111+03:00 level=INFO msg="DEBUG: TemplateData.Optionz initialized: true, keys: 10"
time=2026-01-21T11:28:16.111+03:00 level=INFO msg="DEBUG: Optionz[sex] has 3 items"
time=2026-01-21T11:28:16.111+03:00 level=INFO msg="DEBUG: Optionz[nationality] has 4 items"
time=2026-01-21T11:28:16.111+03:00 level=INFO msg="DEBUG: Optionz[mental] has 5 items"
time=2026-01-21T11:28:16.111+03:00 level=INFO msg="DEBUG: Optionz[preg] has 4 items"
time=2026-01-21T11:28:16.111+03:00 level=INFO msg="DEBUG: Optionz[result1] has 4 items"
time=2026-01-21T11:28:16.111+03:00 level=INFO msg="DEBUG: Optionz[result2] has 4 items"
time=2026-01-21T11:28:16.111+03:00 level=INFO msg="DEBUG: Optionz[yn] has 3 items"
time=2026-01-21T11:28:16.111+03:00 level=INFO msg="DEBUG: Optionz[yn_extra] has 4 items"
time=2026-01-21T11:28:16.111+03:00 level=INFO msg="DEBUG: Optionz[marital] has 7 items"
time=2026-01-21T11:28:16.111+03:00 level=INFO msg="DEBUG: Optionz[ward] has 3 items"
time=2026-01-21T11:28:16.111+03:00 level=INFO msg="DEBUG: TemplateData.UserPermissions initialized: true, keys: 0"
time=2026-01-21T11:28:16.114+03:00 level=INFO msg="DEBUG: Incoming request session cookie: "
time=2026-01-21T11:28:16.114+03:00 level=INFO msg="DEBUG: Request path: /login"
time=2026-01-21T11:28:16.114+03:00 level=INFO msg="DEBUG: Session keys: []"
time=2026-01-21T11:28:16.114+03:00 level=INFO msg="DEBUG: Session isAuthenticated: <nil>"
time=2026-01-21T11:28:16.114+03:00 level=INFO msg="DEBUG: Session user: <nil>"
time=2026-01-21T11:28:16.114+03:00 level=INFO msg="DEBUG: Session user_id: <nil>"
time=2026-01-21T11:28:16.114+03:00 level=INFO msg="DEBUG: Session username: <nil>"
time=2026-01-21T11:28:16.114+03:00 level=INFO msg="No active session"
time=2026-01-21T11:28:16.114+03:00 level=INFO msg="No active session"
time=2026-01-21T11:28:16.114+03:00 level=INFO msg="Using template directory: D:\\Development\\ios\\ui\\html"
time=2026-01-21T11:28:16.114+03:00 level=INFO msg="Loading navigation template: D:\\Development\\ios\\ui\\html\\navigation.html"
time=2026-01-21T11:28:16.115+03:00 level=INFO msg="Loading template file: D:\\Development\\ios\\ui\\html\\login.html"
time=2026-01-21T11:28:16.115+03:00 level=INFO msg="DEBUG: Executing template with data type: *handlers.TemplateData"
time=2026-01-21T11:28:16.116+03:00 level=INFO msg="DEBUG: TemplateData.Optionz initialized: true, keys: 10"
time=2026-01-21T11:28:16.116+03:00 level=INFO msg="DEBUG: Optionz[yn] has 3 items"
time=2026-01-21T11:28:16.116+03:00 level=INFO msg="DEBUG: Optionz[preg] has 4 items"
time=2026-01-21T11:28:16.116+03:00 level=INFO msg="DEBUG: Optionz[ward] has 3 items"
time=2026-01-21T11:28:16.116+03:00 level=INFO msg="DEBUG: Optionz[result1] has 4 items"
time=2026-01-21T11:28:16.116+03:00 level=INFO msg="DEBUG: Optionz[result2] has 4 items"
time=2026-01-21T11:28:16.116+03:00 level=INFO msg="DEBUG: Optionz[yn_extra] has 4 items"
time=2026-01-21T11:28:16.116+03:00 level=INFO msg="DEBUG: Optionz[sex] has 3 items"
time=2026-01-21T11:28:16.116+03:00 level=INFO msg="DEBUG: Optionz[marital] has 7 items"
time=2026-01-21T11:28:16.116+03:00 level=INFO msg="DEBUG: Optionz[nationality] has 4 items"
time=2026-01-21T11:28:16.116+03:00 level=INFO msg="DEBUG: Optionz[mental] has 5 items"
time=2026-01-21T11:28:16.116+03:00 level=INFO msg="DEBUG: TemplateData.UserPermissions initialized: true, keys: 0"
time=2026-01-21T11:28:16.276+03:00 level=INFO msg="DEBUG: Incoming request session cookie: "
time=2026-01-21T11:28:16.276+03:00 level=INFO msg="DEBUG: Request path: /api/facilities"
time=2026-01-21T11:28:16.276+03:00 level=INFO msg="DEBUG: Session keys: []"
time=2026-01-21T11:28:16.276+03:00 level=INFO msg="DEBUG: Session isAuthenticated: <nil>"
time=2026-01-21T11:28:16.276+03:00 level=INFO msg="DEBUG: Session user: <nil>"
time=2026-01-21T11:28:16.276+03:00 level=INFO msg="DEBUG: Session user_id: <nil>"
time=2026-01-21T11:28:16.276+03:00 level=INFO msg="DEBUG: Session username: <nil>"
time=2026-01-21T11:28:16.277+03:00 level=INFO msg="DEBUG: Incoming request session cookie: "
time=2026-01-21T11:28:16.277+03:00 level=INFO msg="DEBUG: Request path: /api/locations/districts"
time=2026-01-21T11:28:16.277+03:00 level=INFO msg="DEBUG: Session keys: []"
time=2026-01-21T11:28:16.277+03:00 level=INFO msg="DEBUG: Session isAuthenticated: <nil>"
time=2026-01-21T11:28:16.277+03:00 level=INFO msg="DEBUG: Session user: <nil>"
time=2026-01-21T11:28:16.277+03:00 level=INFO msg="DEBUG: Session user_id: <nil>"
time=2026-01-21T11:28:16.277+03:00 level=INFO msg="DEBUG: Session username: <nil>"
time=2026-01-21T11:28:16.575+03:00 level=INFO msg="DEBUG: Incoming request session cookie: "
time=2026-01-21T11:28:16.575+03:00 level=INFO msg="DEBUG: Request path: /favicon.ico"
time=2026-01-21T11:28:16.575+03:00 level=INFO msg="DEBUG: Session keys: []"
time=2026-01-21T11:28:16.575+03:00 level=INFO msg="DEBUG: Session isAuthenticated: <nil>"
time=2026-01-21T11:28:16.575+03:00 level=INFO msg="DEBUG: Session user: <nil>"
time=2026-01-21T11:28:16.575+03:00 level=INFO msg="DEBUG: Session user_id: <nil>"
time=2026-01-21T11:28:16.575+03:00 level=INFO msg="DEBUG: Session username: <nil>"
time=2026-01-21T11:28:16.575+03:00 level=INFO msg="DEBUG: AuthRequired checking path: /favicon.ico"
time=2026-01-21T11:28:16.575+03:00 level=INFO msg="DEBUG: Path /favicon.ico requires authentication"
time=2026-01-21T11:28:18.990+03:00 level=INFO msg="DEBUG: Incoming request session cookie: "
time=2026-01-21T11:28:18.990+03:00 level=INFO msg="DEBUG: Request path: /login"
time=2026-01-21T11:28:18.990+03:00 level=INFO msg="DEBUG: Session keys: []"
time=2026-01-21T11:28:18.990+03:00 level=INFO msg="DEBUG: Session isAuthenticated: <nil>"
time=2026-01-21T11:28:18.990+03:00 level=INFO msg="DEBUG: Session user: <nil>"
time=2026-01-21T11:28:18.990+03:00 level=INFO msg="DEBUG: Session user_id: <nil>"
time=2026-01-21T11:28:18.990+03:00 level=INFO msg="DEBUG: Session username: <nil>"
time=2026-01-21T11:28:18.990+03:00 level=INFO msg="No active session"
time=2026-01-21T11:28:18.990+03:00 level=INFO msg="No active session"
time=2026-01-21T11:28:18.991+03:00 level=INFO msg="Using template directory: D:\\Development\\ios\\ui\\html"
time=2026-01-21T11:28:18.991+03:00 level=INFO msg="Loading navigation template: D:\\Development\\ios\\ui\\html\\navigation.html"
time=2026-01-21T11:28:18.992+03:00 level=INFO msg="Loading template file: D:\\Development\\ios\\ui\\html\\login.html"
time=2026-01-21T11:28:18.993+03:00 level=INFO msg="DEBUG: Executing template with data type: *handlers.TemplateData"
time=2026-01-21T11:28:18.993+03:00 level=INFO msg="DEBUG: TemplateData.Optionz initialized: true, keys: 10"
time=2026-01-21T11:28:18.993+03:00 level=INFO msg="DEBUG: Optionz[yn_extra] has 4 items"
time=2026-01-21T11:28:18.993+03:00 level=INFO msg="DEBUG: Optionz[nationality] has 4 items"
time=2026-01-21T11:28:18.993+03:00 level=INFO msg="DEBUG: Optionz[mental] has 5 items"
time=2026-01-21T11:28:18.993+03:00 level=INFO msg="DEBUG: Optionz[preg] has 4 items"
time=2026-01-21T11:28:18.993+03:00 level=INFO msg="DEBUG: Optionz[result1] has 4 items"
time=2026-01-21T11:28:18.993+03:00 level=INFO msg="DEBUG: Optionz[yn] has 3 items"
time=2026-01-21T11:28:18.993+03:00 level=INFO msg="DEBUG: Optionz[sex] has 3 items"
time=2026-01-21T11:28:18.993+03:00 level=INFO msg="DEBUG: Optionz[marital] has 7 items"
time=2026-01-21T11:28:18.993+03:00 level=INFO msg="DEBUG: Optionz[ward] has 3 items"
time=2026-01-21T11:28:18.993+03:00 level=INFO msg="DEBUG: Optionz[result2] has 4 items"
time=2026-01-21T11:28:18.993+03:00 level=INFO msg="DEBUG: TemplateData.UserPermissions initialized: true, keys: 0"
time=2026-01-21T11:28:22.764+03:00 level=INFO msg="DEBUG: Incoming request session cookie: "
time=2026-01-21T11:28:22.764+03:00 level=INFO msg="DEBUG: Request path: /favicon.ico"
time=2026-01-21T11:28:22.764+03:00 level=INFO msg="DEBUG: Session keys: []"
time=2026-01-21T11:28:22.764+03:00 level=INFO msg="DEBUG: Session isAuthenticated: <nil>"
time=2026-01-21T11:28:22.764+03:00 level=INFO msg="DEBUG: Session user: <nil>"
time=2026-01-21T11:28:22.764+03:00 level=INFO msg="DEBUG: Session user_id: <nil>"
time=2026-01-21T11:28:22.764+03:00 level=INFO msg="DEBUG: Session username: <nil>"
time=2026-01-21T11:28:22.764+03:00 level=INFO msg="DEBUG: AuthRequired checking path: /favicon.ico"
time=2026-01-21T11:28:22.764+03:00 level=INFO msg="DEBUG: Path /favicon.ico requires authentication"
time=2026-01-21T11:28:22.799+03:00 level=INFO msg="DEBUG: Incoming request session cookie: "
time=2026-01-21T11:28:22.799+03:00 level=INFO msg="DEBUG: Request path: /login"
time=2026-01-21T11:28:22.799+03:00 level=INFO msg="DEBUG: Session keys: []"
time=2026-01-21T11:28:22.799+03:00 level=INFO msg="DEBUG: Session isAuthenticated: <nil>"
time=2026-01-21T11:28:22.799+03:00 level=INFO msg="DEBUG: Session user: <nil>"
time=2026-01-21T11:28:22.799+03:00 level=INFO msg="DEBUG: Session user_id: <nil>"
time=2026-01-21T11:28:22.799+03:00 level=INFO msg="DEBUG: Session username: <nil>"
time=2026-01-21T11:28:22.799+03:00 level=INFO msg="No active session"
time=2026-01-21T11:28:22.799+03:00 level=INFO msg="No active session"
time=2026-01-21T11:28:22.799+03:00 level=INFO msg="Using template directory: D:\\Development\\ios\\ui\\html"
time=2026-01-21T11:28:22.800+03:00 level=INFO msg="Loading navigation template: D:\\Development\\ios\\ui\\html\\navigation.html"
time=2026-01-21T11:28:22.800+03:00 level=INFO msg="Loading template file: D:\\Development\\ios\\ui\\html\\login.html"
time=2026-01-21T11:28:22.800+03:00 level=INFO msg="DEBUG: Executing template with data type: *handlers.TemplateData"
time=2026-01-21T11:28:22.800+03:00 level=INFO msg="DEBUG: TemplateData.Optionz initialized: true, keys: 10"
time=2026-01-21T11:28:22.800+03:00 level=INFO msg="DEBUG: Optionz[nationality] has 4 items"
time=2026-01-21T11:28:22.800+03:00 level=INFO msg="DEBUG: Optionz[mental] has 5 items"
time=2026-01-21T11:28:22.800+03:00 level=INFO msg="DEBUG: Optionz[preg] has 4 items"
time=2026-01-21T11:28:22.800+03:00 level=INFO msg="DEBUG: Optionz[result2] has 4 items"
time=2026-01-21T11:28:22.800+03:00 level=INFO msg="DEBUG: Optionz[yn_extra] has 4 items"
time=2026-01-21T11:28:22.800+03:00 level=INFO msg="DEBUG: Optionz[ward] has 3 items"
time=2026-01-21T11:28:22.800+03:00 level=INFO msg="DEBUG: Optionz[result1] has 4 items"
time=2026-01-21T11:28:22.800+03:00 level=INFO msg="DEBUG: Optionz[yn] has 3 items"
time=2026-01-21T11:28:22.800+03:00 level=INFO msg="DEBUG: Optionz[sex] has 3 items"
time=2026-01-21T11:28:22.800+03:00 level=INFO msg="DEBUG: Optionz[marital] has 7 items"
time=2026-01-21T11:28:22.800+03:00 level=INFO msg="DEBUG: TemplateData.UserPermissions initialized: true, keys: 0"
time=2026-01-21T11:28:23.961+03:00 level=INFO msg="DEBUG: Incoming request session cookie: "
time=2026-01-21T11:28:23.961+03:00 level=INFO msg="DEBUG: Request path: /mpox-cif"
time=2026-01-21T11:28:23.961+03:00 level=INFO msg="DEBUG: Session keys: []"
time=2026-01-21T11:28:23.961+03:00 level=INFO msg="DEBUG: Session isAuthenticated: <nil>"
time=2026-01-21T11:28:23.961+03:00 level=INFO msg="DEBUG: Session user: <nil>"
time=2026-01-21T11:28:23.961+03:00 level=INFO msg="DEBUG: Session user_id: <nil>"
time=2026-01-21T11:28:23.961+03:00 level=INFO msg="DEBUG: Session username: <nil>"
time=2026-01-21T11:28:23.961+03:00 level=INFO msg="DEBUG: AuthRequired checking path: /mpox-cif"
time=2026-01-21T11:28:23.961+03:00 level=INFO msg="DEBUG: Path /mpox-cif matches public route /mpox-cif"
time=2026-01-21T11:28:23.961+03:00 level=INFO msg="No active session"
time=2026-01-21T11:28:23.962+03:00 level=INFO msg="No active session"
time=2026-01-21T11:28:23.962+03:00 level=INFO msg="Using template directory: D:\\Development\\ios\\ui\\html"
time=2026-01-21T11:28:23.963+03:00 level=INFO msg="Loading navigation template: D:\\Development\\ios\\ui\\html\\navigation.html"
time=2026-01-21T11:28:23.964+03:00 level=INFO msg="Loading template file: D:\\Development\\ios\\ui\\html\\mpox_cif.html"
time=2026-01-21T11:28:23.966+03:00 level=INFO msg="DEBUG: Executing template with data type: *handlers.TemplateData"
time=2026-01-21T11:28:23.966+03:00 level=INFO msg="DEBUG: TemplateData.Optionz initialized: true, keys: 10"
time=2026-01-21T11:28:23.966+03:00 level=INFO msg="DEBUG: Optionz[ward] has 3 items"
time=2026-01-21T11:28:23.966+03:00 level=INFO msg="DEBUG: Optionz[result1] has 4 items"
time=2026-01-21T11:28:23.966+03:00 level=INFO msg="DEBUG: Optionz[yn] has 3 items"
time=2026-01-21T11:28:23.966+03:00 level=INFO msg="DEBUG: Optionz[marital] has 7 items"
time=2026-01-21T11:28:23.966+03:00 level=INFO msg="DEBUG: Optionz[nationality] has 4 items"
time=2026-01-21T11:28:23.966+03:00 level=INFO msg="DEBUG: Optionz[mental] has 5 items"
time=2026-01-21T11:28:23.966+03:00 level=INFO msg="DEBUG: Optionz[preg] has 4 items"
time=2026-01-21T11:28:23.966+03:00 level=INFO msg="DEBUG: Optionz[result2] has 4 items"
time=2026-01-21T11:28:23.966+03:00 level=INFO msg="DEBUG: Optionz[yn_extra] has 4 items"
time=2026-01-21T11:28:23.966+03:00 level=INFO msg="DEBUG: Optionz[sex] has 3 items"
time=2026-01-21T11:28:23.966+03:00 level=INFO msg="DEBUG: TemplateData.UserPermissions initialized: true, keys: 0"
time=2026-01-21T11:28:24.087+03:00 level=INFO msg="DEBUG: Incoming request session cookie: "
time=2026-01-21T11:28:24.087+03:00 level=INFO msg="DEBUG: Request path: /static/css/bootstrap.min.css"
time=2026-01-21T11:28:24.087+03:00 level=INFO msg="DEBUG: Session keys: []"
time=2026-01-21T11:28:24.087+03:00 level=INFO msg="DEBUG: Session isAuthenticated: <nil>"
time=2026-01-21T11:28:24.087+03:00 level=INFO msg="DEBUG: Session user: <nil>"
time=2026-01-21T11:28:24.087+03:00 level=INFO msg="DEBUG: Session user_id: <nil>"
time=2026-01-21T11:28:24.087+03:00 level=INFO msg="DEBUG: Session username: <nil>"
time=2026-01-21T11:28:24.087+03:00 level=INFO msg="DEBUG: AuthRequired checking path: /static/css/bootstrap.min.css"
time=2026-01-21T11:28:24.087+03:00 level=INFO msg="DEBUG: Path /static/css/bootstrap.min.css requires authentication"
time=2026-01-21T11:28:24.089+03:00 level=INFO msg="DEBUG: Incoming request session cookie: "
time=2026-01-21T11:28:24.089+03:00 level=INFO msg="DEBUG: Request path: /static/js/bootstrap-fallback.js"
time=2026-01-21T11:28:24.089+03:00 level=INFO msg="DEBUG: Session keys: []"
time=2026-01-21T11:28:24.089+03:00 level=INFO msg="DEBUG: Session isAuthenticated: <nil>"
time=2026-01-21T11:28:24.089+03:00 level=INFO msg="DEBUG: Session user: <nil>"
time=2026-01-21T11:28:24.089+03:00 level=INFO msg="DEBUG: Session user_id: <nil>"
time=2026-01-21T11:28:24.089+03:00 level=INFO msg="DEBUG: Session username: <nil>"
time=2026-01-21T11:28:24.090+03:00 level=INFO msg="DEBUG: AuthRequired checking path: /static/js/bootstrap-fallback.js"
time=2026-01-21T11:28:24.090+03:00 level=INFO msg="DEBUG: Path /static/js/bootstrap-fallback.js requires authentication"
time=2026-01-21T11:28:24.097+03:00 level=INFO msg="DEBUG: Incoming request session cookie: "
time=2026-01-21T11:28:24.097+03:00 level=INFO msg="DEBUG: Request path: /login"
time=2026-01-21T11:28:24.097+03:00 level=INFO msg="DEBUG: Session keys: []"
time=2026-01-21T11:28:24.097+03:00 level=INFO msg="DEBUG: Session isAuthenticated: <nil>"
time=2026-01-21T11:28:24.097+03:00 level=INFO msg="DEBUG: Session user: <nil>"
time=2026-01-21T11:28:24.097+03:00 level=INFO msg="DEBUG: Session user_id: <nil>"
time=2026-01-21T11:28:24.097+03:00 level=INFO msg="DEBUG: Session username: <nil>"
time=2026-01-21T11:28:24.097+03:00 level=INFO msg="No active session"
time=2026-01-21T11:28:24.097+03:00 level=INFO msg="No active session"
time=2026-01-21T11:28:24.097+03:00 level=INFO msg="Using template directory: D:\\Development\\ios\\ui\\html"
time=2026-01-21T11:28:24.098+03:00 level=INFO msg="Loading navigation template: D:\\Development\\ios\\ui\\html\\navigation.html"
time=2026-01-21T11:28:24.099+03:00 level=INFO msg="Loading template file: D:\\Development\\ios\\ui\\html\\login.html"
time=2026-01-21T11:28:24.099+03:00 level=INFO msg="DEBUG: Executing template with data type: *handlers.TemplateData"
time=2026-01-21T11:28:24.099+03:00 level=INFO msg="DEBUG: TemplateData.Optionz initialized: true, keys: 10"
time=2026-01-21T11:28:24.099+03:00 level=INFO msg="DEBUG: Optionz[nationality] has 4 items"
time=2026-01-21T11:28:24.099+03:00 level=INFO msg="DEBUG: Optionz[preg] has 4 items"
time=2026-01-21T11:28:24.099+03:00 level=INFO msg="DEBUG: Optionz[ward] has 3 items"
time=2026-01-21T11:28:24.099+03:00 level=INFO msg="DEBUG: Optionz[result2] has 4 items"
time=2026-01-21T11:28:24.099+03:00 level=INFO msg="DEBUG: Optionz[yn] has 3 items"
time=2026-01-21T11:28:24.099+03:00 level=INFO msg="DEBUG: Optionz[sex] has 3 items"
time=2026-01-21T11:28:24.099+03:00 level=INFO msg="DEBUG: Optionz[marital] has 7 items"
time=2026-01-21T11:28:24.099+03:00 level=INFO msg="DEBUG: Optionz[mental] has 5 items"
time=2026-01-21T11:28:24.099+03:00 level=INFO msg="DEBUG: Optionz[result1] has 4 items"
time=2026-01-21T11:28:24.099+03:00 level=INFO msg="DEBUG: Optionz[yn_extra] has 4 items"
time=2026-01-21T11:28:24.099+03:00 level=INFO msg="DEBUG: TemplateData.UserPermissions initialized: true, keys: 0"
time=2026-01-21T11:28:24.101+03:00 level=INFO msg="DEBUG: Incoming request session cookie: "
time=2026-01-21T11:28:24.101+03:00 level=INFO msg="DEBUG: Request path: /login"
time=2026-01-21T11:28:24.101+03:00 level=INFO msg="DEBUG: Session keys: []"
time=2026-01-21T11:28:24.101+03:00 level=INFO msg="DEBUG: Session isAuthenticated: <nil>"
time=2026-01-21T11:28:24.101+03:00 level=INFO msg="DEBUG: Session user: <nil>"
time=2026-01-21T11:28:24.101+03:00 level=INFO msg="DEBUG: Session user_id: <nil>"
time=2026-01-21T11:28:24.101+03:00 level=INFO msg="DEBUG: Session username: <nil>"
time=2026-01-21T11:28:24.101+03:00 level=INFO msg="No active session"
time=2026-01-21T11:28:24.101+03:00 level=INFO msg="No active session"
time=2026-01-21T11:28:24.101+03:00 level=INFO msg="Using template directory: D:\\Development\\ios\\ui\\html"
time=2026-01-21T11:28:24.102+03:00 level=INFO msg="Loading navigation template: D:\\Development\\ios\\ui\\html\\navigation.html"
time=2026-01-21T11:28:24.103+03:00 level=INFO msg="Loading template file: D:\\Development\\ios\\ui\\html\\login.html"
time=2026-01-21T11:28:24.103+03:00 level=INFO msg="DEBUG: Executing template with data type: *handlers.TemplateData"
time=2026-01-21T11:28:24.103+03:00 level=INFO msg="DEBUG: TemplateData.Optionz initialized: true, keys: 10"
time=2026-01-21T11:28:24.103+03:00 level=INFO msg="DEBUG: Optionz[result2] has 4 items"
time=2026-01-21T11:28:24.103+03:00 level=INFO msg="DEBUG: Optionz[yn] has 3 items"
time=2026-01-21T11:28:24.103+03:00 level=INFO msg="DEBUG: Optionz[sex] has 3 items"
time=2026-01-21T11:28:24.103+03:00 level=INFO msg="DEBUG: Optionz[marital] has 7 items"
time=2026-01-21T11:28:24.103+03:00 level=INFO msg="DEBUG: Optionz[mental] has 5 items"
time=2026-01-21T11:28:24.103+03:00 level=INFO msg="DEBUG: Optionz[ward] has 3 items"
time=2026-01-21T11:28:24.103+03:00 level=INFO msg="DEBUG: Optionz[yn_extra] has 4 items"
time=2026-01-21T11:28:24.103+03:00 level=INFO msg="DEBUG: Optionz[nationality] has 4 items"
time=2026-01-21T11:28:24.103+03:00 level=INFO msg="DEBUG: Optionz[preg] has 4 items"
time=2026-01-21T11:28:24.103+03:00 level=INFO msg="DEBUG: Optionz[result1] has 4 items"
time=2026-01-21T11:28:24.103+03:00 level=INFO msg="DEBUG: TemplateData.UserPermissions initialized: true, keys: 0"
time=2026-01-21T11:28:24.171+03:00 level=INFO msg="DEBUG: Incoming request session cookie: "
time=2026-01-21T11:28:24.171+03:00 level=INFO msg="DEBUG: Request path: /favicon.ico"
time=2026-01-21T11:28:24.171+03:00 level=INFO msg="DEBUG: Session keys: []"
time=2026-01-21T11:28:24.171+03:00 level=INFO msg="DEBUG: Session isAuthenticated: <nil>"
time=2026-01-21T11:28:24.171+03:00 level=INFO msg="DEBUG: Session user: <nil>"
time=2026-01-21T11:28:24.171+03:00 level=INFO msg="DEBUG: Session user_id: <nil>"
time=2026-01-21T11:28:24.171+03:00 level=INFO msg="DEBUG: Session username: <nil>"
time=2026-01-21T11:28:24.171+03:00 level=INFO msg="DEBUG: AuthRequired checking path: /favicon.ico"
time=2026-01-21T11:28:24.171+03:00 level=INFO msg="DEBUG: Path /favicon.ico requires authentication"
time=2026-01-21T11:28:24.183+03:00 level=INFO msg="DEBUG: Incoming request session cookie: "
time=2026-01-21T11:28:24.183+03:00 level=INFO msg="DEBUG: Request path: /login"
time=2026-01-21T11:28:24.183+03:00 level=INFO msg="DEBUG: Session keys: []"
time=2026-01-21T11:28:24.183+03:00 level=INFO msg="DEBUG: Session isAuthenticated: <nil>"
time=2026-01-21T11:28:24.183+03:00 level=INFO msg="DEBUG: Session user: <nil>"
time=2026-01-21T11:28:24.183+03:00 level=INFO msg="DEBUG: Session user_id: <nil>"
time=2026-01-21T11:28:24.183+03:00 level=INFO msg="DEBUG: Session username: <nil>"
time=2026-01-21T11:28:24.183+03:00 level=INFO msg="No active session"
time=2026-01-21T11:28:24.183+03:00 level=INFO msg="No active session"
time=2026-01-21T11:28:24.183+03:00 level=INFO msg="Using template directory: D:\\Development\\ios\\ui\\html"
time=2026-01-21T11:28:24.184+03:00 level=INFO msg="Loading navigation template: D:\\Development\\ios\\ui\\html\\navigation.html"
time=2026-01-21T11:28:24.184+03:00 level=INFO msg="Loading template file: D:\\Development\\ios\\ui\\html\\login.html"
time=2026-01-21T11:28:24.184+03:00 level=INFO msg="DEBUG: Executing template with data type: *handlers.TemplateData"
time=2026-01-21T11:28:24.184+03:00 level=INFO msg="DEBUG: TemplateData.Optionz initialized: true, keys: 10"
time=2026-01-21T11:28:24.184+03:00 level=INFO msg="DEBUG: Optionz[yn_extra] has 4 items"
time=2026-01-21T11:28:24.184+03:00 level=INFO msg="DEBUG: Optionz[marital] has 7 items"
time=2026-01-21T11:28:24.184+03:00 level=INFO msg="DEBUG: Optionz[nationality] has 4 items"
time=2026-01-21T11:28:24.184+03:00 level=INFO msg="DEBUG: Optionz[mental] has 5 items"
time=2026-01-21T11:28:24.184+03:00 level=INFO msg="DEBUG: Optionz[result1] has 4 items"
time=2026-01-21T11:28:24.184+03:00 level=INFO msg="DEBUG: Optionz[result2] has 4 items"
time=2026-01-21T11:28:24.184+03:00 level=INFO msg="DEBUG: Optionz[yn] has 3 items"
time=2026-01-21T11:28:24.184+03:00 level=INFO msg="DEBUG: Optionz[sex] has 3 items"
time=2026-01-21T11:28:24.184+03:00 level=INFO msg="DEBUG: Optionz[preg] has 4 items"
time=2026-01-21T11:28:24.184+03:00 level=INFO msg="DEBUG: Optionz[ward] has 3 items"
time=2026-01-21T11:28:24.184+03:00 level=INFO msg="DEBUG: TemplateData.UserPermissions initialized: true, keys: 0"
time=2026-01-21T11:28:31.705+03:00 level=INFO msg="DEBUG: Incoming request session cookie: "
time=2026-01-21T11:28:31.705+03:00 level=INFO msg="DEBUG: Request path: /favicon.ico"
time=2026-01-21T11:28:31.705+03:00 level=INFO msg="DEBUG: Session keys: []"
time=2026-01-21T11:28:31.705+03:00 level=INFO msg="DEBUG: Session isAuthenticated: <nil>"
time=2026-01-21T11:28:31.705+03:00 level=INFO msg="DEBUG: Session user: <nil>"
time=2026-01-21T11:28:31.705+03:00 level=INFO msg="DEBUG: Session user_id: <nil>"
time=2026-01-21T11:28:31.705+03:00 level=INFO msg="DEBUG: Session username: <nil>"
time=2026-01-21T11:28:31.705+03:00 level=INFO msg="DEBUG: AuthRequired checking path: /favicon.ico"
time=2026-01-21T11:28:31.705+03:00 level=INFO msg="DEBUG: Path /favicon.ico requires authentication"
time=2026-01-21T11:28:31.728+03:00 level=INFO msg="DEBUG: Incoming request session cookie: "
time=2026-01-21T11:28:31.728+03:00 level=INFO msg="DEBUG: Request path: /login"
time=2026-01-21T11:28:31.728+03:00 level=INFO msg="DEBUG: Session keys: []"
time=2026-01-21T11:28:31.728+03:00 level=INFO msg="DEBUG: Session isAuthenticated: <nil>"
time=2026-01-21T11:28:31.728+03:00 level=INFO msg="DEBUG: Session user: <nil>"
time=2026-01-21T11:28:31.728+03:00 level=INFO msg="DEBUG: Session user_id: <nil>"
time=2026-01-21T11:28:31.728+03:00 level=INFO msg="DEBUG: Session username: <nil>"
time=2026-01-21T11:28:31.728+03:00 level=INFO msg="No active session"
time=2026-01-21T11:28:31.728+03:00 level=INFO msg="No active session"
time=2026-01-21T11:28:31.728+03:00 level=INFO msg="Using template directory: D:\\Development\\ios\\ui\\html"
time=2026-01-21T11:28:31.729+03:00 level=INFO msg="Loading navigation template: D:\\Development\\ios\\ui\\html\\navigation.html"
time=2026-01-21T11:28:31.730+03:00 level=INFO msg="Loading template file: D:\\Development\\ios\\ui\\html\\login.html"
time=2026-01-21T11:28:31.730+03:00 level=INFO msg="DEBUG: Executing template with data type: *handlers.TemplateData"
time=2026-01-21T11:28:31.730+03:00 level=INFO msg="DEBUG: TemplateData.Optionz initialized: true, keys: 10"
time=2026-01-21T11:28:31.730+03:00 level=INFO msg="DEBUG: Optionz[ward] has 3 items"
time=2026-01-21T11:28:31.730+03:00 level=INFO msg="DEBUG: Optionz[result1] has 4 items"
time=2026-01-21T11:28:31.730+03:00 level=INFO msg="DEBUG: Optionz[result2] has 4 items"
time=2026-01-21T11:28:31.730+03:00 level=INFO msg="DEBUG: Optionz[yn] has 3 items"
time=2026-01-21T11:28:31.730+03:00 level=INFO msg="DEBUG: Optionz[marital] has 7 items"
time=2026-01-21T11:28:31.730+03:00 level=INFO msg="DEBUG: Optionz[mental] has 5 items"
time=2026-01-21T11:28:31.730+03:00 level=INFO msg="DEBUG: Optionz[preg] has 4 items"
time=2026-01-21T11:28:31.730+03:00 level=INFO msg="DEBUG: Optionz[yn_extra] has 4 items"
time=2026-01-21T11:28:31.730+03:00 level=INFO msg="DEBUG: Optionz[sex] has 3 items"
time=2026-01-21T11:28:31.730+03:00 level=INFO msg="DEBUG: Optionz[nationality] has 4 items"
time=2026-01-21T11:28:31.730+03:00 level=INFO msg="DEBUG: TemplateData.UserPermissions initialized: true, keys: 0"
time=2026-01-21T11:28:33.113+03:00 level=INFO msg="DEBUG: Incoming request session cookie: "
time=2026-01-21T11:28:33.113+03:00 level=INFO msg="DEBUG: Request path: /favicon.ico"
time=2026-01-21T11:28:33.113+03:00 level=INFO msg="DEBUG: Session keys: []"
time=2026-01-21T11:28:33.113+03:00 level=INFO msg="DEBUG: Session isAuthenticated: <nil>"
time=2026-01-21T11:28:33.113+03:00 level=INFO msg="DEBUG: Session user: <nil>"
time=2026-01-21T11:28:33.113+03:00 level=INFO msg="DEBUG: Session user_id: <nil>"
time=2026-01-21T11:28:33.113+03:00 level=INFO msg="DEBUG: Session username: <nil>"
time=2026-01-21T11:28:33.113+03:00 level=INFO msg="DEBUG: AuthRequired checking path: /favicon.ico"
time=2026-01-21T11:28:33.113+03:00 level=INFO msg="DEBUG: Path /favicon.ico requires authentication"
time=2026-01-21T11:28:33.125+03:00 level=INFO msg="DEBUG: Incoming request session cookie: "
time=2026-01-21T11:28:33.125+03:00 level=INFO msg="DEBUG: Request path: /login"
time=2026-01-21T11:28:33.126+03:00 level=INFO msg="DEBUG: Session keys: []"
time=2026-01-21T11:28:33.126+03:00 level=INFO msg="DEBUG: Session isAuthenticated: <nil>"
time=2026-01-21T11:28:33.126+03:00 level=INFO msg="DEBUG: Session user: <nil>"
time=2026-01-21T11:28:33.126+03:00 level=INFO msg="DEBUG: Session user_id: <nil>"
time=2026-01-21T11:28:33.126+03:00 level=INFO msg="DEBUG: Session username: <nil>"
time=2026-01-21T11:28:33.126+03:00 level=INFO msg="No active session"
time=2026-01-21T11:28:33.126+03:00 level=INFO msg="No active session"
time=2026-01-21T11:28:33.126+03:00 level=INFO msg="Using template directory: D:\\Development\\ios\\ui\\html"
time=2026-01-21T11:28:33.127+03:00 level=INFO msg="Loading navigation template: D:\\Development\\ios\\ui\\html\\navigation.html"
time=2026-01-21T11:28:33.129+03:00 level=INFO msg="Loading template file: D:\\Development\\ios\\ui\\html\\login.html"
time=2026-01-21T11:28:33.129+03:00 level=INFO msg="DEBUG: Executing template with data type: *handlers.TemplateData"
time=2026-01-21T11:28:33.129+03:00 level=INFO msg="DEBUG: TemplateData.Optionz initialized: true, keys: 10"
time=2026-01-21T11:28:33.129+03:00 level=INFO msg="DEBUG: Optionz[yn] has 3 items"
time=2026-01-21T11:28:33.129+03:00 level=INFO msg="DEBUG: Optionz[mental] has 5 items"
time=2026-01-21T11:28:33.129+03:00 level=INFO msg="DEBUG: Optionz[preg] has 4 items"
time=2026-01-21T11:28:33.129+03:00 level=INFO msg="DEBUG: Optionz[ward] has 3 items"
time=2026-01-21T11:28:33.129+03:00 level=INFO msg="DEBUG: Optionz[yn_extra] has 4 items"
time=2026-01-21T11:28:33.129+03:00 level=INFO msg="DEBUG: Optionz[sex] has 3 items"
time=2026-01-21T11:28:33.129+03:00 level=INFO msg="DEBUG: Optionz[marital] has 7 items"
time=2026-01-21T11:28:33.129+03:00 level=INFO msg="DEBUG: Optionz[nationality] has 4 items"
time=2026-01-21T11:28:33.129+03:00 level=INFO msg="DEBUG: Optionz[result1] has 4 items"
time=2026-01-21T11:28:33.129+03:00 level=INFO msg="DEBUG: Optionz[result2] has 4 items"
time=2026-01-21T11:28:33.129+03:00 level=INFO msg="DEBUG: TemplateData.UserPermissions initialized: true, keys: 0"
time=2026-01-21T11:28:35.526+03:00 level=INFO msg="DEBUG: Incoming request session cookie: "
time=2026-01-21T11:28:35.526+03:00 level=INFO msg="DEBUG: Request path: /polio-cif"
time=2026-01-21T11:28:35.526+03:00 level=INFO msg="DEBUG: Session keys: []"
time=2026-01-21T11:28:35.526+03:00 level=INFO msg="DEBUG: Session isAuthenticated: <nil>"
time=2026-01-21T11:28:35.526+03:00 level=INFO msg="DEBUG: Session user: <nil>"
time=2026-01-21T11:28:35.526+03:00 level=INFO msg="DEBUG: Session user_id: <nil>"
time=2026-01-21T11:28:35.526+03:00 level=INFO msg="DEBUG: Session username: <nil>"
time=2026-01-21T11:28:35.526+03:00 level=INFO msg="No active session"
time=2026-01-21T11:28:35.527+03:00 level=INFO msg="No active session"
time=2026-01-21T11:28:35.527+03:00 level=INFO msg="Using template directory: D:\\Development\\ios\\ui\\html"
time=2026-01-21T11:28:35.528+03:00 level=INFO msg="Loading navigation template: D:\\Development\\ios\\ui\\html\\navigation.html"
time=2026-01-21T11:28:35.529+03:00 level=INFO msg="Loading template file: D:\\Development\\ios\\ui\\html\\polio_cif.html"
time=2026-01-21T11:28:35.533+03:00 level=INFO msg="DEBUG: Executing template with data type: *handlers.TemplateData"
time=2026-01-21T11:28:35.533+03:00 level=INFO msg="DEBUG: TemplateData.Optionz initialized: true, keys: 10"
time=2026-01-21T11:28:35.534+03:00 level=INFO msg="DEBUG: Optionz[result2] has 4 items"
time=2026-01-21T11:28:35.534+03:00 level=INFO msg="DEBUG: Optionz[sex] has 3 items"
time=2026-01-21T11:28:35.534+03:00 level=INFO msg="DEBUG: Optionz[nationality] has 4 items"
time=2026-01-21T11:28:35.535+03:00 level=INFO msg="DEBUG: Optionz[preg] has 4 items"
time=2026-01-21T11:28:35.535+03:00 level=INFO msg="DEBUG: Optionz[yn] has 3 items"
time=2026-01-21T11:28:35.535+03:00 level=INFO msg="DEBUG: Optionz[yn_extra] has 4 items"
time=2026-01-21T11:28:35.535+03:00 level=INFO msg="DEBUG: Optionz[marital] has 7 items"
time=2026-01-21T11:28:35.536+03:00 level=INFO msg="DEBUG: Optionz[mental] has 5 items"
time=2026-01-21T11:28:35.536+03:00 level=INFO msg="DEBUG: Optionz[ward] has 3 items"
time=2026-01-21T11:28:35.536+03:00 level=INFO msg="DEBUG: Optionz[result1] has 4 items"
time=2026-01-21T11:28:35.536+03:00 level=INFO msg="DEBUG: TemplateData.UserPermissions initialized: true, keys: 0"
time=2026-01-21T11:28:35.571+03:00 level=INFO msg="DEBUG: Incoming request session cookie: "
time=2026-01-21T11:28:35.571+03:00 level=INFO msg="DEBUG: Request path: /static/app/cdn/css/flatpickr.min.css"
time=2026-01-21T11:28:35.571+03:00 level=INFO msg="DEBUG: Session keys: []"
time=2026-01-21T11:28:35.571+03:00 level=INFO msg="DEBUG: Session isAuthenticated: <nil>"
time=2026-01-21T11:28:35.571+03:00 level=INFO msg="DEBUG: Session user: <nil>"
time=2026-01-21T11:28:35.571+03:00 level=INFO msg="DEBUG: Session user_id: <nil>"
time=2026-01-21T11:28:35.571+03:00 level=INFO msg="DEBUG: Session username: <nil>"
time=2026-01-21T11:28:35.572+03:00 level=INFO msg="DEBUG: AuthRequired checking path: /static/app/cdn/css/flatpickr.min.css"
time=2026-01-21T11:28:35.572+03:00 level=INFO msg="DEBUG: Path /static/app/cdn/css/flatpickr.min.css requires authentication"
time=2026-01-21T11:28:35.619+03:00 level=INFO msg="DEBUG: Incoming request session cookie: "
time=2026-01-21T11:28:35.619+03:00 level=INFO msg="DEBUG: Request path: /static/app/cdn/js/flatpickr.min.js"
time=2026-01-21T11:28:35.620+03:00 level=INFO msg="DEBUG: Session keys: []"
time=2026-01-21T11:28:35.620+03:00 level=INFO msg="DEBUG: Session isAuthenticated: <nil>"
time=2026-01-21T11:28:35.620+03:00 level=INFO msg="DEBUG: Session user: <nil>"
time=2026-01-21T11:28:35.620+03:00 level=INFO msg="DEBUG: Session user_id: <nil>"
time=2026-01-21T11:28:35.620+03:00 level=INFO msg="DEBUG: Session username: <nil>"
time=2026-01-21T11:28:35.620+03:00 level=INFO msg="DEBUG: AuthRequired checking path: /static/app/cdn/js/flatpickr.min.js"
time=2026-01-21T11:28:35.620+03:00 level=INFO msg="DEBUG: Path /static/app/cdn/js/flatpickr.min.js requires authentication"
time=2026-01-21T11:28:35.623+03:00 level=INFO msg="DEBUG: Incoming request session cookie: "
time=2026-01-21T11:28:35.623+03:00 level=INFO msg="DEBUG: Request path: /login"
time=2026-01-21T11:28:35.624+03:00 level=INFO msg="DEBUG: Session keys: []"
time=2026-01-21T11:28:35.624+03:00 level=INFO msg="DEBUG: Session isAuthenticated: <nil>"
time=2026-01-21T11:28:35.624+03:00 level=INFO msg="DEBUG: Session user: <nil>"
time=2026-01-21T11:28:35.624+03:00 level=INFO msg="DEBUG: Session user_id: <nil>"
time=2026-01-21T11:28:35.624+03:00 level=INFO msg="DEBUG: Session username: <nil>"
time=2026-01-21T11:28:35.624+03:00 level=INFO msg="No active session"
time=2026-01-21T11:28:35.624+03:00 level=INFO msg="No active session"
time=2026-01-21T11:28:35.624+03:00 level=INFO msg="Using template directory: D:\\Development\\ios\\ui\\html"
time=2026-01-21T11:28:35.625+03:00 level=INFO msg="Loading navigation template: D:\\Development\\ios\\ui\\html\\navigation.html"
time=2026-01-21T11:28:35.625+03:00 level=INFO msg="Loading template file: D:\\Development\\ios\\ui\\html\\login.html"
time=2026-01-21T11:28:35.625+03:00 level=INFO msg="DEBUG: Executing template with data type: *handlers.TemplateData"
time=2026-01-21T11:28:35.625+03:00 level=INFO msg="DEBUG: TemplateData.Optionz initialized: true, keys: 10"
time=2026-01-21T11:28:35.625+03:00 level=INFO msg="DEBUG: Optionz[preg] has 4 items"
time=2026-01-21T11:28:35.625+03:00 level=INFO msg="DEBUG: Optionz[result1] has 4 items"
time=2026-01-21T11:28:35.625+03:00 level=INFO msg="DEBUG: Optionz[marital] has 7 items"
time=2026-01-21T11:28:35.625+03:00 level=INFO msg="DEBUG: Optionz[mental] has 5 items"
time=2026-01-21T11:28:35.625+03:00 level=INFO msg="DEBUG: Optionz[ward] has 3 items"
time=2026-01-21T11:28:35.625+03:00 level=INFO msg="DEBUG: Optionz[result2] has 4 items"
time=2026-01-21T11:28:35.625+03:00 level=INFO msg="DEBUG: Optionz[yn] has 3 items"
time=2026-01-21T11:28:35.625+03:00 level=INFO msg="DEBUG: Optionz[yn_extra] has 4 items"
time=2026-01-21T11:28:35.625+03:00 level=INFO msg="DEBUG: Optionz[sex] has 3 items"
time=2026-01-21T11:28:35.625+03:00 level=INFO msg="DEBUG: Optionz[nationality] has 4 items"
time=2026-01-21T11:28:35.625+03:00 level=INFO msg="DEBUG: TemplateData.UserPermissions initialized: true, keys: 0"
time=2026-01-21T11:28:35.628+03:00 level=INFO msg="DEBUG: Incoming request session cookie: "
time=2026-01-21T11:28:35.628+03:00 level=INFO msg="DEBUG: Request path: /login"
time=2026-01-21T11:28:35.628+03:00 level=INFO msg="DEBUG: Session keys: []"
time=2026-01-21T11:28:35.628+03:00 level=INFO msg="DEBUG: Session isAuthenticated: <nil>"
time=2026-01-21T11:28:35.628+03:00 level=INFO msg="DEBUG: Session user: <nil>"
time=2026-01-21T11:28:35.628+03:00 level=INFO msg="DEBUG: Session user_id: <nil>"
time=2026-01-21T11:28:35.628+03:00 level=INFO msg="DEBUG: Session username: <nil>"
time=2026-01-21T11:28:35.628+03:00 level=INFO msg="No active session"
time=2026-01-21T11:28:35.628+03:00 level=INFO msg="No active session"
time=2026-01-21T11:28:35.628+03:00 level=INFO msg="Using template directory: D:\\Development\\ios\\ui\\html"
time=2026-01-21T11:28:35.629+03:00 level=INFO msg="Loading navigation template: D:\\Development\\ios\\ui\\html\\navigation.html"
time=2026-01-21T11:28:35.629+03:00 level=INFO msg="Loading template file: D:\\Development\\ios\\ui\\html\\login.html"
time=2026-01-21T11:28:35.629+03:00 level=INFO msg="DEBUG: Executing template with data type: *handlers.TemplateData"
time=2026-01-21T11:28:35.629+03:00 level=INFO msg="DEBUG: TemplateData.Optionz initialized: true, keys: 10"
time=2026-01-21T11:28:35.629+03:00 level=INFO msg="DEBUG: Optionz[yn_extra] has 4 items"
time=2026-01-21T11:28:35.629+03:00 level=INFO msg="DEBUG: Optionz[sex] has 3 items"
time=2026-01-21T11:28:35.629+03:00 level=INFO msg="DEBUG: Optionz[nationality] has 4 items"
time=2026-01-21T11:28:35.629+03:00 level=INFO msg="DEBUG: Optionz[mental] has 5 items"
time=2026-01-21T11:28:35.629+03:00 level=INFO msg="DEBUG: Optionz[result1] has 4 items"
time=2026-01-21T11:28:35.629+03:00 level=INFO msg="DEBUG: Optionz[result2] has 4 items"
time=2026-01-21T11:28:35.629+03:00 level=INFO msg="DEBUG: Optionz[yn] has 3 items"
time=2026-01-21T11:28:35.629+03:00 level=INFO msg="DEBUG: Optionz[marital] has 7 items"
time=2026-01-21T11:28:35.629+03:00 level=INFO msg="DEBUG: Optionz[preg] has 4 items"
time=2026-01-21T11:28:35.629+03:00 level=INFO msg="DEBUG: Optionz[ward] has 3 items"
time=2026-01-21T11:28:35.629+03:00 level=INFO msg="DEBUG: TemplateData.UserPermissions initialized: true, keys: 0"
time=2026-01-21T11:28:36.201+03:00 level=INFO msg="DEBUG: Incoming request session cookie: "
time=2026-01-21T11:28:36.201+03:00 level=INFO msg="DEBUG: Request path: /favicon.ico"
time=2026-01-21T11:28:36.201+03:00 level=INFO msg="DEBUG: Session keys: []"
time=2026-01-21T11:28:36.201+03:00 level=INFO msg="DEBUG: Session isAuthenticated: <nil>"
time=2026-01-21T11:28:36.201+03:00 level=INFO msg="DEBUG: Session user: <nil>"
time=2026-01-21T11:28:36.201+03:00 level=INFO msg="DEBUG: Session user_id: <nil>"
time=2026-01-21T11:28:36.201+03:00 level=INFO msg="DEBUG: Session username: <nil>"
time=2026-01-21T11:28:36.201+03:00 level=INFO msg="DEBUG: AuthRequired checking path: /favicon.ico"
time=2026-01-21T11:28:36.201+03:00 level=INFO msg="DEBUG: Path /favicon.ico requires authentication"
time=2026-01-21T11:28:36.233+03:00 level=INFO msg="DEBUG: Incoming request session cookie: "
time=2026-01-21T11:28:36.233+03:00 level=INFO msg="DEBUG: Request path: /login"
time=2026-01-21T11:28:36.233+03:00 level=INFO msg="DEBUG: Session keys: []"
time=2026-01-21T11:28:36.233+03:00 level=INFO msg="DEBUG: Session isAuthenticated: <nil>"
time=2026-01-21T11:28:36.233+03:00 level=INFO msg="DEBUG: Session user: <nil>"
time=2026-01-21T11:28:36.233+03:00 level=INFO msg="DEBUG: Session user_id: <nil>"
time=2026-01-21T11:28:36.233+03:00 level=INFO msg="DEBUG: Session username: <nil>"
time=2026-01-21T11:28:36.233+03:00 level=INFO msg="No active session"
time=2026-01-21T11:28:36.233+03:00 level=INFO msg="No active session"
time=2026-01-21T11:28:36.234+03:00 level=INFO msg="Using template directory: D:\\Development\\ios\\ui\\html"
time=2026-01-21T11:28:36.234+03:00 level=INFO msg="Loading navigation template: D:\\Development\\ios\\ui\\html\\navigation.html"
time=2026-01-21T11:28:36.235+03:00 level=INFO msg="Loading template file: D:\\Development\\ios\\ui\\html\\login.html"
time=2026-01-21T11:28:36.235+03:00 level=INFO msg="DEBUG: Executing template with data type: *handlers.TemplateData"
time=2026-01-21T11:28:36.235+03:00 level=INFO msg="DEBUG: TemplateData.Optionz initialized: true, keys: 10"
time=2026-01-21T11:28:36.235+03:00 level=INFO msg="DEBUG: Optionz[yn] has 3 items"
time=2026-01-21T11:28:36.235+03:00 level=INFO msg="DEBUG: Optionz[yn_extra] has 4 items"
time=2026-01-21T11:28:36.235+03:00 level=INFO msg="DEBUG: Optionz[nationality] has 4 items"
time=2026-01-21T11:28:36.235+03:00 level=INFO msg="DEBUG: Optionz[mental] has 5 items"
time=2026-01-21T11:28:36.235+03:00 level=INFO msg="DEBUG: Optionz[sex] has 3 items"
time=2026-01-21T11:28:36.235+03:00 level=INFO msg="DEBUG: Optionz[marital] has 7 items"
time=2026-01-21T11:28:36.235+03:00 level=INFO msg="DEBUG: Optionz[preg] has 4 items"
time=2026-01-21T11:28:36.235+03:00 level=INFO msg="DEBUG: Optionz[ward] has 3 items"
time=2026-01-21T11:28:36.235+03:00 level=INFO msg="DEBUG: Optionz[result1] has 4 items"
time=2026-01-21T11:28:36.235+03:00 level=INFO msg="DEBUG: Optionz[result2] has 4 items"
time=2026-01-21T11:28:36.235+03:00 level=INFO msg="DEBUG: TemplateData.UserPermissions initialized: true, keys: 0"
time=2026-01-21T11:28:39.874+03:00 level=INFO msg="DEBUG: Incoming request session cookie: "
time=2026-01-21T11:28:39.875+03:00 level=INFO msg="DEBUG: Request path: /favicon.ico"
time=2026-01-21T11:28:39.875+03:00 level=INFO msg="DEBUG: Session keys: []"
time=2026-01-21T11:28:39.875+03:00 level=INFO msg="DEBUG: Session isAuthenticated: <nil>"
time=2026-01-21T11:28:39.875+03:00 level=INFO msg="DEBUG: Session user: <nil>"
time=2026-01-21T11:28:39.875+03:00 level=INFO msg="DEBUG: Session user_id: <nil>"
time=2026-01-21T11:28:39.875+03:00 level=INFO msg="DEBUG: Session username: <nil>"
time=2026-01-21T11:28:39.875+03:00 level=INFO msg="DEBUG: AuthRequired checking path: /favicon.ico"
time=2026-01-21T11:28:39.875+03:00 level=INFO msg="DEBUG: Path /favicon.ico requires authentication"
time=2026-01-21T11:28:39.908+03:00 level=INFO msg="DEBUG: Incoming request session cookie: "
time=2026-01-21T11:28:39.908+03:00 level=INFO msg="DEBUG: Request path: /login"
time=2026-01-21T11:28:39.908+03:00 level=INFO msg="DEBUG: Session keys: []"
time=2026-01-21T11:28:39.908+03:00 level=INFO msg="DEBUG: Session isAuthenticated: <nil>"
time=2026-01-21T11:28:39.908+03:00 level=INFO msg="DEBUG: Session user: <nil>"
time=2026-01-21T11:28:39.908+03:00 level=INFO msg="DEBUG: Session user_id: <nil>"
time=2026-01-21T11:28:39.908+03:00 level=INFO msg="DEBUG: Session username: <nil>"
time=2026-01-21T11:28:39.908+03:00 level=INFO msg="No active session"
time=2026-01-21T11:28:39.908+03:00 level=INFO msg="No active session"
time=2026-01-21T11:28:39.909+03:00 level=INFO msg="Using template directory: D:\\Development\\ios\\ui\\html"
time=2026-01-21T11:28:39.909+03:00 level=INFO msg="Loading navigation template: D:\\Development\\ios\\ui\\html\\navigation.html"
time=2026-01-21T11:28:39.910+03:00 level=INFO msg="Loading template file: D:\\Development\\ios\\ui\\html\\login.html"
time=2026-01-21T11:28:39.910+03:00 level=INFO msg="DEBUG: Executing template with data type: *handlers.TemplateData"
time=2026-01-21T11:28:39.910+03:00 level=INFO msg="DEBUG: TemplateData.Optionz initialized: true, keys: 10"
time=2026-01-21T11:28:39.910+03:00 level=INFO msg="DEBUG: Optionz[yn] has 3 items"
time=2026-01-21T11:28:39.910+03:00 level=INFO msg="DEBUG: Optionz[sex] has 3 items"
time=2026-01-21T11:28:39.910+03:00 level=INFO msg="DEBUG: Optionz[marital] has 7 items"
time=2026-01-21T11:28:39.910+03:00 level=INFO msg="DEBUG: Optionz[nationality] has 4 items"
time=2026-01-21T11:28:39.910+03:00 level=INFO msg="DEBUG: Optionz[result1] has 4 items"
time=2026-01-21T11:28:39.910+03:00 level=INFO msg="DEBUG: Optionz[yn_extra] has 4 items"
time=2026-01-21T11:28:39.910+03:00 level=INFO msg="DEBUG: Optionz[mental] has 5 items"
time=2026-01-21T11:28:39.910+03:00 level=INFO msg="DEBUG: Optionz[preg] has 4 items"
time=2026-01-21T11:28:39.910+03:00 level=INFO msg="DEBUG: Optionz[ward] has 3 items"
time=2026-01-21T11:28:39.910+03:00 level=INFO msg="DEBUG: Optionz[result2] has 4 items"
time=2026-01-21T11:28:39.910+03:00 level=INFO msg="DEBUG: TemplateData.UserPermissions initialized: true, keys: 0"
time=2026-01-21T11:28:42.008+03:00 level=INFO msg="DEBUG: Incoming request session cookie: "
time=2026-01-21T11:28:42.009+03:00 level=INFO msg="DEBUG: Request path: /measles_cif"
time=2026-01-21T11:28:42.009+03:00 level=INFO msg="DEBUG: Session keys: []"
time=2026-01-21T11:28:42.009+03:00 level=INFO msg="DEBUG: Session isAuthenticated: <nil>"
time=2026-01-21T11:28:42.009+03:00 level=INFO msg="DEBUG: Session user: <nil>"
time=2026-01-21T11:28:42.009+03:00 level=INFO msg="DEBUG: Session user_id: <nil>"
time=2026-01-21T11:28:42.009+03:00 level=INFO msg="DEBUG: Session username: <nil>"
time=2026-01-21T11:28:42.009+03:00 level=INFO msg="No active session"
time=2026-01-21T11:28:42.009+03:00 level=INFO msg="No active session"
time=2026-01-21T11:28:42.009+03:00 level=INFO msg="Using template directory: D:\\Development\\ios\\ui\\html"
time=2026-01-21T11:28:42.009+03:00 level=INFO msg="Loading navigation template: D:\\Development\\ios\\ui\\html\\navigation.html"
time=2026-01-21T11:28:42.010+03:00 level=INFO msg="Loading template file: D:\\Development\\ios\\ui\\html\\measles_cif.html"
time=2026-01-21T11:28:42.011+03:00 level=INFO msg="DEBUG: Executing template with data type: *handlers.TemplateData"
time=2026-01-21T11:28:42.011+03:00 level=INFO msg="DEBUG: TemplateData.Optionz initialized: true, keys: 13"
time=2026-01-21T11:28:42.011+03:00 level=INFO msg="DEBUG: Optionz[preg] has 4 items"
time=2026-01-21T11:28:42.011+03:00 level=INFO msg="DEBUG: Optionz[ward] has 4 items"
time=2026-01-21T11:28:42.011+03:00 level=INFO msg="DEBUG: Optionz[result1] has 4 items"
time=2026-01-21T11:28:42.011+03:00 level=INFO msg="DEBUG: Optionz[result2] has 4 items"
time=2026-01-21T11:28:42.011+03:00 level=INFO msg="DEBUG: Optionz[sex] has 3 items"
time=2026-01-21T11:28:42.011+03:00 level=INFO msg="DEBUG: Optionz[sex2] has 3 items"
time=2026-01-21T11:28:42.011+03:00 level=INFO msg="DEBUG: Optionz[occup] has 3 items"
time=2026-01-21T11:28:42.011+03:00 level=INFO msg="DEBUG: Optionz[yn] has 3 items"
time=2026-01-21T11:28:42.011+03:00 level=INFO msg="DEBUG: Optionz[yn_extra] has 4 items"
time=2026-01-21T11:28:42.011+03:00 level=INFO msg="DEBUG: Optionz[marital] has 7 items"
time=2026-01-21T11:28:42.011+03:00 level=INFO msg="DEBUG: Optionz[nationality] has 4 items"
time=2026-01-21T11:28:42.011+03:00 level=INFO msg="DEBUG: Optionz[mental] has 5 items"
time=2026-01-21T11:28:42.011+03:00 level=INFO msg="DEBUG: Optionz[ethnicity] has 3 items"
time=2026-01-21T11:28:42.011+03:00 level=INFO msg="DEBUG: TemplateData.UserPermissions initialized: true, keys: 0"
time=2026-01-21T11:28:42.069+03:00 level=INFO msg="DEBUG: Incoming request session cookie: "
time=2026-01-21T11:28:42.069+03:00 level=INFO msg="DEBUG: Request path: /static/app/cdn/css/flatpickr.min.css"
time=2026-01-21T11:28:42.069+03:00 level=INFO msg="DEBUG: Session keys: []"
time=2026-01-21T11:28:42.069+03:00 level=INFO msg="DEBUG: Session isAuthenticated: <nil>"
time=2026-01-21T11:28:42.069+03:00 level=INFO msg="DEBUG: Session user: <nil>"
time=2026-01-21T11:28:42.069+03:00 level=INFO msg="DEBUG: Session user_id: <nil>"
time=2026-01-21T11:28:42.069+03:00 level=INFO msg="DEBUG: Session username: <nil>"
time=2026-01-21T11:28:42.069+03:00 level=INFO msg="DEBUG: AuthRequired checking path: /static/app/cdn/css/flatpickr.min.css"
time=2026-01-21T11:28:42.069+03:00 level=INFO msg="DEBUG: Path /static/app/cdn/css/flatpickr.min.css requires authentication"
time=2026-01-21T11:28:42.087+03:00 level=INFO msg="DEBUG: Incoming request session cookie: "
time=2026-01-21T11:28:42.088+03:00 level=INFO msg="DEBUG: Request path: /static/app/cdn/js/flatpickr.min.js"
time=2026-01-21T11:28:42.088+03:00 level=INFO msg="DEBUG: Session keys: []"
time=2026-01-21T11:28:42.088+03:00 level=INFO msg="DEBUG: Session isAuthenticated: <nil>"
time=2026-01-21T11:28:42.088+03:00 level=INFO msg="DEBUG: Session user: <nil>"
time=2026-01-21T11:28:42.088+03:00 level=INFO msg="DEBUG: Session user_id: <nil>"
time=2026-01-21T11:28:42.088+03:00 level=INFO msg="DEBUG: Session username: <nil>"
time=2026-01-21T11:28:42.088+03:00 level=INFO msg="DEBUG: AuthRequired checking path: /static/app/cdn/js/flatpickr.min.js"
time=2026-01-21T11:28:42.088+03:00 level=INFO msg="DEBUG: Path /static/app/cdn/js/flatpickr.min.js requires authentication"
time=2026-01-21T11:28:42.104+03:00 level=INFO msg="DEBUG: Incoming request session cookie: "
time=2026-01-21T11:28:42.104+03:00 level=INFO msg="DEBUG: Request path: /login"
time=2026-01-21T11:28:42.104+03:00 level=INFO msg="DEBUG: Session keys: []"
time=2026-01-21T11:28:42.104+03:00 level=INFO msg="DEBUG: Session isAuthenticated: <nil>"
time=2026-01-21T11:28:42.104+03:00 level=INFO msg="DEBUG: Session user: <nil>"
time=2026-01-21T11:28:42.104+03:00 level=INFO msg="DEBUG: Session user_id: <nil>"
time=2026-01-21T11:28:42.104+03:00 level=INFO msg="DEBUG: Session username: <nil>"
time=2026-01-21T11:28:42.104+03:00 level=INFO msg="No active session"
time=2026-01-21T11:28:42.104+03:00 level=INFO msg="No active session"
time=2026-01-21T11:28:42.104+03:00 level=INFO msg="Using template directory: D:\\Development\\ios\\ui\\html"
time=2026-01-21T11:28:42.105+03:00 level=INFO msg="Loading navigation template: D:\\Development\\ios\\ui\\html\\navigation.html"
time=2026-01-21T11:28:42.106+03:00 level=INFO msg="Loading template file: D:\\Development\\ios\\ui\\html\\login.html"
time=2026-01-21T11:28:42.106+03:00 level=INFO msg="DEBUG: Executing template with data type: *handlers.TemplateData"
time=2026-01-21T11:28:42.106+03:00 level=INFO msg="DEBUG: TemplateData.Optionz initialized: true, keys: 10"
time=2026-01-21T11:28:42.106+03:00 level=INFO msg="DEBUG: Optionz[mental] has 5 items"
time=2026-01-21T11:28:42.106+03:00 level=INFO msg="DEBUG: Optionz[ward] has 3 items"
time=2026-01-21T11:28:42.106+03:00 level=INFO msg="DEBUG: Optionz[result1] has 4 items"
time=2026-01-21T11:28:42.106+03:00 level=INFO msg="DEBUG: Optionz[result2] has 4 items"
time=2026-01-21T11:28:42.106+03:00 level=INFO msg="DEBUG: Optionz[yn_extra] has 4 items"
time=2026-01-21T11:28:42.106+03:00 level=INFO msg="DEBUG: Optionz[nationality] has 4 items"
time=2026-01-21T11:28:42.106+03:00 level=INFO msg="DEBUG: Optionz[preg] has 4 items"
time=2026-01-21T11:28:42.106+03:00 level=INFO msg="DEBUG: Optionz[yn] has 3 items"
time=2026-01-21T11:28:42.106+03:00 level=INFO msg="DEBUG: Optionz[sex] has 3 items"
time=2026-01-21T11:28:42.106+03:00 level=INFO msg="DEBUG: Optionz[marital] has 7 items"
time=2026-01-21T11:28:42.106+03:00 level=INFO msg="DEBUG: TemplateData.UserPermissions initialized: true, keys: 0"
time=2026-01-21T11:28:42.108+03:00 level=INFO msg="DEBUG: Incoming request session cookie: "
time=2026-01-21T11:28:42.108+03:00 level=INFO msg="DEBUG: Request path: /login"
time=2026-01-21T11:28:42.108+03:00 level=INFO msg="DEBUG: Session keys: []"
time=2026-01-21T11:28:42.108+03:00 level=INFO msg="DEBUG: Session isAuthenticated: <nil>"
time=2026-01-21T11:28:42.108+03:00 level=INFO msg="DEBUG: Session user: <nil>"
time=2026-01-21T11:28:42.108+03:00 level=INFO msg="DEBUG: Session user_id: <nil>"
time=2026-01-21T11:28:42.108+03:00 level=INFO msg="DEBUG: Session username: <nil>"
time=2026-01-21T11:28:42.108+03:00 level=INFO msg="No active session"
time=2026-01-21T11:28:42.108+03:00 level=INFO msg="No active session"
time=2026-01-21T11:28:42.109+03:00 level=INFO msg="Using template directory: D:\\Development\\ios\\ui\\html"
time=2026-01-21T11:28:42.109+03:00 level=INFO msg="Loading navigation template: D:\\Development\\ios\\ui\\html\\navigation.html"
time=2026-01-21T11:28:42.110+03:00 level=INFO msg="Loading template file: D:\\Development\\ios\\ui\\html\\login.html"
time=2026-01-21T11:28:42.110+03:00 level=INFO msg="DEBUG: Executing template with data type: *handlers.TemplateData"
time=2026-01-21T11:28:42.110+03:00 level=INFO msg="DEBUG: TemplateData.Optionz initialized: true, keys: 10"
time=2026-01-21T11:28:42.110+03:00 level=INFO msg="DEBUG: Optionz[sex] has 3 items"
time=2026-01-21T11:28:42.110+03:00 level=INFO msg="DEBUG: Optionz[marital] has 7 items"
time=2026-01-21T11:28:42.110+03:00 level=INFO msg="DEBUG: Optionz[nationality] has 4 items"
time=2026-01-21T11:28:42.110+03:00 level=INFO msg="DEBUG: Optionz[ward] has 3 items"
time=2026-01-21T11:28:42.110+03:00 level=INFO msg="DEBUG: Optionz[result1] has 4 items"
time=2026-01-21T11:28:42.110+03:00 level=INFO msg="DEBUG: Optionz[result2] has 4 items"
time=2026-01-21T11:28:42.110+03:00 level=INFO msg="DEBUG: Optionz[yn] has 3 items"
time=2026-01-21T11:28:42.110+03:00 level=INFO msg="DEBUG: Optionz[yn_extra] has 4 items"
time=2026-01-21T11:28:42.110+03:00 level=INFO msg="DEBUG: Optionz[mental] has 5 items"
time=2026-01-21T11:28:42.110+03:00 level=INFO msg="DEBUG: Optionz[preg] has 4 items"
time=2026-01-21T11:28:42.110+03:00 level=INFO msg="DEBUG: TemplateData.UserPermissions initialized: true, keys: 0"
time=2026-01-21T11:28:42.128+03:00 level=INFO msg="DEBUG: Incoming request session cookie: "
time=2026-01-21T11:28:42.128+03:00 level=INFO msg="DEBUG: Request path: /api/locations/districts"
time=2026-01-21T11:28:42.128+03:00 level=INFO msg="DEBUG: Session keys: []"
time=2026-01-21T11:28:42.128+03:00 level=INFO msg="DEBUG: Session isAuthenticated: <nil>"
time=2026-01-21T11:28:42.128+03:00 level=INFO msg="DEBUG: Session user: <nil>"
time=2026-01-21T11:28:42.128+03:00 level=INFO msg="DEBUG: Session user_id: <nil>"
time=2026-01-21T11:28:42.128+03:00 level=INFO msg="DEBUG: Session username: <nil>"
time=2026-01-21T11:28:42.174+03:00 level=INFO msg="DEBUG: Incoming request session cookie: "
time=2026-01-21T11:28:42.174+03:00 level=INFO msg="DEBUG: Request path: /favicon.ico"
time=2026-01-21T11:28:42.174+03:00 level=INFO msg="DEBUG: Session keys: []"
time=2026-01-21T11:28:42.174+03:00 level=INFO msg="DEBUG: Session isAuthenticated: <nil>"
time=2026-01-21T11:28:42.174+03:00 level=INFO msg="DEBUG: Session user: <nil>"
time=2026-01-21T11:28:42.174+03:00 level=INFO msg="DEBUG: Session user_id: <nil>"
time=2026-01-21T11:28:42.174+03:00 level=INFO msg="DEBUG: Session username: <nil>"
time=2026-01-21T11:28:42.174+03:00 level=INFO msg="DEBUG: AuthRequired checking path: /favicon.ico"
time=2026-01-21T11:28:42.174+03:00 level=INFO msg="DEBUG: Path /favicon.ico requires authentication"
time=2026-01-21T11:28:42.186+03:00 level=INFO msg="DEBUG: Incoming request session cookie: "
time=2026-01-21T11:28:42.186+03:00 level=INFO msg="DEBUG: Request path: /login"
time=2026-01-21T11:28:42.186+03:00 level=INFO msg="DEBUG: Session keys: []"
time=2026-01-21T11:28:42.186+03:00 level=INFO msg="DEBUG: Session isAuthenticated: <nil>"
time=2026-01-21T11:28:42.186+03:00 level=INFO msg="DEBUG: Session user: <nil>"
time=2026-01-21T11:28:42.186+03:00 level=INFO msg="DEBUG: Session user_id: <nil>"
time=2026-01-21T11:28:42.186+03:00 level=INFO msg="DEBUG: Session username: <nil>"
time=2026-01-21T11:28:42.186+03:00 level=INFO msg="No active session"
time=2026-01-21T11:28:42.186+03:00 level=INFO msg="No active session"
time=2026-01-21T11:28:42.186+03:00 level=INFO msg="Using template directory: D:\\Development\\ios\\ui\\html"
time=2026-01-21T11:28:42.187+03:00 level=INFO msg="Loading navigation template: D:\\Development\\ios\\ui\\html\\navigation.html"
time=2026-01-21T11:28:42.188+03:00 level=INFO msg="Loading template file: D:\\Development\\ios\\ui\\html\\login.html"
time=2026-01-21T11:28:42.188+03:00 level=INFO msg="DEBUG: Executing template with data type: *handlers.TemplateData"
time=2026-01-21T11:28:42.188+03:00 level=INFO msg="DEBUG: TemplateData.Optionz initialized: true, keys: 10"
time=2026-01-21T11:28:42.188+03:00 level=INFO msg="DEBUG: Optionz[nationality] has 4 items"
time=2026-01-21T11:28:42.188+03:00 level=INFO msg="DEBUG: Optionz[mental] has 5 items"
time=2026-01-21T11:28:42.188+03:00 level=INFO msg="DEBUG: Optionz[preg] has 4 items"
time=2026-01-21T11:28:42.188+03:00 level=INFO msg="DEBUG: Optionz[ward] has 3 items"
time=2026-01-21T11:28:42.188+03:00 level=INFO msg="DEBUG: Optionz[result1] has 4 items"
time=2026-01-21T11:28:42.188+03:00 level=INFO msg="DEBUG: Optionz[result2] has 4 items"
time=2026-01-21T11:28:42.188+03:00 level=INFO msg="DEBUG: Optionz[yn_extra] has 4 items"
time=2026-01-21T11:28:42.188+03:00 level=INFO msg="DEBUG: Optionz[sex] has 3 items"
time=2026-01-21T11:28:42.188+03:00 level=INFO msg="DEBUG: Optionz[yn] has 3 items"
time=2026-01-21T11:28:42.188+03:00 level=INFO msg="DEBUG: Optionz[marital] has 7 items"
time=2026-01-21T11:28:42.188+03:00 level=INFO msg="DEBUG: TemplateData.UserPermissions initialized: true, keys: 0"
time=2026-01-21T11:28:45.660+03:00 level=INFO msg="DEBUG: Incoming request session cookie: "
time=2026-01-21T11:28:45.661+03:00 level=INFO msg="DEBUG: Request path: /"
time=2026-01-21T11:28:45.662+03:00 level=INFO msg="DEBUG: Session keys: []"
time=2026-01-21T11:28:45.662+03:00 level=INFO msg="DEBUG: Session isAuthenticated: <nil>"
time=2026-01-21T11:28:45.662+03:00 level=INFO msg="DEBUG: Session user: <nil>"
time=2026-01-21T11:28:45.662+03:00 level=INFO msg="DEBUG: Session user_id: <nil>"
time=2026-01-21T11:28:45.662+03:00 level=INFO msg="DEBUG: Session username: <nil>"
time=2026-01-21T11:28:45.662+03:00 level=INFO msg="No active session"
time=2026-01-21T11:28:45.662+03:00 level=INFO msg="No active session"
time=2026-01-21T11:28:45.663+03:00 level=INFO msg="Using template directory: D:\\Development\\ios\\ui\\html"
time=2026-01-21T11:28:45.664+03:00 level=INFO msg="Loading navigation template: D:\\Development\\ios\\ui\\html\\navigation.html"
time=2026-01-21T11:28:45.664+03:00 level=INFO msg="Loading template file: D:\\Development\\ios\\ui\\html\\landing.html"
time=2026-01-21T11:28:45.665+03:00 level=INFO msg="DEBUG: Executing template with data type: *handlers.TemplateData"
time=2026-01-21T11:28:45.665+03:00 level=INFO msg="DEBUG: TemplateData.Optionz initialized: true, keys: 10"
time=2026-01-21T11:28:45.665+03:00 level=INFO msg="DEBUG: Optionz[yn] has 3 items"
time=2026-01-21T11:28:45.665+03:00 level=INFO msg="DEBUG: Optionz[nationality] has 4 items"
time=2026-01-21T11:28:45.665+03:00 level=INFO msg="DEBUG: Optionz[ward] has 3 items"
time=2026-01-21T11:28:45.665+03:00 level=INFO msg="DEBUG: Optionz[result2] has 4 items"
time=2026-01-21T11:28:45.665+03:00 level=INFO msg="DEBUG: Optionz[yn_extra] has 4 items"
time=2026-01-21T11:28:45.665+03:00 level=INFO msg="DEBUG: Optionz[sex] has 3 items"
time=2026-01-21T11:28:45.665+03:00 level=INFO msg="DEBUG: Optionz[marital] has 7 items"
time=2026-01-21T11:28:45.665+03:00 level=INFO msg="DEBUG: Optionz[mental] has 5 items"
time=2026-01-21T11:28:45.665+03:00 level=INFO msg="DEBUG: Optionz[preg] has 4 items"
time=2026-01-21T11:28:45.665+03:00 level=INFO msg="DEBUG: Optionz[result1] has 4 items"
time=2026-01-21T11:28:45.665+03:00 level=INFO msg="DEBUG: TemplateData.UserPermissions initialized: true, keys: 0"
time=2026-01-21T11:28:45.710+03:00 level=INFO msg="DEBUG: Incoming request session cookie: "
time=2026-01-21T11:28:45.710+03:00 level=INFO msg="DEBUG: Request path: /static/css/bootstrap.min.css"
time=2026-01-21T11:28:45.710+03:00 level=INFO msg="DEBUG: Session keys: []"
time=2026-01-21T11:28:45.710+03:00 level=INFO msg="DEBUG: Session isAuthenticated: <nil>"
time=2026-01-21T11:28:45.710+03:00 level=INFO msg="DEBUG: Session user: <nil>"
time=2026-01-21T11:28:45.710+03:00 level=INFO msg="DEBUG: Session user_id: <nil>"
time=2026-01-21T11:28:45.710+03:00 level=INFO msg="DEBUG: Session username: <nil>"
time=2026-01-21T11:28:45.710+03:00 level=INFO msg="DEBUG: AuthRequired checking path: /static/css/bootstrap.min.css"
time=2026-01-21T11:28:45.710+03:00 level=INFO msg="DEBUG: Path /static/css/bootstrap.min.css requires authentication"
time=2026-01-21T11:28:45.719+03:00 level=INFO msg="DEBUG: Incoming request session cookie: "
time=2026-01-21T11:28:45.719+03:00 level=INFO msg="DEBUG: Request path: /static/js/bootstrap-fallback.js"
time=2026-01-21T11:28:45.719+03:00 level=INFO msg="DEBUG: Session keys: []"
time=2026-01-21T11:28:45.719+03:00 level=INFO msg="DEBUG: Session isAuthenticated: <nil>"
time=2026-01-21T11:28:45.719+03:00 level=INFO msg="DEBUG: Session user: <nil>"
time=2026-01-21T11:28:45.719+03:00 level=INFO msg="DEBUG: Session user_id: <nil>"
time=2026-01-21T11:28:45.719+03:00 level=INFO msg="DEBUG: Session username: <nil>"
time=2026-01-21T11:28:45.719+03:00 level=INFO msg="DEBUG: AuthRequired checking path: /static/js/bootstrap-fallback.js"
time=2026-01-21T11:28:45.720+03:00 level=INFO msg="DEBUG: Path /static/js/bootstrap-fallback.js requires authentication"
time=2026-01-21T11:28:45.730+03:00 level=INFO msg="DEBUG: Incoming request session cookie: "
time=2026-01-21T11:28:45.730+03:00 level=INFO msg="DEBUG: Request path: /login"
time=2026-01-21T11:28:45.730+03:00 level=INFO msg="DEBUG: Session keys: []"
time=2026-01-21T11:28:45.730+03:00 level=INFO msg="DEBUG: Session isAuthenticated: <nil>"
time=2026-01-21T11:28:45.730+03:00 level=INFO msg="DEBUG: Session user: <nil>"
time=2026-01-21T11:28:45.730+03:00 level=INFO msg="DEBUG: Session user_id: <nil>"
time=2026-01-21T11:28:45.730+03:00 level=INFO msg="DEBUG: Session username: <nil>"
time=2026-01-21T11:28:45.730+03:00 level=INFO msg="No active session"
time=2026-01-21T11:28:45.730+03:00 level=INFO msg="No active session"
time=2026-01-21T11:28:45.730+03:00 level=INFO msg="Using template directory: D:\\Development\\ios\\ui\\html"
time=2026-01-21T11:28:45.731+03:00 level=INFO msg="Loading navigation template: D:\\Development\\ios\\ui\\html\\navigation.html"
time=2026-01-21T11:28:45.732+03:00 level=INFO msg="Loading template file: D:\\Development\\ios\\ui\\html\\login.html"
time=2026-01-21T11:28:45.732+03:00 level=INFO msg="DEBUG: Executing template with data type: *handlers.TemplateData"
time=2026-01-21T11:28:45.732+03:00 level=INFO msg="DEBUG: TemplateData.Optionz initialized: true, keys: 10"
time=2026-01-21T11:28:45.732+03:00 level=INFO msg="DEBUG: Optionz[yn] has 3 items"
time=2026-01-21T11:28:45.732+03:00 level=INFO msg="DEBUG: Optionz[yn_extra] has 4 items"
time=2026-01-21T11:28:45.732+03:00 level=INFO msg="DEBUG: Optionz[sex] has 3 items"
time=2026-01-21T11:28:45.732+03:00 level=INFO msg="DEBUG: Optionz[nationality] has 4 items"
time=2026-01-21T11:28:45.732+03:00 level=INFO msg="DEBUG: Optionz[preg] has 4 items"
time=2026-01-21T11:28:45.732+03:00 level=INFO msg="DEBUG: Optionz[ward] has 3 items"
time=2026-01-21T11:28:45.732+03:00 level=INFO msg="DEBUG: Optionz[marital] has 7 items"
time=2026-01-21T11:28:45.732+03:00 level=INFO msg="DEBUG: Optionz[mental] has 5 items"
time=2026-01-21T11:28:45.732+03:00 level=INFO msg="DEBUG: Optionz[result1] has 4 items"
time=2026-01-21T11:28:45.732+03:00 level=INFO msg="DEBUG: Optionz[result2] has 4 items"
time=2026-01-21T11:28:45.732+03:00 level=INFO msg="DEBUG: TemplateData.UserPermissions initialized: true, keys: 0"
time=2026-01-21T11:28:45.734+03:00 level=INFO msg="DEBUG: Incoming request session cookie: "
time=2026-01-21T11:28:45.734+03:00 level=INFO msg="DEBUG: Request path: /login"
time=2026-01-21T11:28:45.734+03:00 level=INFO msg="DEBUG: Session keys: []"
time=2026-01-21T11:28:45.734+03:00 level=INFO msg="DEBUG: Session isAuthenticated: <nil>"
time=2026-01-21T11:28:45.734+03:00 level=INFO msg="DEBUG: Session user: <nil>"
time=2026-01-21T11:28:45.734+03:00 level=INFO msg="DEBUG: Session user_id: <nil>"
time=2026-01-21T11:28:45.734+03:00 level=INFO msg="DEBUG: Session username: <nil>"
time=2026-01-21T11:28:45.734+03:00 level=INFO msg="No active session"
time=2026-01-21T11:28:45.734+03:00 level=INFO msg="No active session"
time=2026-01-21T11:28:45.734+03:00 level=INFO msg="Using template directory: D:\\Development\\ios\\ui\\html"
time=2026-01-21T11:28:45.735+03:00 level=INFO msg="Loading navigation template: D:\\Development\\ios\\ui\\html\\navigation.html"
time=2026-01-21T11:28:45.735+03:00 level=INFO msg="Loading template file: D:\\Development\\ios\\ui\\html\\login.html"
time=2026-01-21T11:28:45.735+03:00 level=INFO msg="DEBUG: Executing template with data type: *handlers.TemplateData"
time=2026-01-21T11:28:45.735+03:00 level=INFO msg="DEBUG: TemplateData.Optionz initialized: true, keys: 10"
time=2026-01-21T11:28:45.735+03:00 level=INFO msg="DEBUG: Optionz[ward] has 3 items"
time=2026-01-21T11:28:45.735+03:00 level=INFO msg="DEBUG: Optionz[result2] has 4 items"
time=2026-01-21T11:28:45.735+03:00 level=INFO msg="DEBUG: Optionz[yn] has 3 items"
time=2026-01-21T11:28:45.735+03:00 level=INFO msg="DEBUG: Optionz[sex] has 3 items"
time=2026-01-21T11:28:45.735+03:00 level=INFO msg="DEBUG: Optionz[marital] has 7 items"
time=2026-01-21T11:28:45.735+03:00 level=INFO msg="DEBUG: Optionz[nationality] has 4 items"
time=2026-01-21T11:28:45.735+03:00 level=INFO msg="DEBUG: Optionz[mental] has 5 items"
time=2026-01-21T11:28:45.735+03:00 level=INFO msg="DEBUG: Optionz[result1] has 4 items"
time=2026-01-21T11:28:45.735+03:00 level=INFO msg="DEBUG: Optionz[yn_extra] has 4 items"
time=2026-01-21T11:28:45.735+03:00 level=INFO msg="DEBUG: Optionz[preg] has 4 items"
time=2026-01-21T11:28:45.735+03:00 level=INFO msg="DEBUG: TemplateData.UserPermissions initialized: true, keys: 0"
time=2026-01-21T11:28:45.773+03:00 level=INFO msg="DEBUG: Incoming request session cookie: "
time=2026-01-21T11:28:45.773+03:00 level=INFO msg="DEBUG: Request path: /favicon.ico"
time=2026-01-21T11:28:45.773+03:00 level=INFO msg="DEBUG: Session keys: []"
time=2026-01-21T11:28:45.773+03:00 level=INFO msg="DEBUG: Session isAuthenticated: <nil>"
time=2026-01-21T11:28:45.773+03:00 level=INFO msg="DEBUG: Session user: <nil>"
time=2026-01-21T11:28:45.773+03:00 level=INFO msg="DEBUG: Session user_id: <nil>"
time=2026-01-21T11:28:45.773+03:00 level=INFO msg="DEBUG: Session username: <nil>"
time=2026-01-21T11:28:45.773+03:00 level=INFO msg="DEBUG: AuthRequired checking path: /favicon.ico"
time=2026-01-21T11:28:45.773+03:00 level=INFO msg="DEBUG: Path /favicon.ico requires authentication"
time=2026-01-21T11:28:45.795+03:00 level=INFO msg="DEBUG: Incoming request session cookie: "
time=2026-01-21T11:28:45.795+03:00 level=INFO msg="DEBUG: Request path: /login"
time=2026-01-21T11:28:45.795+03:00 level=INFO msg="DEBUG: Session keys: []"
time=2026-01-21T11:28:45.795+03:00 level=INFO msg="DEBUG: Session isAuthenticated: <nil>"
time=2026-01-21T11:28:45.795+03:00 level=INFO msg="DEBUG: Session user: <nil>"
time=2026-01-21T11:28:45.795+03:00 level=INFO msg="DEBUG: Session user_id: <nil>"
time=2026-01-21T11:28:45.795+03:00 level=INFO msg="DEBUG: Session username: <nil>"
time=2026-01-21T11:28:45.795+03:00 level=INFO msg="No active session"
time=2026-01-21T11:28:45.795+03:00 level=INFO msg="No active session"
time=2026-01-21T11:28:45.795+03:00 level=INFO msg="Using template directory: D:\\Development\\ios\\ui\\html"
time=2026-01-21T11:28:45.796+03:00 level=INFO msg="Loading navigation template: D:\\Development\\ios\\ui\\html\\navigation.html"
time=2026-01-21T11:28:45.796+03:00 level=INFO msg="Loading template file: D:\\Development\\ios\\ui\\html\\login.html"
time=2026-01-21T11:28:45.797+03:00 level=INFO msg="DEBUG: Executing template with data type: *handlers.TemplateData"
time=2026-01-21T11:28:45.797+03:00 level=INFO msg="DEBUG: TemplateData.Optionz initialized: true, keys: 10"
time=2026-01-21T11:28:45.797+03:00 level=INFO msg="DEBUG: Optionz[yn] has 3 items"
time=2026-01-21T11:28:45.797+03:00 level=INFO msg="DEBUG: Optionz[marital] has 7 items"
time=2026-01-21T11:28:45.797+03:00 level=INFO msg="DEBUG: Optionz[ward] has 3 items"
time=2026-01-21T11:28:45.797+03:00 level=INFO msg="DEBUG: Optionz[result1] has 4 items"
time=2026-01-21T11:28:45.797+03:00 level=INFO msg="DEBUG: Optionz[yn_extra] has 4 items"
time=2026-01-21T11:28:45.797+03:00 level=INFO msg="DEBUG: Optionz[sex] has 3 items"
time=2026-01-21T11:28:45.797+03:00 level=INFO msg="DEBUG: Optionz[nationality] has 4 items"
time=2026-01-21T11:28:45.797+03:00 level=INFO msg="DEBUG: Optionz[mental] has 5 items"
time=2026-01-21T11:28:45.797+03:00 level=INFO msg="DEBUG: Optionz[preg] has 4 items"
time=2026-01-21T11:28:45.797+03:00 level=INFO msg="DEBUG: Optionz[result2] has 4 items"
time=2026-01-21T11:28:45.797+03:00 level=INFO msg="DEBUG: TemplateData.UserPermissions initialized: true, keys: 0"
time=2026-01-21T11:28:47.745+03:00 level=INFO msg="DEBUG: Incoming request session cookie: "
time=2026-01-21T11:28:47.746+03:00 level=INFO msg="DEBUG: Request path: /login"
time=2026-01-21T11:28:47.746+03:00 level=INFO msg="DEBUG: Session keys: []"
time=2026-01-21T11:28:47.746+03:00 level=INFO msg="DEBUG: Session isAuthenticated: <nil>"
time=2026-01-21T11:28:47.746+03:00 level=INFO msg="DEBUG: Session user: <nil>"
time=2026-01-21T11:28:47.746+03:00 level=INFO msg="DEBUG: Session user_id: <nil>"
time=2026-01-21T11:28:47.746+03:00 level=INFO msg="DEBUG: Session username: <nil>"
time=2026-01-21T11:28:47.746+03:00 level=INFO msg="No active session"
time=2026-01-21T11:28:47.747+03:00 level=INFO msg="No active session"
time=2026-01-21T11:28:47.747+03:00 level=INFO msg="Using template directory: D:\\Development\\ios\\ui\\html"
time=2026-01-21T11:28:47.748+03:00 level=INFO msg="Loading navigation template: D:\\Development\\ios\\ui\\html\\navigation.html"
time=2026-01-21T11:28:47.749+03:00 level=INFO msg="Loading template file: D:\\Development\\ios\\ui\\html\\login.html"
time=2026-01-21T11:28:47.750+03:00 level=INFO msg="DEBUG: Executing template with data type: *handlers.TemplateData"
time=2026-01-21T11:28:47.750+03:00 level=INFO msg="DEBUG: TemplateData.Optionz initialized: true, keys: 10"
time=2026-01-21T11:28:47.750+03:00 level=INFO msg="DEBUG: Optionz[yn_extra] has 4 items"
time=2026-01-21T11:28:47.750+03:00 level=INFO msg="DEBUG: Optionz[sex] has 3 items"
time=2026-01-21T11:28:47.750+03:00 level=INFO msg="DEBUG: Optionz[marital] has 7 items"
time=2026-01-21T11:28:47.750+03:00 level=INFO msg="DEBUG: Optionz[result2] has 4 items"
time=2026-01-21T11:28:47.750+03:00 level=INFO msg="DEBUG: Optionz[nationality] has 4 items"
time=2026-01-21T11:28:47.750+03:00 level=INFO msg="DEBUG: Optionz[mental] has 5 items"
time=2026-01-21T11:28:47.750+03:00 level=INFO msg="DEBUG: Optionz[preg] has 4 items"
time=2026-01-21T11:28:47.750+03:00 level=INFO msg="DEBUG: Optionz[ward] has 3 items"
time=2026-01-21T11:28:47.750+03:00 level=INFO msg="DEBUG: Optionz[result1] has 4 items"
time=2026-01-21T11:28:47.750+03:00 level=INFO msg="DEBUG: Optionz[yn] has 3 items"
time=2026-01-21T11:28:47.750+03:00 level=INFO msg="DEBUG: TemplateData.UserPermissions initialized: true, keys: 0"
time=2026-01-21T11:28:47.839+03:00 level=INFO msg="DEBUG: Incoming request session cookie: "
time=2026-01-21T11:28:47.839+03:00 level=INFO msg="DEBUG: Request path: /favicon.ico"
time=2026-01-21T11:28:47.839+03:00 level=INFO msg="DEBUG: Session keys: []"
time=2026-01-21T11:28:47.839+03:00 level=INFO msg="DEBUG: Session isAuthenticated: <nil>"
time=2026-01-21T11:28:47.839+03:00 level=INFO msg="DEBUG: Session user: <nil>"
time=2026-01-21T11:28:47.839+03:00 level=INFO msg="DEBUG: Session user_id: <nil>"
time=2026-01-21T11:28:47.839+03:00 level=INFO msg="DEBUG: Session username: <nil>"
time=2026-01-21T11:28:47.839+03:00 level=INFO msg="DEBUG: AuthRequired checking path: /favicon.ico"
time=2026-01-21T11:28:47.839+03:00 level=INFO msg="DEBUG: Path /favicon.ico requires authentication"
time=2026-01-21T11:28:47.858+03:00 level=INFO msg="DEBUG: Incoming request session cookie: "
time=2026-01-21T11:28:47.858+03:00 level=INFO msg="DEBUG: Request path: /login"
time=2026-01-21T11:28:47.858+03:00 level=INFO msg="DEBUG: Session keys: []"
time=2026-01-21T11:28:47.858+03:00 level=INFO msg="DEBUG: Session isAuthenticated: <nil>"
time=2026-01-21T11:28:47.858+03:00 level=INFO msg="DEBUG: Session user: <nil>"
time=2026-01-21T11:28:47.858+03:00 level=INFO msg="DEBUG: Session user_id: <nil>"
time=2026-01-21T11:28:47.858+03:00 level=INFO msg="DEBUG: Session username: <nil>"
time=2026-01-21T11:28:47.858+03:00 level=INFO msg="No active session"
time=2026-01-21T11:28:47.858+03:00 level=INFO msg="No active session"
time=2026-01-21T11:28:47.858+03:00 level=INFO msg="Using template directory: D:\\Development\\ios\\ui\\html"
time=2026-01-21T11:28:47.859+03:00 level=INFO msg="Loading navigation template: D:\\Development\\ios\\ui\\html\\navigation.html"
time=2026-01-21T11:28:47.860+03:00 level=INFO msg="Loading template file: D:\\Development\\ios\\ui\\html\\login.html"
time=2026-01-21T11:28:47.861+03:00 level=INFO msg="DEBUG: Executing template with data type: *handlers.TemplateData"
time=2026-01-21T11:28:47.861+03:00 level=INFO msg="DEBUG: TemplateData.Optionz initialized: true, keys: 10"
time=2026-01-21T11:28:47.861+03:00 level=INFO msg="DEBUG: Optionz[yn] has 3 items"
time=2026-01-21T11:28:47.861+03:00 level=INFO msg="DEBUG: Optionz[yn_extra] has 4 items"
time=2026-01-21T11:28:47.861+03:00 level=INFO msg="DEBUG: Optionz[sex] has 3 items"
time=2026-01-21T11:28:47.861+03:00 level=INFO msg="DEBUG: Optionz[nationality] has 4 items"
time=2026-01-21T11:28:47.861+03:00 level=INFO msg="DEBUG: Optionz[preg] has 4 items"
time=2026-01-21T11:28:47.861+03:00 level=INFO msg="DEBUG: Optionz[result1] has 4 items"
time=2026-01-21T11:28:47.861+03:00 level=INFO msg="DEBUG: Optionz[marital] has 7 items"
time=2026-01-21T11:28:47.861+03:00 level=INFO msg="DEBUG: Optionz[mental] has 5 items"
time=2026-01-21T11:28:47.861+03:00 level=INFO msg="DEBUG: Optionz[ward] has 3 items"
time=2026-01-21T11:28:47.861+03:00 level=INFO msg="DEBUG: Optionz[result2] has 4 items"
time=2026-01-21T11:28:47.861+03:00 level=INFO msg="DEBUG: TemplateData.UserPermissions initialized: true, keys: 0"
time=2026-01-21T11:29:06.041+03:00 level=INFO msg="DEBUG: Incoming request session cookie: "
time=2026-01-21T11:29:06.041+03:00 level=INFO msg="DEBUG: Request path: /login"
time=2026-01-21T11:29:06.041+03:00 level=INFO msg="DEBUG: Session keys: []"
time=2026-01-21T11:29:06.041+03:00 level=INFO msg="DEBUG: Session isAuthenticated: <nil>"
time=2026-01-21T11:29:06.041+03:00 level=INFO msg="DEBUG: Session user: <nil>"
time=2026-01-21T11:29:06.041+03:00 level=INFO msg="DEBUG: Session user_id: <nil>"
time=2026-01-21T11:29:06.041+03:00 level=INFO msg="DEBUG: Session username: <nil>"
time=2026-01-21T11:29:06.078+03:00 level=INFO msg="Setting session variables" user_id=1 username=paul.mbaka@gmail.com session_keys="[user user_id userID username isAuthenticated]"
time=2026-01-21T11:29:06.100+03:00 level=INFO msg="User has multiple outbreaks or no outbreaks - outbreak selection required" user_id=1
time=2026-01-21T11:29:06.105+03:00 level=ERROR msg="Failed to get user facility for session" error="pq: relation \"employees\" does not exist" user_id=1
time=2026-01-21T11:29:06.105+03:00 level=INFO msg="Session saved successfully for user" user_id=1
time=2026-01-21T11:29:06.105+03:00 level=INFO msg="Session cookie after login" cookie=""
time=2026-01-21T11:29:06.148+03:00 level=INFO msg="Redirecting admin user to home" user_id=1 role=super_admin
time=2026-01-21T11:29:06.162+03:00 level=INFO msg="DEBUG: Incoming request session cookie: 37dcc811-87bd-4cc2-8ce4-40dcbe76f135"
time=2026-01-21T11:29:06.162+03:00 level=INFO msg="DEBUG: Request path: /home"
time=2026-01-21T11:29:06.162+03:00 level=INFO msg="DEBUG: Session keys: [user user_id userID username isAuthenticated authenticated]"
time=2026-01-21T11:29:06.163+03:00 level=INFO msg="DEBUG: Session isAuthenticated: true"
time=2026-01-21T11:29:06.163+03:00 level=INFO msg="DEBUG: Session user: 1"
time=2026-01-21T11:29:06.163+03:00 level=INFO msg="DEBUG: Session user_id: 1"
time=2026-01-21T11:29:06.163+03:00 level=INFO msg="DEBUG: Session username: paul.mbaka@gmail.com"
time=2026-01-21T11:29:06.163+03:00 level=INFO msg="DEBUG: AuthRequired checking path: /home"
time=2026-01-21T11:29:06.163+03:00 level=INFO msg="DEBUG: Path /home requires authentication"
time=2026-01-21T11:29:06.163+03:00 level=INFO msg="Session debug" user_key_value=1 user_key_type=int
time=2026-01-21T11:29:06.213+03:00 level=INFO msg="Using template directory: D:\\Development\\ios\\ui\\html"
time=2026-01-21T11:29:06.214+03:00 level=INFO msg="Loading navigation template: D:\\Development\\ios\\ui\\html\\navigation.html"
time=2026-01-21T11:29:06.214+03:00 level=INFO msg="Loading template file: D:\\Development\\ios\\ui\\html\\home.html"
time=2026-01-21T11:29:06.215+03:00 level=INFO msg="DEBUG: Executing template with data type: *handlers.TemplateData"
time=2026-01-21T11:29:06.215+03:00 level=INFO msg="DEBUG: TemplateData.Optionz initialized: true, keys: 11"
time=2026-01-21T11:29:06.215+03:00 level=INFO msg="DEBUG: Optionz[mental] has 5 items"
time=2026-01-21T11:29:06.215+03:00 level=INFO msg="DEBUG: Optionz[result2] has 4 items"
time=2026-01-21T11:29:06.215+03:00 level=INFO msg="DEBUG: Optionz[has_case_role] has 1 items"
time=2026-01-21T11:29:06.215+03:00 level=INFO msg="DEBUG: Optionz[yn] has 3 items"
time=2026-01-21T11:29:06.215+03:00 level=INFO msg="DEBUG: Optionz[nationality] has 4 items"
time=2026-01-21T11:29:06.215+03:00 level=INFO msg="DEBUG: Optionz[preg] has 4 items"
time=2026-01-21T11:29:06.215+03:00 level=INFO msg="DEBUG: Optionz[ward] has 3 items"
time=2026-01-21T11:29:06.215+03:00 level=INFO msg="DEBUG: Optionz[result1] has 4 items"
time=2026-01-21T11:29:06.215+03:00 level=INFO msg="DEBUG: Optionz[yn_extra] has 4 items"
time=2026-01-21T11:29:06.215+03:00 level=INFO msg="DEBUG: Optionz[sex] has 3 items"
time=2026-01-21T11:29:06.215+03:00 level=INFO msg="DEBUG: Optionz[marital] has 7 items"
time=2026-01-21T11:29:06.215+03:00 level=INFO msg="DEBUG: TemplateData.UserPermissions initialized: true, keys: 47"
time=2026-01-21T11:29:06.215+03:00 level=INFO msg="DEBUG: UserPermissions[vhf_lab] has actions: [create read update]"
time=2026-01-21T11:29:06.215+03:00 level=INFO msg="DEBUG: UserPermissions[demographic_reports] has actions: [read]"
time=2026-01-21T11:29:06.215+03:00 level=INFO msg="DEBUG: UserPermissions[mpox_followup] has actions: [manage]"
time=2026-01-21T11:29:06.216+03:00 level=INFO msg="DEBUG: UserPermissions[vhf_cases] has actions: [read]"
time=2026-01-21T11:29:06.216+03:00 level=INFO msg="DEBUG: UserPermissions[advanced_reports] has actions: [create]"
time=2026-01-21T11:29:06.216+03:00 level=INFO msg="DEBUG: UserPermissions[analytics_dashboards] has actions: [manage]"
time=2026-01-21T11:29:06.216+03:00 level=INFO msg="DEBUG: UserPermissions[case_management_data] has actions: [export]"
time=2026-01-21T11:29:06.216+03:00 level=INFO msg="DEBUG: UserPermissions[district_vhf_cif_data] has actions: [export]"
time=2026-01-21T11:29:06.216+03:00 level=INFO msg="DEBUG: UserPermissions[laboratory] has actions: [create delete read update]"
time=2026-01-21T11:29:06.216+03:00 level=INFO msg="DEBUG: UserPermissions[patient_care] has actions: [create delete read update]"
time=2026-01-21T11:29:06.216+03:00 level=INFO msg="DEBUG: UserPermissions[setting] has actions: [create read]"
time=2026-01-21T11:29:06.216+03:00 level=INFO msg="DEBUG: UserPermissions[vhf_patients] has actions: [create delete export read update]"
time=2026-01-21T11:29:06.216+03:00 level=INFO msg="DEBUG: UserPermissions[admin] has actions: [create delete read update]"
time=2026-01-21T11:29:06.216+03:00 level=INFO msg="DEBUG: UserPermissions[analytics] has actions: [create export read]"
time=2026-01-21T11:29:06.216+03:00 level=INFO msg="DEBUG: UserPermissions[contacts] has actions: [create read update]"
time=2026-01-21T11:29:06.216+03:00 level=INFO msg="DEBUG: UserPermissions[mpox_cif_reports] has actions: [read]"
time=2026-01-21T11:29:06.216+03:00 level=INFO msg="DEBUG: UserPermissions[password] has actions: [approve change_own reset_others]"
time=2026-01-21T11:29:06.216+03:00 level=INFO msg="DEBUG: UserPermissions[advanced_analytics] has actions: [export read]"
time=2026-01-21T11:29:06.216+03:00 level=INFO msg="DEBUG: UserPermissions[cases] has actions: [create delete read update]"
time=2026-01-21T11:29:06.216+03:00 level=INFO msg="DEBUG: UserPermissions[cif] has actions: [read]"
time=2026-01-21T11:29:06.216+03:00 level=INFO msg="DEBUG: UserPermissions[outbreak_assignment] has actions: [create delete read update]"
time=2026-01-21T11:29:06.216+03:00 level=INFO msg="DEBUG: UserPermissions[patient_registration] has actions: [create delete read update]"
time=2026-01-21T11:29:06.216+03:00 level=INFO msg="DEBUG: UserPermissions[patients] has actions: [read]"
time=2026-01-21T11:29:06.216+03:00 level=INFO msg="DEBUG: UserPermissions[polio_cif_reports] has actions: [read]"
time=2026-01-21T11:29:06.216+03:00 level=INFO msg="DEBUG: UserPermissions[case_management_reports] has actions: [read]"
time=2026-01-21T11:29:06.216+03:00 level=INFO msg="DEBUG: UserPermissions[demographic_data] has actions: [export]"
time=2026-01-21T11:29:06.216+03:00 level=INFO msg="DEBUG: UserPermissions[district_vhf_cif_reports] has actions: [read]"
time=2026-01-21T11:29:06.216+03:00 level=INFO msg="DEBUG: UserPermissions[mpox_cases] has actions: [create read update]"
time=2026-01-21T11:29:06.216+03:00 level=INFO msg="DEBUG: UserPermissions[quaratine] has actions: [read]"
time=2026-01-21T11:29:06.216+03:00 level=INFO msg="DEBUG: UserPermissions[geographic_reports] has actions: [read]"
time=2026-01-21T11:29:06.216+03:00 level=INFO msg="DEBUG: UserPermissions[patient_discharge] has actions: [create delete read update]"
time=2026-01-21T11:29:06.216+03:00 level=INFO msg="DEBUG: UserPermissions[surveillance] has actions: [create delete read update]"
time=2026-01-21T11:29:06.216+03:00 level=INFO msg="DEBUG: UserPermissions[case_encounters] has actions: [create read update]"
time=2026-01-21T11:29:06.216+03:00 level=INFO msg="DEBUG: UserPermissions[deployment] has actions: [create read]"
time=2026-01-21T11:29:06.216+03:00 level=INFO msg="DEBUG: UserPermissions[facilities] has actions: [create delete read update]"
time=2026-01-21T11:29:06.216+03:00 level=INFO msg="DEBUG: UserPermissions[measles_cif_reports] has actions: [read]"
time=2026-01-21T11:29:06.216+03:00 level=INFO msg="DEBUG: UserPermissions[mpox_outbreak] has actions: [read]"
time=2026-01-21T11:29:06.216+03:00 level=INFO msg="DEBUG: UserPermissions[outbreak_assignments] has actions: [create]"
time=2026-01-21T11:29:06.216+03:00 level=INFO msg="DEBUG: UserPermissions[patient_admission] has actions: [create delete read update]"
time=2026-01-21T11:29:06.216+03:00 level=INFO msg="DEBUG: UserPermissions[reports] has actions: [create export manage read]"
time=2026-01-21T11:29:06.216+03:00 level=INFO msg="DEBUG: UserPermissions[alerts] has actions: [create delete read update]"
time=2026-01-21T11:29:06.216+03:00 level=INFO msg="DEBUG: UserPermissions[employees] has actions: [assign create delete read update]"
time=2026-01-21T11:29:06.216+03:00 level=INFO msg="DEBUG: UserPermissions[geographic_data] has actions: [export]"
time=2026-01-21T11:29:06.216+03:00 level=INFO msg="DEBUG: UserPermissions[outbreaks] has actions: [close create delete manage_assigned read read_assigned update]"
time=2026-01-21T11:29:06.216+03:00 level=INFO msg="DEBUG: UserPermissions[treatment] has actions: [read]"
time=2026-01-21T11:29:06.216+03:00 level=INFO msg="DEBUG: UserPermissions[users] has actions: [create delete read update]"
time=2026-01-21T11:29:06.216+03:00 level=INFO msg="DEBUG: UserPermissions[vhf_cif_reports] has actions: [read]"
time=2026-01-21T11:29:06.308+03:00 level=INFO msg="DEBUG: Incoming request session cookie: 37dcc811-87bd-4cc2-8ce4-40dcbe76f135"
time=2026-01-21T11:29:06.308+03:00 level=INFO msg="DEBUG: Request path: /static/app/cdn/css/flatpickr.min.css"
time=2026-01-21T11:29:06.308+03:00 level=INFO msg="DEBUG: Session keys: [authenticated user user_id userID username isAuthenticated]"
time=2026-01-21T11:29:06.308+03:00 level=INFO msg="DEBUG: Session isAuthenticated: true"
time=2026-01-21T11:29:06.308+03:00 level=INFO msg="DEBUG: Session user: 1"
time=2026-01-21T11:29:06.308+03:00 level=INFO msg="DEBUG: Session user_id: 1"
time=2026-01-21T11:29:06.308+03:00 level=INFO msg="DEBUG: Session username: paul.mbaka@gmail.com"
time=2026-01-21T11:29:06.308+03:00 level=INFO msg="DEBUG: AuthRequired checking path: /static/app/cdn/css/flatpickr.min.css"
time=2026-01-21T11:29:06.308+03:00 level=INFO msg="DEBUG: Path /static/app/cdn/css/flatpickr.min.css requires authentication"
time=2026-01-21T11:29:06.313+03:00 level=INFO msg="DEBUG: Incoming request session cookie: 37dcc811-87bd-4cc2-8ce4-40dcbe76f135"
time=2026-01-21T11:29:06.313+03:00 level=INFO msg="DEBUG: Request path: /static/app/cdn/js/flatpickr.min.js"
time=2026-01-21T11:29:06.313+03:00 level=INFO msg="DEBUG: Session keys: [user_id userID username isAuthenticated authenticated user]"
time=2026-01-21T11:29:06.313+03:00 level=INFO msg="DEBUG: Session isAuthenticated: true"
time=2026-01-21T11:29:06.313+03:00 level=INFO msg="DEBUG: Session user: 1"
time=2026-01-21T11:29:06.313+03:00 level=INFO msg="DEBUG: Session user_id: 1"
time=2026-01-21T11:29:06.313+03:00 level=INFO msg="DEBUG: Session username: paul.mbaka@gmail.com"
time=2026-01-21T11:29:06.313+03:00 level=INFO msg="DEBUG: AuthRequired checking path: /static/app/cdn/js/flatpickr.min.js"
time=2026-01-21T11:29:06.313+03:00 level=INFO msg="DEBUG: Path /static/app/cdn/js/flatpickr.min.js requires authentication"
time=2026-01-21T11:29:06.390+03:00 level=INFO msg="DEBUG: Incoming request session cookie: 37dcc811-87bd-4cc2-8ce4-40dcbe76f135"
time=2026-01-21T11:29:06.390+03:00 level=INFO msg="DEBUG: Request path: /favicon.ico"
time=2026-01-21T11:29:06.390+03:00 level=INFO msg="DEBUG: Session keys: [authenticated user user_id userID username isAuthenticated]"
time=2026-01-21T11:29:06.390+03:00 level=INFO msg="DEBUG: Session isAuthenticated: true"
time=2026-01-21T11:29:06.390+03:00 level=INFO msg="DEBUG: Session user: 1"
time=2026-01-21T11:29:06.390+03:00 level=INFO msg="DEBUG: Session user_id: 1"
time=2026-01-21T11:29:06.390+03:00 level=INFO msg="DEBUG: Session username: paul.mbaka@gmail.com"
time=2026-01-21T11:29:06.391+03:00 level=INFO msg="DEBUG: AuthRequired checking path: /favicon.ico"
time=2026-01-21T11:29:06.391+03:00 level=INFO msg="DEBUG: Path /favicon.ico requires authentication"
time=2026-01-21T11:29:16.139+03:00 level=INFO msg="DEBUG: Incoming request session cookie: 37dcc811-87bd-4cc2-8ce4-40dcbe76f135"
time=2026-01-21T11:29:16.140+03:00 level=INFO msg="DEBUG: Request path: /outbreaks"
time=2026-01-21T11:29:16.140+03:00 level=INFO msg="DEBUG: Session keys: [isAuthenticated authenticated user user_id userID username]"
time=2026-01-21T11:29:16.140+03:00 level=INFO msg="DEBUG: Session isAuthenticated: true"
time=2026-01-21T11:29:16.140+03:00 level=INFO msg="DEBUG: Session user: 1"
time=2026-01-21T11:29:16.140+03:00 level=INFO msg="DEBUG: Session user_id: 1"
time=2026-01-21T11:29:16.140+03:00 level=INFO msg="DEBUG: Session username: paul.mbaka@gmail.com"
time=2026-01-21T11:29:16.140+03:00 level=INFO msg="DEBUG: AuthRequired checking path: /outbreaks"
time=2026-01-21T11:29:16.140+03:00 level=INFO msg="DEBUG: Path /outbreaks requires authentication"
time=2026-01-21T11:29:16.186+03:00 level=INFO msg="Template data debug" optionz_initialized=true optionz_keys=2 has_case_role_value=true
time=2026-01-21T11:29:16.186+03:00 level=INFO msg="Using template directory: D:\\Development\\ios\\ui\\html"
time=2026-01-21T11:29:16.187+03:00 level=INFO msg="Loading navigation template: D:\\Development\\ios\\ui\\html\\navigation.html"
time=2026-01-21T11:29:16.188+03:00 level=INFO msg="Loading template file: D:\\Development\\ios\\ui\\html\\outbreaks.html"
time=2026-01-21T11:29:16.189+03:00 level=INFO msg="DEBUG: Executing template with data type: *handlers.TemplateData"
time=2026-01-21T11:29:16.189+03:00 level=INFO msg="DEBUG: TemplateData.Optionz initialized: true, keys: 2"
time=2026-01-21T11:29:16.189+03:00 level=INFO msg="DEBUG: Optionz[can_manage_outbreak] has 3 items"
time=2026-01-21T11:29:16.189+03:00 level=INFO msg="DEBUG: Optionz[has_case_role] has 1 items"
time=2026-01-21T11:29:16.189+03:00 level=INFO msg="DEBUG: TemplateData.UserPermissions initialized: true, keys: 0"
time=2026-01-21T11:29:16.247+03:00 level=INFO msg="DEBUG: Incoming request session cookie: 37dcc811-87bd-4cc2-8ce4-40dcbe76f135"
time=2026-01-21T11:29:16.247+03:00 level=INFO msg="DEBUG: Request path: /static/app/cdn/css/flatpickr.min.css"
time=2026-01-21T11:29:16.247+03:00 level=INFO msg="DEBUG: Session keys: [user user_id userID username isAuthenticated authenticated]"
time=2026-01-21T11:29:16.247+03:00 level=INFO msg="DEBUG: Session isAuthenticated: true"
time=2026-01-21T11:29:16.247+03:00 level=INFO msg="DEBUG: Session user: 1"
time=2026-01-21T11:29:16.247+03:00 level=INFO msg="DEBUG: Session user_id: 1"
time=2026-01-21T11:29:16.247+03:00 level=INFO msg="DEBUG: Session username: paul.mbaka@gmail.com"
time=2026-01-21T11:29:16.248+03:00 level=INFO msg="DEBUG: AuthRequired checking path: /static/app/cdn/css/flatpickr.min.css"
time=2026-01-21T11:29:16.248+03:00 level=INFO msg="DEBUG: Path /static/app/cdn/css/flatpickr.min.css requires authentication"
time=2026-01-21T11:29:16.264+03:00 level=INFO msg="DEBUG: Incoming request session cookie: 37dcc811-87bd-4cc2-8ce4-40dcbe76f135"
time=2026-01-21T11:29:16.265+03:00 level=INFO msg="DEBUG: Request path: /static/app/cdn/js/flatpickr.min.js"
time=2026-01-21T11:29:16.265+03:00 level=INFO msg="DEBUG: Session keys: [user user_id userID username isAuthenticated authenticated]"
time=2026-01-21T11:29:16.265+03:00 level=INFO msg="DEBUG: Session isAuthenticated: true"
time=2026-01-21T11:29:16.265+03:00 level=INFO msg="DEBUG: Session user: 1"
time=2026-01-21T11:29:16.265+03:00 level=INFO msg="DEBUG: Session user_id: 1"
time=2026-01-21T11:29:16.265+03:00 level=INFO msg="DEBUG: Session username: paul.mbaka@gmail.com"
time=2026-01-21T11:29:16.266+03:00 level=INFO msg="DEBUG: AuthRequired checking path: /static/app/cdn/js/flatpickr.min.js"
time=2026-01-21T11:29:16.266+03:00 level=INFO msg="DEBUG: Path /static/app/cdn/js/flatpickr.min.js requires authentication"
time=2026-01-21T11:29:18.041+03:00 level=INFO msg="DEBUG: Incoming request session cookie: 37dcc811-87bd-4cc2-8ce4-40dcbe76f135"
time=2026-01-21T11:29:18.042+03:00 level=INFO msg="DEBUG: Request path: /outbreaks/select/6"
time=2026-01-21T11:29:18.042+03:00 level=INFO msg="DEBUG: Session keys: [authenticated user user_id userID username isAuthenticated]"
time=2026-01-21T11:29:18.042+03:00 level=INFO msg="DEBUG: Session isAuthenticated: true"
time=2026-01-21T11:29:18.042+03:00 level=INFO msg="DEBUG: Session user: 1"
time=2026-01-21T11:29:18.042+03:00 level=INFO msg="DEBUG: Session user_id: 1"
time=2026-01-21T11:29:18.042+03:00 level=INFO msg="DEBUG: Session username: paul.mbaka@gmail.com"
time=2026-01-21T11:29:18.042+03:00 level=INFO msg="DEBUG: AuthRequired checking path: /outbreaks/select/6"
time=2026-01-21T11:29:18.042+03:00 level=INFO msg="DEBUG: Path /outbreaks/select/6 requires authentication"
time=2026-01-21T11:29:18.076+03:00 level=INFO msg="DEBUG: Incoming request session cookie: 37dcc811-87bd-4cc2-8ce4-40dcbe76f135"
time=2026-01-21T11:29:18.076+03:00 level=INFO msg="DEBUG: Request path: /cases"
time=2026-01-21T11:29:18.076+03:00 level=INFO msg="DEBUG: Session keys: [isAuthenticated selected_outbreak outbreak_id authenticated user user_id userID username]"
time=2026-01-21T11:29:18.076+03:00 level=INFO msg="DEBUG: Session isAuthenticated: true"
time=2026-01-21T11:29:18.076+03:00 level=INFO msg="DEBUG: Session user: 1"
time=2026-01-21T11:29:18.076+03:00 level=INFO msg="DEBUG: Session user_id: 1"
time=2026-01-21T11:29:18.076+03:00 level=INFO msg="DEBUG: Session username: paul.mbaka@gmail.com"
time=2026-01-21T11:29:18.076+03:00 level=INFO msg="DEBUG: AuthRequired checking path: /cases"
time=2026-01-21T11:29:18.076+03:00 level=INFO msg="DEBUG: Path /cases requires authentication"
time=2026-01-21T11:29:18.084+03:00 level=INFO msg="Session debug" user_key_value=1 user_key_type=int
time=2026-01-21T11:29:18.086+03:00 level=INFO msg="Loading cases for outbreak" user_id=1 outbreak_id=6
time=2026-01-21T11:29:18.088+03:00 level=INFO msg="Admin user - bypassing facility filter" user_id=1
time=2026-01-21T11:29:18.088+03:00 level=INFO msg="SELECT \n\t\tid, uuid, firstname, lastname, othername, gender, date_of_birth, age, marital, nin, nationality, adm_date, adm_from, lab_no, cif_no, etu_no, case_no, occupation, occupation_aza, date_symptom_onset, date_isolation, pregnant, adm_ward, tb, asplenia, hep, diabetes, hiv, liver, malignancy, heart, pulmonary, kidney, neurologic, other, status, enter_on, enter_by, edit_on, edit_by, transfer, site \n\tFROM public.clients WHERE outbreak_id = 6"
time=2026-01-21T11:29:18.094+03:00 level=INFO msg="Using template directory: D:\\Development\\ios\\ui\\html"
time=2026-01-21T11:29:18.094+03:00 level=INFO msg="Loading navigation template: D:\\Development\\ios\\ui\\html\\navigation.html"
time=2026-01-21T11:29:18.095+03:00 level=INFO msg="Loading template file: D:\\Development\\ios\\ui\\html\\list_patients.html"
time=2026-01-21T11:29:18.096+03:00 level=INFO msg="DEBUG: Executing template with data type: *handlers.TemplateData"
time=2026-01-21T11:29:18.096+03:00 level=INFO msg="DEBUG: TemplateData.Optionz initialized: true, keys: 10"
time=2026-01-21T11:29:18.096+03:00 level=INFO msg="DEBUG: Optionz[yn] has 3 items"
time=2026-01-21T11:29:18.096+03:00 level=INFO msg="DEBUG: Optionz[marital] has 7 items"
time=2026-01-21T11:29:18.096+03:00 level=INFO msg="DEBUG: Optionz[nationality] has 4 items"
time=2026-01-21T11:29:18.096+03:00 level=INFO msg="DEBUG: Optionz[mental] has 5 items"
time=2026-01-21T11:29:18.096+03:00 level=INFO msg="DEBUG: Optionz[preg] has 4 items"
time=2026-01-21T11:29:18.096+03:00 level=INFO msg="DEBUG: Optionz[ward] has 3 items"
time=2026-01-21T11:29:18.096+03:00 level=INFO msg="DEBUG: Optionz[result1] has 4 items"
time=2026-01-21T11:29:18.096+03:00 level=INFO msg="DEBUG: Optionz[result2] has 4 items"
time=2026-01-21T11:29:18.096+03:00 level=INFO msg="DEBUG: Optionz[yn_extra] has 4 items"
time=2026-01-21T11:29:18.096+03:00 level=INFO msg="DEBUG: Optionz[sex] has 3 items"
time=2026-01-21T11:29:18.096+03:00 level=INFO msg="DEBUG: TemplateData.UserPermissions initialized: true, keys: 0"
time=2026-01-21T11:29:20.495+03:00 level=INFO msg="DEBUG: Incoming request session cookie: 37dcc811-87bd-4cc2-8ce4-40dcbe76f135"
time=2026-01-21T11:29:20.495+03:00 level=INFO msg="DEBUG: Request path: /cases/profile/52"
time=2026-01-21T11:29:20.497+03:00 level=INFO msg="DEBUG: Session keys: [username isAuthenticated selected_outbreak outbreak_id authenticated user user_id userID]"
time=2026-01-21T11:29:20.497+03:00 level=INFO msg="DEBUG: Session isAuthenticated: true"
time=2026-01-21T11:29:20.497+03:00 level=INFO msg="DEBUG: Session user: 1"
time=2026-01-21T11:29:20.497+03:00 level=INFO msg="DEBUG: Session user_id: 1"
time=2026-01-21T11:29:20.497+03:00 level=INFO msg="DEBUG: Session username: paul.mbaka@gmail.com"
time=2026-01-21T11:29:20.498+03:00 level=INFO msg="DEBUG: AuthRequired checking path: /cases/profile/52"
time=2026-01-21T11:29:20.498+03:00 level=INFO msg="DEBUG: Path /cases/profile/52 requires authentication"
time=2026-01-21T11:29:20.506+03:00 level=INFO msg="INFO: Starting Patient Profile"
time=2026-01-21T11:29:20.507+03:00 level=INFO msg="Session debug" user_key_value=1 user_key_type=int
time=2026-01-21T11:29:20.510+03:00 level=INFO msg="SELECT id, uuid, firstname, lastname, othername, gender, date_of_birth, age, marital, nin, nationality, adm_date, adm_from, lab_no, cif_no, etu_no, case_no, occupation, occupation_aza, date_symptom_onset, date_isolation, pregnant, adm_ward, tb, asplenia, hep, diabetes, hiv, liver, malignancy, heart, pulmonary, kidney, neurologic, other, status, enter_on, enter_by, edit_on, edit_by, transfer, site, outbreak_id, hbc_phone, hbc_followup FROM public.clients WHERE id = $1%!(EXTRA int=52)"
time=2026-01-21T11:29:20.515+03:00 level=INFO msg="Patient found" client_id=52 patient_id=52
time=2026-01-21T11:29:20.518+03:00 level=INFO msg="SELECT id, name, description, start_date, end_date, status, outbreak_type, outbreak_category, enter_on, enter_by, edit_on, edit_by FROM public.outbreaks WHERE id = $1%!(EXTRA int=6)"
time=2026-01-21T11:29:20.520+03:00 level=INFO msg=" SELECT DISTINCT \n\t\t\t\t\temployee_fname, employee_lname, encounter_date, client_id, clinical_team\n\t\t\t\tFROM encounter \n\t\t\t\tLEFT JOIN employee ON employee.employee_id = encounter.managed_by \n\t\t\t\tWHERE (encounter.outbreak_id = $1 OR encounter.outbreak_id IS NULL) AND client_id=52"
time=2026-01-21T11:29:20.529+03:00 level=INFO msg=" SELECT \n\t\t\t\t\tstatus_id, client_id, status_date, status, status_notes, updated_by, updated_on\n\t\t\t\tFROM status  WHERE client_id=52"
time=2026-01-21T11:29:20.533+03:00 level=INFO msg="SELECT id, client_id, call_session_id, platform, phone_number, patient_condition, pain_level, new_lesions, comorbidities, lesions_dry, exposure_alert, created_at FROM public.mpox_assessments WHERE client_id = $1 ORDER BY created_at DESC%!(EXTRA int=52)"
time=2026-01-21T11:29:20.533+03:00 level=INFO msg="ERROR: Failed to get Mpox assessments - pq: relation \"public.mpox_assessments\" does not exist"
time=2026-01-21T11:29:20.542+03:00 level=INFO msg="Found admission record" client_id=52 admission_id=1
time=2026-01-21T11:29:20.543+03:00 level=INFO msg="Loaded admission demographics" admission_id=1
time=2026-01-21T11:29:20.551+03:00 level=INFO msg="Admission data prepared" has_admission=true has_demo=true
time=2026-01-21T11:29:20.551+03:00 level=INFO msg="Admission data status" has_demo=true has_exposure=false has_vitals=false admission_id=1
time=2026-01-21T11:29:20.551+03:00 level=INFO msg="INFO: Load Patient Profile"
time=2026-01-21T11:29:20.551+03:00 level=INFO msg="Using template directory: D:\\Development\\ios\\ui\\html"
time=2026-01-21T11:29:20.552+03:00 level=INFO msg="Loading navigation template: D:\\Development\\ios\\ui\\html\\navigation.html"
time=2026-01-21T11:29:20.552+03:00 level=INFO msg="Loading template file: D:\\Development\\ios\\ui\\html\\patient_profile.html"
time=2026-01-21T11:29:20.555+03:00 level=INFO msg="DEBUG: Executing template with data type: *handlers.TemplateData"
time=2026-01-21T11:29:20.555+03:00 level=INFO msg="DEBUG: TemplateData.Optionz initialized: true, keys: 13"
time=2026-01-21T11:29:20.555+03:00 level=INFO msg="DEBUG: Optionz[preg] has 4 items"
time=2026-01-21T11:29:20.555+03:00 level=INFO msg="DEBUG: Optionz[ward] has 4 items"
time=2026-01-21T11:29:20.555+03:00 level=INFO msg="DEBUG: Optionz[sex] has 3 items"
time=2026-01-21T11:29:20.555+03:00 level=INFO msg="DEBUG: Optionz[sex2] has 3 items"
time=2026-01-21T11:29:20.555+03:00 level=INFO msg="DEBUG: Optionz[yn_extra] has 4 items"
time=2026-01-21T11:29:20.555+03:00 level=INFO msg="DEBUG: Optionz[marital] has 7 items"
time=2026-01-21T11:29:20.555+03:00 level=INFO msg="DEBUG: Optionz[nationality] has 4 items"
time=2026-01-21T11:29:20.555+03:00 level=INFO msg="DEBUG: Optionz[mental] has 5 items"
time=2026-01-21T11:29:20.555+03:00 level=INFO msg="DEBUG: Optionz[result1] has 4 items"
time=2026-01-21T11:29:20.555+03:00 level=INFO msg="DEBUG: Optionz[result2] has 4 items"
time=2026-01-21T11:29:20.555+03:00 level=INFO msg="DEBUG: Optionz[occup] has 3 items"
time=2026-01-21T11:29:20.555+03:00 level=INFO msg="DEBUG: Optionz[yn] has 3 items"
time=2026-01-21T11:29:20.555+03:00 level=INFO msg="DEBUG: Optionz[ethnicity] has 3 items"
time=2026-01-21T11:29:20.555+03:00 level=INFO msg="DEBUG: TemplateData.UserPermissions initialized: true, keys: 0"
time=2026-01-21T11:29:20.558+03:00 level=INFO msg="Error executing query: pq: relation \"facilities\" does not exist"
time=2026-01-21T11:29:28.448+03:00 level=INFO msg="DEBUG: Incoming request session cookie: 37dcc811-87bd-4cc2-8ce4-40dcbe76f135"
time=2026-01-21T11:29:28.449+03:00 level=INFO msg="DEBUG: Request path: /outbreaks"
time=2026-01-21T11:29:28.449+03:00 level=INFO msg="DEBUG: Session keys: [isAuthenticated selected_outbreak outbreak_id authenticated user user_id userID username]"
time=2026-01-21T11:29:28.449+03:00 level=INFO msg="DEBUG: Session isAuthenticated: true"
time=2026-01-21T11:29:28.449+03:00 level=INFO msg="DEBUG: Session user: 1"
time=2026-01-21T11:29:28.449+03:00 level=INFO msg="DEBUG: Session user_id: 1"
time=2026-01-21T11:29:28.449+03:00 level=INFO msg="DEBUG: Session username: paul.mbaka@gmail.com"
time=2026-01-21T11:29:28.449+03:00 level=INFO msg="DEBUG: AuthRequired checking path: /outbreaks"
time=2026-01-21T11:29:28.449+03:00 level=INFO msg="DEBUG: Path /outbreaks requires authentication"
time=2026-01-21T11:29:28.457+03:00 level=INFO msg="Template data debug" optionz_initialized=true optionz_keys=2 has_case_role_value=true
time=2026-01-21T11:29:28.457+03:00 level=INFO msg="Using template directory: D:\\Development\\ios\\ui\\html"
time=2026-01-21T11:29:28.459+03:00 level=INFO msg="Loading navigation template: D:\\Development\\ios\\ui\\html\\navigation.html"
time=2026-01-21T11:29:28.460+03:00 level=INFO msg="Loading template file: D:\\Development\\ios\\ui\\html\\outbreaks.html"
time=2026-01-21T11:29:28.461+03:00 level=INFO msg="DEBUG: Executing template with data type: *handlers.TemplateData"
time=2026-01-21T11:29:28.461+03:00 level=INFO msg="DEBUG: TemplateData.Optionz initialized: true, keys: 2"
time=2026-01-21T11:29:28.461+03:00 level=INFO msg="DEBUG: Optionz[can_manage_outbreak] has 3 items"
time=2026-01-21T11:29:28.461+03:00 level=INFO msg="DEBUG: Optionz[has_case_role] has 1 items"
time=2026-01-21T11:29:28.461+03:00 level=INFO msg="DEBUG: TemplateData.UserPermissions initialized: true, keys: 0"
time=2026-01-21T11:29:28.514+03:00 level=INFO msg="DEBUG: Incoming request session cookie: 37dcc811-87bd-4cc2-8ce4-40dcbe76f135"
time=2026-01-21T11:29:28.514+03:00 level=INFO msg="DEBUG: Request path: /static/app/cdn/css/flatpickr.min.css"
time=2026-01-21T11:29:28.514+03:00 level=INFO msg="DEBUG: Session keys: [isAuthenticated selected_outbreak outbreak_id authenticated user user_id userID username]"
time=2026-01-21T11:29:28.514+03:00 level=INFO msg="DEBUG: Session isAuthenticated: true"
time=2026-01-21T11:29:28.514+03:00 level=INFO msg="DEBUG: Session user: 1"
time=2026-01-21T11:29:28.514+03:00 level=INFO msg="DEBUG: Session user_id: 1"
time=2026-01-21T11:29:28.514+03:00 level=INFO msg="DEBUG: Session username: paul.mbaka@gmail.com"
time=2026-01-21T11:29:28.515+03:00 level=INFO msg="DEBUG: AuthRequired checking path: /static/app/cdn/css/flatpickr.min.css"
time=2026-01-21T11:29:28.515+03:00 level=INFO msg="DEBUG: Path /static/app/cdn/css/flatpickr.min.css requires authentication"
time=2026-01-21T11:29:28.534+03:00 level=INFO msg="DEBUG: Incoming request session cookie: 37dcc811-87bd-4cc2-8ce4-40dcbe76f135"
time=2026-01-21T11:29:28.534+03:00 level=INFO msg="DEBUG: Request path: /static/app/cdn/js/flatpickr.min.js"
time=2026-01-21T11:29:28.534+03:00 level=INFO msg="DEBUG: Session keys: [user_id userID username isAuthenticated selected_outbreak outbreak_id authenticated user]"
time=2026-01-21T11:29:28.534+03:00 level=INFO msg="DEBUG: Session isAuthenticated: true"
time=2026-01-21T11:29:28.534+03:00 level=INFO msg="DEBUG: Session user: 1"
time=2026-01-21T11:29:28.534+03:00 level=INFO msg="DEBUG: Session user_id: 1"
time=2026-01-21T11:29:28.534+03:00 level=INFO msg="DEBUG: Session username: paul.mbaka@gmail.com"
time=2026-01-21T11:29:28.534+03:00 level=INFO msg="DEBUG: AuthRequired checking path: /static/app/cdn/js/flatpickr.min.js"
time=2026-01-21T11:29:28.534+03:00 level=INFO msg="DEBUG: Path /static/app/cdn/js/flatpickr.min.js requires authentication"
time=2026-01-21T11:29:32.905+03:00 level=INFO msg="DEBUG: Incoming request session cookie: 37dcc811-87bd-4cc2-8ce4-40dcbe76f135"
time=2026-01-21T11:29:32.906+03:00 level=INFO msg="DEBUG: Request path: /home"
time=2026-01-21T11:29:32.907+03:00 level=INFO msg="DEBUG: Session keys: [selected_outbreak outbreak_id authenticated user user_id userID username isAuthenticated]"
time=2026-01-21T11:29:32.907+03:00 level=INFO msg="DEBUG: Session isAuthenticated: true"
time=2026-01-21T11:29:32.907+03:00 level=INFO msg="DEBUG: Session user: 1"
time=2026-01-21T11:29:32.907+03:00 level=INFO msg="DEBUG: Session user_id: 1"
time=2026-01-21T11:29:32.908+03:00 level=INFO msg="DEBUG: Session username: paul.mbaka@gmail.com"
time=2026-01-21T11:29:32.910+03:00 level=INFO msg="DEBUG: AuthRequired checking path: /home"
time=2026-01-21T11:29:32.911+03:00 level=INFO msg="DEBUG: Path /home requires authentication"
time=2026-01-21T11:29:32.911+03:00 level=INFO msg="Session debug" user_key_value=1 user_key_type=int
time=2026-01-21T11:29:32.915+03:00 level=INFO msg="SELECT id, name, description, start_date, end_date, status, outbreak_type, outbreak_category, enter_on, enter_by, edit_on, edit_by FROM public.outbreaks WHERE id = $1%!(EXTRA int=6)"
time=2026-01-21T11:29:32.926+03:00 level=INFO msg="Using template directory: D:\\Development\\ios\\ui\\html"
time=2026-01-21T11:29:32.928+03:00 level=INFO msg="Loading navigation template: D:\\Development\\ios\\ui\\html\\navigation.html"
time=2026-01-21T11:29:32.930+03:00 level=INFO msg="Loading template file: D:\\Development\\ios\\ui\\html\\home.html"
time=2026-01-21T11:29:32.931+03:00 level=INFO msg="DEBUG: Executing template with data type: *handlers.TemplateData"
time=2026-01-21T11:29:32.932+03:00 level=INFO msg="DEBUG: TemplateData.Optionz initialized: true, keys: 11"
time=2026-01-21T11:29:32.932+03:00 level=INFO msg="DEBUG: Optionz[mental] has 5 items"
time=2026-01-21T11:29:32.932+03:00 level=INFO msg="DEBUG: Optionz[preg] has 4 items"
time=2026-01-21T11:29:32.932+03:00 level=INFO msg="DEBUG: Optionz[ward] has 3 items"
time=2026-01-21T11:29:32.932+03:00 level=INFO msg="DEBUG: Optionz[has_case_role] has 1 items"
time=2026-01-21T11:29:32.932+03:00 level=INFO msg="DEBUG: Optionz[yn] has 3 items"
time=2026-01-21T11:29:32.932+03:00 level=INFO msg="DEBUG: Optionz[yn_extra] has 4 items"
time=2026-01-21T11:29:32.932+03:00 level=INFO msg="DEBUG: Optionz[marital] has 7 items"
time=2026-01-21T11:29:32.932+03:00 level=INFO msg="DEBUG: Optionz[nationality] has 4 items"
time=2026-01-21T11:29:32.932+03:00 level=INFO msg="DEBUG: Optionz[result1] has 4 items"
time=2026-01-21T11:29:32.932+03:00 level=INFO msg="DEBUG: Optionz[result2] has 4 items"
time=2026-01-21T11:29:32.932+03:00 level=INFO msg="DEBUG: Optionz[sex] has 3 items"
time=2026-01-21T11:29:32.932+03:00 level=INFO msg="DEBUG: TemplateData.UserPermissions initialized: true, keys: 47"
time=2026-01-21T11:29:32.932+03:00 level=INFO msg="DEBUG: UserPermissions[password] has actions: [approve change_own reset_others]"
time=2026-01-21T11:29:32.932+03:00 level=INFO msg="DEBUG: UserPermissions[polio_cif_reports] has actions: [read]"
time=2026-01-21T11:29:32.932+03:00 level=INFO msg="DEBUG: UserPermissions[vhf_cif_reports] has actions: [read]"
time=2026-01-21T11:29:32.932+03:00 level=INFO msg="DEBUG: UserPermissions[vhf_lab] has actions: [create read update]"
time=2026-01-21T11:29:32.932+03:00 level=INFO msg="DEBUG: UserPermissions[alerts] has actions: [create delete read update]"
time=2026-01-21T11:29:32.932+03:00 level=INFO msg="DEBUG: UserPermissions[case_encounters] has actions: [create read update]"
time=2026-01-21T11:29:32.932+03:00 level=INFO msg="DEBUG: UserPermissions[contacts] has actions: [create read update]"
time=2026-01-21T11:29:32.932+03:00 level=INFO msg="DEBUG: UserPermissions[district_vhf_cif_data] has actions: [export]"
time=2026-01-21T11:29:32.932+03:00 level=INFO msg="DEBUG: UserPermissions[geographic_data] has actions: [export]"
time=2026-01-21T11:29:32.932+03:00 level=INFO msg="DEBUG: UserPermissions[patient_care] has actions: [create delete read update]"
time=2026-01-21T11:29:32.932+03:00 level=INFO msg="DEBUG: UserPermissions[patients] has actions: [read]"
time=2026-01-21T11:29:32.932+03:00 level=INFO msg="DEBUG: UserPermissions[vhf_patients] has actions: [create delete export read update]"
time=2026-01-21T11:29:32.932+03:00 level=INFO msg="DEBUG: UserPermissions[admin] has actions: [create delete read update]"
time=2026-01-21T11:29:32.932+03:00 level=INFO msg="DEBUG: UserPermissions[advanced_reports] has actions: [create]"
time=2026-01-21T11:29:32.932+03:00 level=INFO msg="DEBUG: UserPermissions[case_management_data] has actions: [export]"
time=2026-01-21T11:29:32.932+03:00 level=INFO msg="DEBUG: UserPermissions[demographic_data] has actions: [export]"
time=2026-01-21T11:29:32.932+03:00 level=INFO msg="DEBUG: UserPermissions[geographic_reports] has actions: [read]"
time=2026-01-21T11:29:32.932+03:00 level=INFO msg="DEBUG: UserPermissions[reports] has actions: [create export manage read]"
time=2026-01-21T11:29:32.932+03:00 level=INFO msg="DEBUG: UserPermissions[treatment] has actions: [read]"
time=2026-01-21T11:29:32.933+03:00 level=INFO msg="DEBUG: UserPermissions[analytics] has actions: [create export read]"
time=2026-01-21T11:29:32.933+03:00 level=INFO msg="DEBUG: UserPermissions[laboratory] has actions: [create delete read update]"
time=2026-01-21T11:29:32.933+03:00 level=INFO msg="DEBUG: UserPermissions[measles_cif_reports] has actions: [read]"
time=2026-01-21T11:29:32.933+03:00 level=INFO msg="DEBUG: UserPermissions[mpox_outbreak] has actions: [read]"
time=2026-01-21T11:29:32.933+03:00 level=INFO msg="DEBUG: UserPermissions[outbreak_assignment] has actions: [create delete read update]"
time=2026-01-21T11:29:32.933+03:00 level=INFO msg="DEBUG: UserPermissions[setting] has actions: [create read]"
time=2026-01-21T11:29:32.933+03:00 level=INFO msg="DEBUG: UserPermissions[facilities] has actions: [create delete read update]"
time=2026-01-21T11:29:32.933+03:00 level=INFO msg="DEBUG: UserPermissions[mpox_cases] has actions: [create read update]"
time=2026-01-21T11:29:32.933+03:00 level=INFO msg="DEBUG: UserPermissions[mpox_followup] has actions: [manage]"
time=2026-01-21T11:29:32.933+03:00 level=INFO msg="DEBUG: UserPermissions[outbreaks] has actions: [close create delete manage_assigned read read_assigned update]"
time=2026-01-21T11:29:32.933+03:00 level=INFO msg="DEBUG: UserPermissions[vhf_cases] has actions: [read]"
time=2026-01-21T11:29:32.933+03:00 level=INFO msg="DEBUG: UserPermissions[advanced_analytics] has actions: [export read]"
time=2026-01-21T11:29:32.933+03:00 level=INFO msg="DEBUG: UserPermissions[cases] has actions: [create delete read update]"
time=2026-01-21T11:29:32.933+03:00 level=INFO msg="DEBUG: UserPermissions[users] has actions: [create delete read update]"
time=2026-01-21T11:29:32.933+03:00 level=INFO msg="DEBUG: UserPermissions[analytics_dashboards] has actions: [manage]"
time=2026-01-21T11:29:32.933+03:00 level=INFO msg="DEBUG: UserPermissions[case_management_reports] has actions: [read]"
time=2026-01-21T11:29:32.933+03:00 level=INFO msg="DEBUG: UserPermissions[cif] has actions: [read]"
time=2026-01-21T11:29:32.933+03:00 level=INFO msg="DEBUG: UserPermissions[demographic_reports] has actions: [read]"
time=2026-01-21T11:29:32.933+03:00 level=INFO msg="DEBUG: UserPermissions[patient_registration] has actions: [create delete read update]"
time=2026-01-21T11:29:32.933+03:00 level=INFO msg="DEBUG: UserPermissions[surveillance] has actions: [create delete read update]"
time=2026-01-21T11:29:32.933+03:00 level=INFO msg="DEBUG: UserPermissions[outbreak_assignments] has actions: [create]"
time=2026-01-21T11:29:32.933+03:00 level=INFO msg="DEBUG: UserPermissions[patient_admission] has actions: [create delete read update]"
time=2026-01-21T11:29:32.933+03:00 level=INFO msg="DEBUG: UserPermissions[patient_discharge] has actions: [create delete read update]"
time=2026-01-21T11:29:32.933+03:00 level=INFO msg="DEBUG: UserPermissions[quaratine] has actions: [read]"
time=2026-01-21T11:29:32.933+03:00 level=INFO msg="DEBUG: UserPermissions[deployment] has actions: [create read]"
time=2026-01-21T11:29:32.933+03:00 level=INFO msg="DEBUG: UserPermissions[district_vhf_cif_reports] has actions: [read]"
time=2026-01-21T11:29:32.933+03:00 level=INFO msg="DEBUG: UserPermissions[employees] has actions: [assign create delete read update]"
time=2026-01-21T11:29:32.933+03:00 level=INFO msg="DEBUG: UserPermissions[mpox_cif_reports] has actions: [read]"
time=2026-01-21T11:29:32.979+03:00 level=INFO msg="DEBUG: Incoming request session cookie: 37dcc811-87bd-4cc2-8ce4-40dcbe76f135"
time=2026-01-21T11:29:32.979+03:00 level=INFO msg="DEBUG: Request path: /static/app/cdn/css/flatpickr.min.css"
time=2026-01-21T11:29:32.979+03:00 level=INFO msg="DEBUG: Session keys: [user user_id userID username isAuthenticated selected_outbreak outbreak_id authenticated]"
time=2026-01-21T11:29:32.979+03:00 level=INFO msg="DEBUG: Session isAuthenticated: true"
time=2026-01-21T11:29:32.979+03:00 level=INFO msg="DEBUG: Session user: 1"
time=2026-01-21T11:29:32.979+03:00 level=INFO msg="DEBUG: Session user_id: 1"
time=2026-01-21T11:29:32.979+03:00 level=INFO msg="DEBUG: Session username: paul.mbaka@gmail.com"
time=2026-01-21T11:29:32.979+03:00 level=INFO msg="DEBUG: AuthRequired checking path: /static/app/cdn/css/flatpickr.min.css"
time=2026-01-21T11:29:32.979+03:00 level=INFO msg="DEBUG: Path /static/app/cdn/css/flatpickr.min.css requires authentication"
time=2026-01-21T11:29:32.996+03:00 level=INFO msg="DEBUG: Incoming request session cookie: 37dcc811-87bd-4cc2-8ce4-40dcbe76f135"
time=2026-01-21T11:29:32.996+03:00 level=INFO msg="DEBUG: Request path: /static/app/cdn/js/flatpickr.min.js"
time=2026-01-21T11:29:32.996+03:00 level=INFO msg="DEBUG: Session keys: [authenticated user user_id userID username isAuthenticated selected_outbreak outbreak_id]"
time=2026-01-21T11:29:32.996+03:00 level=INFO msg="DEBUG: Session isAuthenticated: true"
time=2026-01-21T11:29:32.996+03:00 level=INFO msg="DEBUG: Session user: 1"
time=2026-01-21T11:29:32.996+03:00 level=INFO msg="DEBUG: Session user_id: 1"
time=2026-01-21T11:29:32.996+03:00 level=INFO msg="DEBUG: Session username: paul.mbaka@gmail.com"
time=2026-01-21T11:29:32.996+03:00 level=INFO msg="DEBUG: AuthRequired checking path: /static/app/cdn/js/flatpickr.min.js"
time=2026-01-21T11:29:32.996+03:00 level=INFO msg="DEBUG: Path /static/app/cdn/js/flatpickr.min.js requires authentication"
time=2026-01-21T11:29:42.649+03:00 level=INFO msg="DEBUG: Incoming request session cookie: 37dcc811-87bd-4cc2-8ce4-40dcbe76f135"
time=2026-01-21T11:29:42.649+03:00 level=INFO msg="DEBUG: Request path: /vhf-list"
time=2026-01-21T11:29:42.649+03:00 level=INFO msg="DEBUG: Session keys: [selected_outbreak outbreak_id authenticated user user_id userID username isAuthenticated]"
time=2026-01-21T11:29:42.649+03:00 level=INFO msg="DEBUG: Session isAuthenticated: true"
time=2026-01-21T11:29:42.649+03:00 level=INFO msg="DEBUG: Session user: 1"
time=2026-01-21T11:29:42.649+03:00 level=INFO msg="DEBUG: Session user_id: 1"
time=2026-01-21T11:29:42.649+03:00 level=INFO msg="DEBUG: Session username: paul.mbaka@gmail.com"
time=2026-01-21T11:29:42.649+03:00 level=INFO msg="DEBUG: AuthRequired checking path: /vhf-list"
time=2026-01-21T11:29:42.649+03:00 level=INFO msg="DEBUG: Path /vhf-list requires authentication"
time=2026-01-21T11:29:42.654+03:00 level=INFO msg="Session debug" user_key_value=1 user_key_type=int
time=2026-01-21T11:29:42.659+03:00 level=INFO msg="Admin user - bypassing facility filter for VHF list" user_id=1
time=2026-01-21T11:29:42.714+03:00 level=INFO msg="Using template directory: D:\\Development\\ios\\ui\\html"
time=2026-01-21T11:29:42.716+03:00 level=INFO msg="Loading navigation template: D:\\Development\\ios\\ui\\html\\navigation.html"
time=2026-01-21T11:29:42.716+03:00 level=INFO msg="Loading template file: D:\\Development\\ios\\ui\\html\\vhf_list.html"
time=2026-01-21T11:29:42.718+03:00 level=INFO msg="DEBUG: Executing template with data type: *handlers.TemplateData"
time=2026-01-21T11:29:42.718+03:00 level=INFO msg="DEBUG: TemplateData.Optionz initialized: true, keys: 10"
time=2026-01-21T11:29:42.718+03:00 level=INFO msg="DEBUG: Optionz[ward] has 3 items"
time=2026-01-21T11:29:42.718+03:00 level=INFO msg="DEBUG: Optionz[sex] has 3 items"
time=2026-01-21T11:29:42.718+03:00 level=INFO msg="DEBUG: Optionz[nationality] has 4 items"
time=2026-01-21T11:29:42.718+03:00 level=INFO msg="DEBUG: Optionz[mental] has 5 items"
time=2026-01-21T11:29:42.718+03:00 level=INFO msg="DEBUG: Optionz[preg] has 4 items"
time=2026-01-21T11:29:42.718+03:00 level=INFO msg="DEBUG: Optionz[result1] has 4 items"
time=2026-01-21T11:29:42.718+03:00 level=INFO msg="DEBUG: Optionz[result2] has 4 items"
time=2026-01-21T11:29:42.718+03:00 level=INFO msg="DEBUG: Optionz[yn] has 3 items"
time=2026-01-21T11:29:42.718+03:00 level=INFO msg="DEBUG: Optionz[yn_extra] has 4 items"
time=2026-01-21T11:29:42.718+03:00 level=INFO msg="DEBUG: Optionz[marital] has 7 items"
time=2026-01-21T11:29:42.718+03:00 level=INFO msg="DEBUG: TemplateData.UserPermissions initialized: true, keys: 0"
time=2026-01-21T11:29:42.799+03:00 level=INFO msg="DEBUG: Incoming request session cookie: 37dcc811-87bd-4cc2-8ce4-40dcbe76f135"
time=2026-01-21T11:29:42.799+03:00 level=INFO msg="DEBUG: Request path: /static/app/cdn/css/flatpickr.min.css"
time=2026-01-21T11:29:42.799+03:00 level=INFO msg="DEBUG: Session keys: [outbreak_id authenticated user user_id userID username isAuthenticated selected_outbreak]"
time=2026-01-21T11:29:42.799+03:00 level=INFO msg="DEBUG: Session isAuthenticated: true"
time=2026-01-21T11:29:42.799+03:00 level=INFO msg="DEBUG: Session user: 1"
time=2026-01-21T11:29:42.799+03:00 level=INFO msg="DEBUG: Session user_id: 1"
time=2026-01-21T11:29:42.799+03:00 level=INFO msg="DEBUG: Session username: paul.mbaka@gmail.com"
time=2026-01-21T11:29:42.799+03:00 level=INFO msg="DEBUG: AuthRequired checking path: /static/app/cdn/css/flatpickr.min.css"
time=2026-01-21T11:29:42.799+03:00 level=INFO msg="DEBUG: Path /static/app/cdn/css/flatpickr.min.css requires authentication"
time=2026-01-21T11:29:42.823+03:00 level=INFO msg="DEBUG: Incoming request session cookie: 37dcc811-87bd-4cc2-8ce4-40dcbe76f135"
time=2026-01-21T11:29:42.823+03:00 level=INFO msg="DEBUG: Request path: /static/app/cdn/js/flatpickr.min.js"
time=2026-01-21T11:29:42.823+03:00 level=INFO msg="DEBUG: Session keys: [authenticated user user_id userID username isAuthenticated selected_outbreak outbreak_id]"
time=2026-01-21T11:29:42.823+03:00 level=INFO msg="DEBUG: Session isAuthenticated: true"
time=2026-01-21T11:29:42.823+03:00 level=INFO msg="DEBUG: Session user: 1"
time=2026-01-21T11:29:42.823+03:00 level=INFO msg="DEBUG: Session user_id: 1"
time=2026-01-21T11:29:42.823+03:00 level=INFO msg="DEBUG: Session username: paul.mbaka@gmail.com"
time=2026-01-21T11:29:42.823+03:00 level=INFO msg="DEBUG: AuthRequired checking path: /static/app/cdn/js/flatpickr.min.js"
time=2026-01-21T11:29:42.823+03:00 level=INFO msg="DEBUG: Path /static/app/cdn/js/flatpickr.min.js requires authentication"
time=2026-01-21T11:29:45.924+03:00 level=INFO msg="DEBUG: Incoming request session cookie: 37dcc811-87bd-4cc2-8ce4-40dcbe76f135"
time=2026-01-21T11:29:45.924+03:00 level=INFO msg="DEBUG: Request path: /logout"
time=2026-01-21T11:29:45.924+03:00 level=INFO msg="DEBUG: Session keys: [selected_outbreak outbreak_id authenticated user user_id userID username isAuthenticated]"
time=2026-01-21T11:29:45.924+03:00 level=INFO msg="DEBUG: Session isAuthenticated: true"
time=2026-01-21T11:29:45.924+03:00 level=INFO msg="DEBUG: Session user: 1"
time=2026-01-21T11:29:45.924+03:00 level=INFO msg="DEBUG: Session user_id: 1"
time=2026-01-21T11:29:45.924+03:00 level=INFO msg="DEBUG: Session username: paul.mbaka@gmail.com"
time=2026-01-21T11:29:45.943+03:00 level=INFO msg="DEBUG: Incoming request session cookie: "
time=2026-01-21T11:29:45.943+03:00 level=INFO msg="DEBUG: Request path: /login"
time=2026-01-21T11:29:45.943+03:00 level=INFO msg="DEBUG: Session keys: []"
time=2026-01-21T11:29:45.943+03:00 level=INFO msg="DEBUG: Session isAuthenticated: <nil>"
time=2026-01-21T11:29:45.943+03:00 level=INFO msg="DEBUG: Session user: <nil>"
time=2026-01-21T11:29:45.943+03:00 level=INFO msg="DEBUG: Session user_id: <nil>"
time=2026-01-21T11:29:45.943+03:00 level=INFO msg="DEBUG: Session username: <nil>"
time=2026-01-21T11:29:45.943+03:00 level=INFO msg="No active session"
time=2026-01-21T11:29:45.943+03:00 level=INFO msg="No active session"
time=2026-01-21T11:29:45.943+03:00 level=INFO msg="Using template directory: D:\\Development\\ios\\ui\\html"
time=2026-01-21T11:29:45.944+03:00 level=INFO msg="Loading navigation template: D:\\Development\\ios\\ui\\html\\navigation.html"
time=2026-01-21T11:29:45.945+03:00 level=INFO msg="Loading template file: D:\\Development\\ios\\ui\\html\\login.html"
time=2026-01-21T11:29:45.945+03:00 level=INFO msg="DEBUG: Executing template with data type: *handlers.TemplateData"
time=2026-01-21T11:29:45.945+03:00 level=INFO msg="DEBUG: TemplateData.Optionz initialized: true, keys: 10"
time=2026-01-21T11:29:45.945+03:00 level=INFO msg="DEBUG: Optionz[yn] has 3 items"
time=2026-01-21T11:29:45.945+03:00 level=INFO msg="DEBUG: Optionz[sex] has 3 items"
time=2026-01-21T11:29:45.945+03:00 level=INFO msg="DEBUG: Optionz[nationality] has 4 items"
time=2026-01-21T11:29:45.945+03:00 level=INFO msg="DEBUG: Optionz[preg] has 4 items"
time=2026-01-21T11:29:45.945+03:00 level=INFO msg="DEBUG: Optionz[result1] has 4 items"
time=2026-01-21T11:29:45.945+03:00 level=INFO msg="DEBUG: Optionz[yn_extra] has 4 items"
time=2026-01-21T11:29:45.945+03:00 level=INFO msg="DEBUG: Optionz[marital] has 7 items"
time=2026-01-21T11:29:45.945+03:00 level=INFO msg="DEBUG: Optionz[mental] has 5 items"
time=2026-01-21T11:29:45.945+03:00 level=INFO msg="DEBUG: Optionz[ward] has 3 items"
time=2026-01-21T11:29:45.945+03:00 level=INFO msg="DEBUG: Optionz[result2] has 4 items"
time=2026-01-21T11:29:45.945+03:00 level=INFO msg="DEBUG: TemplateData.UserPermissions initialized: true, keys: 0"
time=2026-01-23T10:00:33.532+03:00 level=INFO msg="DEBUG: Incoming request session cookie: "
time=2026-01-23T10:00:33.537+03:00 level=INFO msg="DEBUG: Request path: /"
time=2026-01-23T10:00:33.551+03:00 level=INFO msg="DEBUG: Session keys: []"
time=2026-01-23T10:00:33.552+03:00 level=INFO msg="DEBUG: Session isAuthenticated: <nil>"
time=2026-01-23T10:00:33.552+03:00 level=INFO msg="DEBUG: Session user: <nil>"
time=2026-01-23T10:00:33.552+03:00 level=INFO msg="DEBUG: Session user_id: <nil>"
time=2026-01-23T10:00:33.552+03:00 level=INFO msg="DEBUG: Session username: <nil>"
time=2026-01-23T10:00:33.568+03:00 level=INFO msg="No active session"
time=2026-01-23T10:00:33.581+03:00 level=INFO msg="No active session"
time=2026-01-23T10:00:33.585+03:00 level=INFO msg="Using template directory: D:\\Development\\ios\\ui\\html"
time=2026-01-23T10:00:33.614+03:00 level=INFO msg="Loading navigation template: D:\\Development\\ios\\ui\\html\\navigation.html"
time=2026-01-23T10:00:33.623+03:00 level=INFO msg="Loading template file: D:\\Development\\ios\\ui\\html\\landing.html"
time=2026-01-23T10:00:33.629+03:00 level=INFO msg="DEBUG: Executing template with data type: *handlers.TemplateData"
time=2026-01-23T10:00:33.629+03:00 level=INFO msg="DEBUG: TemplateData.Optionz initialized: true, keys: 10"
time=2026-01-23T10:00:33.629+03:00 level=INFO msg="DEBUG: Optionz[result2] has 4 items"
time=2026-01-23T10:00:33.629+03:00 level=INFO msg="DEBUG: Optionz[yn] has 3 items"
time=2026-01-23T10:00:33.629+03:00 level=INFO msg="DEBUG: Optionz[sex] has 3 items"
time=2026-01-23T10:00:33.630+03:00 level=INFO msg="DEBUG: Optionz[nationality] has 4 items"
time=2026-01-23T10:00:33.630+03:00 level=INFO msg="DEBUG: Optionz[mental] has 5 items"
time=2026-01-23T10:00:33.630+03:00 level=INFO msg="DEBUG: Optionz[preg] has 4 items"
time=2026-01-23T10:00:33.630+03:00 level=INFO msg="DEBUG: Optionz[result1] has 4 items"
time=2026-01-23T10:00:33.630+03:00 level=INFO msg="DEBUG: Optionz[yn_extra] has 4 items"
time=2026-01-23T10:00:33.630+03:00 level=INFO msg="DEBUG: Optionz[marital] has 7 items"
time=2026-01-23T10:00:33.630+03:00 level=INFO msg="DEBUG: Optionz[ward] has 3 items"
time=2026-01-23T10:00:33.630+03:00 level=INFO msg="DEBUG: TemplateData.UserPermissions initialized: true, keys: 0"
time=2026-01-23T10:00:33.668+03:00 level=INFO msg="DEBUG: Incoming request session cookie: "
time=2026-01-23T10:00:33.669+03:00 level=INFO msg="DEBUG: Request path: /static/css/bootstrap.min.css"
time=2026-01-23T10:00:33.669+03:00 level=INFO msg="DEBUG: Session keys: []"
time=2026-01-23T10:00:33.669+03:00 level=INFO msg="DEBUG: Session isAuthenticated: <nil>"
time=2026-01-23T10:00:33.669+03:00 level=INFO msg="DEBUG: Session user: <nil>"
time=2026-01-23T10:00:33.670+03:00 level=INFO msg="DEBUG: Session user_id: <nil>"
time=2026-01-23T10:00:33.670+03:00 level=INFO msg="DEBUG: Session username: <nil>"
time=2026-01-23T10:00:33.674+03:00 level=INFO msg="DEBUG: AuthRequired checking path: /static/css/bootstrap.min.css"
time=2026-01-23T10:00:33.676+03:00 level=INFO msg="DEBUG: Path /static/css/bootstrap.min.css requires authentication"
time=2026-01-23T10:00:33.682+03:00 level=INFO msg="DEBUG: Incoming request session cookie: "
time=2026-01-23T10:00:33.683+03:00 level=INFO msg="DEBUG: Request path: /static/js/bootstrap-fallback.js"
time=2026-01-23T10:00:33.683+03:00 level=INFO msg="DEBUG: Session keys: []"
time=2026-01-23T10:00:33.683+03:00 level=INFO msg="DEBUG: Session isAuthenticated: <nil>"
time=2026-01-23T10:00:33.683+03:00 level=INFO msg="DEBUG: Session user: <nil>"
time=2026-01-23T10:00:33.683+03:00 level=INFO msg="DEBUG: Session user_id: <nil>"
time=2026-01-23T10:00:33.683+03:00 level=INFO msg="DEBUG: Session username: <nil>"
time=2026-01-23T10:00:33.683+03:00 level=INFO msg="DEBUG: AuthRequired checking path: /static/js/bootstrap-fallback.js"
time=2026-01-23T10:00:33.683+03:00 level=INFO msg="DEBUG: Path /static/js/bootstrap-fallback.js requires authentication"
time=2026-01-23T10:00:33.714+03:00 level=INFO msg="DEBUG: Incoming request session cookie: "
time=2026-01-23T10:00:33.714+03:00 level=INFO msg="DEBUG: Request path: /login"
time=2026-01-23T10:00:33.714+03:00 level=INFO msg="DEBUG: Session keys: []"
time=2026-01-23T10:00:33.714+03:00 level=INFO msg="DEBUG: Session isAuthenticated: <nil>"
time=2026-01-23T10:00:33.714+03:00 level=INFO msg="DEBUG: Session user: <nil>"
time=2026-01-23T10:00:33.714+03:00 level=INFO msg="DEBUG: Session user_id: <nil>"
time=2026-01-23T10:00:33.714+03:00 level=INFO msg="DEBUG: Session username: <nil>"
time=2026-01-23T10:00:33.714+03:00 level=INFO msg="No active session"
time=2026-01-23T10:00:33.714+03:00 level=INFO msg="No active session"
time=2026-01-23T10:00:33.714+03:00 level=INFO msg="Using template directory: D:\\Development\\ios\\ui\\html"
time=2026-01-23T10:00:33.717+03:00 level=INFO msg="Loading navigation template: D:\\Development\\ios\\ui\\html\\navigation.html"
time=2026-01-23T10:00:33.718+03:00 level=INFO msg="Loading template file: D:\\Development\\ios\\ui\\html\\login.html"
time=2026-01-23T10:00:33.719+03:00 level=INFO msg="DEBUG: Executing template with data type: *handlers.TemplateData"
time=2026-01-23T10:00:33.719+03:00 level=INFO msg="DEBUG: TemplateData.Optionz initialized: true, keys: 10"
time=2026-01-23T10:00:33.719+03:00 level=INFO msg="DEBUG: Optionz[sex] has 3 items"
time=2026-01-23T10:00:33.719+03:00 level=INFO msg="DEBUG: Optionz[marital] has 7 items"
time=2026-01-23T10:00:33.719+03:00 level=INFO msg="DEBUG: Optionz[nationality] has 4 items"
time=2026-01-23T10:00:33.719+03:00 level=INFO msg="DEBUG: Optionz[mental] has 5 items"
time=2026-01-23T10:00:33.719+03:00 level=INFO msg="DEBUG: Optionz[preg] has 4 items"
time=2026-01-23T10:00:33.719+03:00 level=INFO msg="DEBUG: Optionz[ward] has 3 items"
time=2026-01-23T10:00:33.719+03:00 level=INFO msg="DEBUG: Optionz[result1] has 4 items"
time=2026-01-23T10:00:33.719+03:00 level=INFO msg="DEBUG: Optionz[yn_extra] has 4 items"
time=2026-01-23T10:00:33.719+03:00 level=INFO msg="DEBUG: Optionz[result2] has 4 items"
time=2026-01-23T10:00:33.719+03:00 level=INFO msg="DEBUG: Optionz[yn] has 3 items"
time=2026-01-23T10:00:33.719+03:00 level=INFO msg="DEBUG: TemplateData.UserPermissions initialized: true, keys: 0"
time=2026-01-23T10:00:33.723+03:00 level=INFO msg="DEBUG: Incoming request session cookie: "
time=2026-01-23T10:00:33.723+03:00 level=INFO msg="DEBUG: Request path: /login"
time=2026-01-23T10:00:33.723+03:00 level=INFO msg="DEBUG: Session keys: []"
time=2026-01-23T10:00:33.723+03:00 level=INFO msg="DEBUG: Session isAuthenticated: <nil>"
time=2026-01-23T10:00:33.723+03:00 level=INFO msg="DEBUG: Session user: <nil>"
time=2026-01-23T10:00:33.723+03:00 level=INFO msg="DEBUG: Session user_id: <nil>"
time=2026-01-23T10:00:33.723+03:00 level=INFO msg="DEBUG: Session username: <nil>"
time=2026-01-23T10:00:33.723+03:00 level=INFO msg="No active session"
time=2026-01-23T10:00:33.723+03:00 level=INFO msg="No active session"
time=2026-01-23T10:00:33.723+03:00 level=INFO msg="Using template directory: D:\\Development\\ios\\ui\\html"
time=2026-01-23T10:00:33.724+03:00 level=INFO msg="Loading navigation template: D:\\Development\\ios\\ui\\html\\navigation.html"
time=2026-01-23T10:00:33.725+03:00 level=INFO msg="Loading template file: D:\\Development\\ios\\ui\\html\\login.html"
time=2026-01-23T10:00:33.725+03:00 level=INFO msg="DEBUG: Executing template with data type: *handlers.TemplateData"
time=2026-01-23T10:00:33.725+03:00 level=INFO msg="DEBUG: TemplateData.Optionz initialized: true, keys: 10"
time=2026-01-23T10:00:33.725+03:00 level=INFO msg="DEBUG: Optionz[yn] has 3 items"
time=2026-01-23T10:00:33.725+03:00 level=INFO msg="DEBUG: Optionz[yn_extra] has 4 items"
time=2026-01-23T10:00:33.725+03:00 level=INFO msg="DEBUG: Optionz[sex] has 3 items"
time=2026-01-23T10:00:33.725+03:00 level=INFO msg="DEBUG: Optionz[mental] has 5 items"
time=2026-01-23T10:00:33.725+03:00 level=INFO msg="DEBUG: Optionz[preg] has 4 items"
time=2026-01-23T10:00:33.725+03:00 level=INFO msg="DEBUG: Optionz[ward] has 3 items"
time=2026-01-23T10:00:33.725+03:00 level=INFO msg="DEBUG: Optionz[result1] has 4 items"
time=2026-01-23T10:00:33.725+03:00 level=INFO msg="DEBUG: Optionz[marital] has 7 items"
time=2026-01-23T10:00:33.725+03:00 level=INFO msg="DEBUG: Optionz[nationality] has 4 items"
time=2026-01-23T10:00:33.725+03:00 level=INFO msg="DEBUG: Optionz[result2] has 4 items"
time=2026-01-23T10:00:33.725+03:00 level=INFO msg="DEBUG: TemplateData.UserPermissions initialized: true, keys: 0"
time=2026-01-23T10:01:29.898+03:00 level=INFO msg="DEBUG: Incoming request session cookie: "
time=2026-01-23T10:01:29.898+03:00 level=INFO msg="DEBUG: Request path: /"
time=2026-01-23T10:01:29.898+03:00 level=INFO msg="DEBUG: Session keys: []"
time=2026-01-23T10:01:29.898+03:00 level=INFO msg="DEBUG: Session isAuthenticated: <nil>"
time=2026-01-23T10:01:29.898+03:00 level=INFO msg="DEBUG: Session user: <nil>"
time=2026-01-23T10:01:29.898+03:00 level=INFO msg="DEBUG: Session user_id: <nil>"
time=2026-01-23T10:01:29.898+03:00 level=INFO msg="DEBUG: Session username: <nil>"
time=2026-01-23T10:01:29.901+03:00 level=INFO msg="No active session"
time=2026-01-23T10:01:29.904+03:00 level=INFO msg="No active session"
time=2026-01-23T10:01:29.905+03:00 level=INFO msg="Using template directory: D:\\Development\\ios\\ui\\html"
time=2026-01-23T10:01:29.914+03:00 level=INFO msg="Loading navigation template: D:\\Development\\ios\\ui\\html\\navigation.html"
time=2026-01-23T10:01:29.915+03:00 level=INFO msg="Loading template file: D:\\Development\\ios\\ui\\html\\landing.html"
time=2026-01-23T10:01:29.917+03:00 level=INFO msg="DEBUG: Executing template with data type: *handlers.TemplateData"
time=2026-01-23T10:01:29.918+03:00 level=INFO msg="DEBUG: TemplateData.Optionz initialized: true, keys: 10"
time=2026-01-23T10:01:29.918+03:00 level=INFO msg="DEBUG: Optionz[nationality] has 4 items"
time=2026-01-23T10:01:29.918+03:00 level=INFO msg="DEBUG: Optionz[result1] has 4 items"
time=2026-01-23T10:01:29.918+03:00 level=INFO msg="DEBUG: Optionz[result2] has 4 items"
time=2026-01-23T10:01:29.918+03:00 level=INFO msg="DEBUG: Optionz[yn] has 3 items"
time=2026-01-23T10:01:29.918+03:00 level=INFO msg="DEBUG: Optionz[yn_extra] has 4 items"
time=2026-01-23T10:01:29.918+03:00 level=INFO msg="DEBUG: Optionz[sex] has 3 items"
time=2026-01-23T10:01:29.918+03:00 level=INFO msg="DEBUG: Optionz[marital] has 7 items"
time=2026-01-23T10:01:29.918+03:00 level=INFO msg="DEBUG: Optionz[mental] has 5 items"
time=2026-01-23T10:01:29.918+03:00 level=INFO msg="DEBUG: Optionz[preg] has 4 items"
time=2026-01-23T10:01:29.918+03:00 level=INFO msg="DEBUG: Optionz[ward] has 3 items"
time=2026-01-23T10:01:29.918+03:00 level=INFO msg="DEBUG: TemplateData.UserPermissions initialized: true, keys: 0"
time=2026-01-23T10:01:29.980+03:00 level=INFO msg="DEBUG: Incoming request session cookie: "
time=2026-01-23T10:01:29.980+03:00 level=INFO msg="DEBUG: Request path: /static/css/bootstrap.min.css"
time=2026-01-23T10:01:29.980+03:00 level=INFO msg="DEBUG: Session keys: []"
time=2026-01-23T10:01:29.980+03:00 level=INFO msg="DEBUG: Session isAuthenticated: <nil>"
time=2026-01-23T10:01:29.980+03:00 level=INFO msg="DEBUG: Session user: <nil>"
time=2026-01-23T10:01:29.980+03:00 level=INFO msg="DEBUG: Session user_id: <nil>"
time=2026-01-23T10:01:29.980+03:00 level=INFO msg="DEBUG: Session username: <nil>"
time=2026-01-23T10:01:29.980+03:00 level=INFO msg="DEBUG: AuthRequired checking path: /static/css/bootstrap.min.css"
time=2026-01-23T10:01:29.980+03:00 level=INFO msg="DEBUG: Path /static/css/bootstrap.min.css requires authentication"
time=2026-01-23T10:01:29.984+03:00 level=INFO msg="DEBUG: Incoming request session cookie: "
time=2026-01-23T10:01:29.984+03:00 level=INFO msg="DEBUG: Request path: /static/js/bootstrap-fallback.js"
time=2026-01-23T10:01:29.985+03:00 level=INFO msg="DEBUG: Session keys: []"
time=2026-01-23T10:01:29.985+03:00 level=INFO msg="DEBUG: Session isAuthenticated: <nil>"
time=2026-01-23T10:01:29.985+03:00 level=INFO msg="DEBUG: Session user: <nil>"
time=2026-01-23T10:01:29.985+03:00 level=INFO msg="DEBUG: Session user_id: <nil>"
time=2026-01-23T10:01:29.985+03:00 level=INFO msg="DEBUG: Session username: <nil>"
time=2026-01-23T10:01:29.985+03:00 level=INFO msg="DEBUG: AuthRequired checking path: /static/js/bootstrap-fallback.js"
time=2026-01-23T10:01:29.985+03:00 level=INFO msg="DEBUG: Path /static/js/bootstrap-fallback.js requires authentication"
time=2026-01-23T10:01:29.991+03:00 level=INFO msg="DEBUG: Incoming request session cookie: "
time=2026-01-23T10:01:29.992+03:00 level=INFO msg="DEBUG: Request path: /login"
time=2026-01-23T10:01:29.992+03:00 level=INFO msg="DEBUG: Session keys: []"
time=2026-01-23T10:01:29.992+03:00 level=INFO msg="DEBUG: Session isAuthenticated: <nil>"
time=2026-01-23T10:01:29.992+03:00 level=INFO msg="DEBUG: Session user: <nil>"
time=2026-01-23T10:01:29.992+03:00 level=INFO msg="DEBUG: Session user_id: <nil>"
time=2026-01-23T10:01:29.992+03:00 level=INFO msg="DEBUG: Session username: <nil>"
time=2026-01-23T10:01:29.992+03:00 level=INFO msg="No active session"
time=2026-01-23T10:01:29.992+03:00 level=INFO msg="No active session"
time=2026-01-23T10:01:29.993+03:00 level=INFO msg="Using template directory: D:\\Development\\ios\\ui\\html"
time=2026-01-23T10:01:29.994+03:00 level=INFO msg="Loading navigation template: D:\\Development\\ios\\ui\\html\\navigation.html"
time=2026-01-23T10:01:29.996+03:00 level=INFO msg="Loading template file: D:\\Development\\ios\\ui\\html\\login.html"
time=2026-01-23T10:01:29.997+03:00 level=INFO msg="DEBUG: Executing template with data type: *handlers.TemplateData"
time=2026-01-23T10:01:29.997+03:00 level=INFO msg="DEBUG: TemplateData.Optionz initialized: true, keys: 10"
time=2026-01-23T10:01:29.997+03:00 level=INFO msg="DEBUG: Optionz[nationality] has 4 items"
time=2026-01-23T10:01:29.997+03:00 level=INFO msg="DEBUG: Optionz[mental] has 5 items"
time=2026-01-23T10:01:29.997+03:00 level=INFO msg="DEBUG: Optionz[preg] has 4 items"
time=2026-01-23T10:01:29.997+03:00 level=INFO msg="DEBUG: Optionz[ward] has 3 items"
time=2026-01-23T10:01:29.997+03:00 level=INFO msg="DEBUG: Optionz[yn] has 3 items"
time=2026-01-23T10:01:29.997+03:00 level=INFO msg="DEBUG: Optionz[result1] has 4 items"
time=2026-01-23T10:01:29.997+03:00 level=INFO msg="DEBUG: Optionz[result2] has 4 items"
time=2026-01-23T10:01:29.997+03:00 level=INFO msg="DEBUG: Optionz[yn_extra] has 4 items"
time=2026-01-23T10:01:29.997+03:00 level=INFO msg="DEBUG: Optionz[sex] has 3 items"
time=2026-01-23T10:01:29.997+03:00 level=INFO msg="DEBUG: Optionz[marital] has 7 items"
time=2026-01-23T10:01:29.997+03:00 level=INFO msg="DEBUG: TemplateData.UserPermissions initialized: true, keys: 0"
time=2026-01-23T10:01:30.000+03:00 level=INFO msg="DEBUG: Incoming request session cookie: "
time=2026-01-23T10:01:30.000+03:00 level=INFO msg="DEBUG: Request path: /login"
time=2026-01-23T10:01:30.001+03:00 level=INFO msg="DEBUG: Session keys: []"
time=2026-01-23T10:01:30.001+03:00 level=INFO msg="DEBUG: Session isAuthenticated: <nil>"
time=2026-01-23T10:01:30.001+03:00 level=INFO msg="DEBUG: Session user: <nil>"
time=2026-01-23T10:01:30.001+03:00 level=INFO msg="DEBUG: Session user_id: <nil>"
time=2026-01-23T10:01:30.001+03:00 level=INFO msg="DEBUG: Session username: <nil>"
time=2026-01-23T10:01:30.001+03:00 level=INFO msg="No active session"
time=2026-01-23T10:01:30.001+03:00 level=INFO msg="No active session"
time=2026-01-23T10:01:30.001+03:00 level=INFO msg="Using template directory: D:\\Development\\ios\\ui\\html"
time=2026-01-23T10:01:30.003+03:00 level=INFO msg="Loading navigation template: D:\\Development\\ios\\ui\\html\\navigation.html"
time=2026-01-23T10:01:30.003+03:00 level=INFO msg="Loading template file: D:\\Development\\ios\\ui\\html\\login.html"
time=2026-01-23T10:01:30.004+03:00 level=INFO msg="DEBUG: Executing template with data type: *handlers.TemplateData"
time=2026-01-23T10:01:30.004+03:00 level=INFO msg="DEBUG: TemplateData.Optionz initialized: true, keys: 10"
time=2026-01-23T10:01:30.004+03:00 level=INFO msg="DEBUG: Optionz[marital] has 7 items"
time=2026-01-23T10:01:30.004+03:00 level=INFO msg="DEBUG: Optionz[mental] has 5 items"
time=2026-01-23T10:01:30.004+03:00 level=INFO msg="DEBUG: Optionz[ward] has 3 items"
time=2026-01-23T10:01:30.004+03:00 level=INFO msg="DEBUG: Optionz[yn] has 3 items"
time=2026-01-23T10:01:30.004+03:00 level=INFO msg="DEBUG: Optionz[nationality] has 4 items"
time=2026-01-23T10:01:30.004+03:00 level=INFO msg="DEBUG: Optionz[preg] has 4 items"
time=2026-01-23T10:01:30.004+03:00 level=INFO msg="DEBUG: Optionz[result1] has 4 items"
time=2026-01-23T10:01:30.004+03:00 level=INFO msg="DEBUG: Optionz[result2] has 4 items"
time=2026-01-23T10:01:30.004+03:00 level=INFO msg="DEBUG: Optionz[yn_extra] has 4 items"
time=2026-01-23T10:01:30.004+03:00 level=INFO msg="DEBUG: Optionz[sex] has 3 items"
time=2026-01-23T10:01:30.004+03:00 level=INFO msg="DEBUG: TemplateData.UserPermissions initialized: true, keys: 0"
time=2026-01-23T10:01:30.710+03:00 level=INFO msg="DEBUG: Incoming request session cookie: "
time=2026-01-23T10:01:30.710+03:00 level=INFO msg="DEBUG: Request path: /favicon.ico"
time=2026-01-23T10:01:30.710+03:00 level=INFO msg="DEBUG: Session keys: []"
time=2026-01-23T10:01:30.710+03:00 level=INFO msg="DEBUG: Session isAuthenticated: <nil>"
time=2026-01-23T10:01:30.710+03:00 level=INFO msg="DEBUG: Session user: <nil>"
time=2026-01-23T10:01:30.710+03:00 level=INFO msg="DEBUG: Session user_id: <nil>"
time=2026-01-23T10:01:30.710+03:00 level=INFO msg="DEBUG: Session username: <nil>"
time=2026-01-23T10:01:30.711+03:00 level=INFO msg="DEBUG: AuthRequired checking path: /favicon.ico"
time=2026-01-23T10:01:30.711+03:00 level=INFO msg="DEBUG: Path /favicon.ico requires authentication"
time=2026-01-23T10:01:30.715+03:00 level=INFO msg="DEBUG: Incoming request session cookie: "
time=2026-01-23T10:01:30.715+03:00 level=INFO msg="DEBUG: Request path: /login"
time=2026-01-23T10:01:30.715+03:00 level=INFO msg="DEBUG: Session keys: []"
time=2026-01-23T10:01:30.715+03:00 level=INFO msg="DEBUG: Session isAuthenticated: <nil>"
time=2026-01-23T10:01:30.715+03:00 level=INFO msg="DEBUG: Session user: <nil>"
time=2026-01-23T10:01:30.715+03:00 level=INFO msg="DEBUG: Session user_id: <nil>"
time=2026-01-23T10:01:30.715+03:00 level=INFO msg="DEBUG: Session username: <nil>"
time=2026-01-23T10:01:30.715+03:00 level=INFO msg="No active session"
time=2026-01-23T10:01:30.715+03:00 level=INFO msg="No active session"
time=2026-01-23T10:01:30.715+03:00 level=INFO msg="Using template directory: D:\\Development\\ios\\ui\\html"
time=2026-01-23T10:01:30.716+03:00 level=INFO msg="Loading navigation template: D:\\Development\\ios\\ui\\html\\navigation.html"
time=2026-01-23T10:01:30.718+03:00 level=INFO msg="Loading template file: D:\\Development\\ios\\ui\\html\\login.html"
time=2026-01-23T10:01:30.718+03:00 level=INFO msg="DEBUG: Executing template with data type: *handlers.TemplateData"
time=2026-01-23T10:01:30.718+03:00 level=INFO msg="DEBUG: TemplateData.Optionz initialized: true, keys: 10"
time=2026-01-23T10:01:30.718+03:00 level=INFO msg="DEBUG: Optionz[yn_extra] has 4 items"
time=2026-01-23T10:01:30.718+03:00 level=INFO msg="DEBUG: Optionz[marital] has 7 items"
time=2026-01-23T10:01:30.718+03:00 level=INFO msg="DEBUG: Optionz[mental] has 5 items"
time=2026-01-23T10:01:30.718+03:00 level=INFO msg="DEBUG: Optionz[result1] has 4 items"
time=2026-01-23T10:01:30.718+03:00 level=INFO msg="DEBUG: Optionz[result2] has 4 items"
time=2026-01-23T10:01:30.718+03:00 level=INFO msg="DEBUG: Optionz[yn] has 3 items"
time=2026-01-23T10:01:30.718+03:00 level=INFO msg="DEBUG: Optionz[sex] has 3 items"
time=2026-01-23T10:01:30.719+03:00 level=INFO msg="DEBUG: Optionz[nationality] has 4 items"
time=2026-01-23T10:01:30.719+03:00 level=INFO msg="DEBUG: Optionz[preg] has 4 items"
time=2026-01-23T10:01:30.719+03:00 level=INFO msg="DEBUG: Optionz[ward] has 3 items"
time=2026-01-23T10:01:30.719+03:00 level=INFO msg="DEBUG: TemplateData.UserPermissions initialized: true, keys: 0"
